ISO-10303-21;
HEADER;
FILE_DESCRIPTION(('FreeCAD Model'),'2;1');
FILE_NAME('Open CASCADE Shape Model','2026-07-26T20:47:31',(''),(''),
  'Open CASCADE STEP processor 7.8','FreeCAD','Unknown');
FILE_SCHEMA(('AUTOMOTIVE_DESIGN { 1 0 10303 214 1 1 1 1 }'));
ENDSEC;
DATA;
#1 = APPLICATION_PROTOCOL_DEFINITION('international standard',
  'automotive_design',2000,#2);
#2 = APPLICATION_CONTEXT(
  'core data for automotive mechanical design processes');
#3 = SHAPE_DEFINITION_REPRESENTATION(#4,#10);
#4 = PRODUCT_DEFINITION_SHAPE('','',#5);
#5 = PRODUCT_DEFINITION('design','',#6,#9);
#6 = PRODUCT_DEFINITION_FORMATION('','',#7);
#7 = PRODUCT('Base001','Base001','',(#8));
#8 = PRODUCT_CONTEXT('',#2,'mechanical');
#9 = PRODUCT_DEFINITION_CONTEXT('part definition',#2,'design');
#10 = ADVANCED_BREP_SHAPE_REPRESENTATION('',(#11,#15),#2526);
#11 = AXIS2_PLACEMENT_3D('',#12,#13,#14);
#12 = CARTESIAN_POINT('',(0.,0.,0.));
#13 = DIRECTION('',(0.,0.,1.));
#14 = DIRECTION('',(1.,0.,-0.));
#15 = MANIFOLD_SOLID_BREP('',#16);
#16 = CLOSED_SHELL('',(#17,#106,#421,#477,#501,#532,#1021,#1124,#1141,
    #1158,#1192,#1209,#1247,#1264,#1306,#1323,#1340,#1378,#1395,#1422,
    #1439,#1456,#1473,#1490,#1507,#1524,#1541,#1558,#1575,#1592,#1609,
    #1626,#1643,#1660,#1677,#1689,#1706,#1723,#1740,#1757,#1777,#1802,
    #1827,#1858,#1883,#1908,#1932,#1956,#1981,#2006,#2030,#2054,#2079,
    #2104,#2128,#2152,#2177,#2202,#2226,#2250,#2275,#2300,#2324,#2348,
    #2373,#2398,#2415,#2440,#2465,#2479));
#17 = ADVANCED_FACE('',(#18),#101,.T.);
#18 = FACE_BOUND('',#19,.F.);
#19 = EDGE_LOOP('',(#20,#31,#39,#48,#56,#65,#73,#86,#95));
#20 = ORIENTED_EDGE('',*,*,#21,.F.);
#21 = EDGE_CURVE('',#22,#24,#26,.T.);
#22 = VERTEX_POINT('',#23);
#23 = CARTESIAN_POINT('',(-42.4264068712,-15.,10.));
#24 = VERTEX_POINT('',#25);
#25 = CARTESIAN_POINT('',(-39.64986881105,-21.28116310886,10.));
#26 = CIRCLE('',#27,45.);
#27 = AXIS2_PLACEMENT_3D('',#28,#29,#30);
#28 = CARTESIAN_POINT('',(0.,0.,10.));
#29 = DIRECTION('',(0.,0.,1.));
#30 = DIRECTION('',(1.,0.,0.));
#31 = ORIENTED_EDGE('',*,*,#32,.T.);
#32 = EDGE_CURVE('',#22,#33,#35,.T.);
#33 = VERTEX_POINT('',#34);
#34 = CARTESIAN_POINT('',(-42.4264068712,-15.,26.));
#35 = LINE('',#36,#37);
#36 = CARTESIAN_POINT('',(-42.4264068712,-15.,10.));
#37 = VECTOR('',#38,1.);
#38 = DIRECTION('',(0.,0.,1.));
#39 = ORIENTED_EDGE('',*,*,#40,.T.);
#40 = EDGE_CURVE('',#33,#41,#43,.T.);
#41 = VERTEX_POINT('',#42);
#42 = CARTESIAN_POINT('',(-15.,-42.4264068712,26.));
#43 = CIRCLE('',#44,45.);
#44 = AXIS2_PLACEMENT_3D('',#45,#46,#47);
#45 = CARTESIAN_POINT('',(0.,0.,26.));
#46 = DIRECTION('',(0.,0.,1.));
#47 = DIRECTION('',(1.,0.,0.));
#48 = ORIENTED_EDGE('',*,*,#49,.F.);
#49 = EDGE_CURVE('',#50,#41,#52,.T.);
#50 = VERTEX_POINT('',#51);
#51 = CARTESIAN_POINT('',(-15.,-42.4264068712,10.));
#52 = LINE('',#53,#54);
#53 = CARTESIAN_POINT('',(-15.,-42.4264068712,10.));
#54 = VECTOR('',#55,1.);
#55 = DIRECTION('',(0.,0.,1.));
#56 = ORIENTED_EDGE('',*,*,#57,.F.);
#57 = EDGE_CURVE('',#58,#50,#60,.T.);
#58 = VERTEX_POINT('',#59);
#59 = CARTESIAN_POINT('',(-21.28116310886,-39.64986881105,10.));
#60 = CIRCLE('',#61,45.);
#61 = AXIS2_PLACEMENT_3D('',#62,#63,#64);
#62 = CARTESIAN_POINT('',(0.,0.,10.));
#63 = DIRECTION('',(0.,0.,1.));
#64 = DIRECTION('',(1.,0.,0.));
#65 = ORIENTED_EDGE('',*,*,#66,.F.);
#66 = EDGE_CURVE('',#67,#58,#69,.T.);
#67 = VERTEX_POINT('',#68);
#68 = CARTESIAN_POINT('',(-21.28116310886,-39.64986881105,13.));
#69 = LINE('',#70,#71);
#70 = CARTESIAN_POINT('',(-21.28116310886,-39.64986881105,13.));
#71 = VECTOR('',#72,1.);
#72 = DIRECTION('',(-0.,-0.,-1.));
#73 = ORIENTED_EDGE('',*,*,#74,.T.);
#74 = EDGE_CURVE('',#67,#75,#77,.T.);
#75 = VERTEX_POINT('',#76);
#76 = CARTESIAN_POINT('',(-22.21305655545,-39.13540747793,14.));
#77 = B_SPLINE_CURVE_WITH_KNOTS('',7,(#78,#79,#80,#81,#82,#83,#84,#85),
  .UNSPECIFIED.,.F.,.F.,(8,8),(0.,1.),.PIECEWISE_BEZIER_KNOTS.);
#78 = CARTESIAN_POINT('',(-21.28116310886,-39.64986881105,13.));
#79 = CARTESIAN_POINT('',(-21.28116310886,-39.64986881105,13.22850679156
    ));
#80 = CARTESIAN_POINT('',(-21.35817025934,-39.60854137947,
    13.456887574922));
#81 = CARTESIAN_POINT('',(-21.48931643343,-39.53813822853,
    13.644426660404));
#82 = CARTESIAN_POINT('',(-21.6376427052,-39.4572733282,13.801452386425)
  );
#83 = CARTESIAN_POINT('',(-21.81539977202,-39.35957639876,
    13.927931880043));
#84 = CARTESIAN_POINT('',(-22.01434402434,-39.24819569137,14.));
#85 = CARTESIAN_POINT('',(-22.21305655545,-39.13540747793,14.));
#86 = ORIENTED_EDGE('',*,*,#87,.T.);
#87 = EDGE_CURVE('',#75,#88,#90,.T.);
#88 = VERTEX_POINT('',#89);
#89 = CARTESIAN_POINT('',(-39.64986881105,-21.28116310886,14.));
#90 = CIRCLE('',#91,45.);
#91 = AXIS2_PLACEMENT_3D('',#92,#93,#94);
#92 = CARTESIAN_POINT('',(0.,0.,14.));
#93 = DIRECTION('',(-0.,0.,-1.));
#94 = DIRECTION('',(-0.498940637496,-0.866636163713,0.));
#95 = ORIENTED_EDGE('',*,*,#96,.T.);
#96 = EDGE_CURVE('',#88,#24,#97,.T.);
#97 = LINE('',#98,#99);
#98 = CARTESIAN_POINT('',(-39.64986881105,-21.28116310886,13.));
#99 = VECTOR('',#100,1.);
#100 = DIRECTION('',(-0.,-0.,-1.));
#101 = CYLINDRICAL_SURFACE('',#102,45.);
#102 = AXIS2_PLACEMENT_3D('',#103,#104,#105);
#103 = CARTESIAN_POINT('',(0.,0.,10.));
#104 = DIRECTION('',(-0.,-0.,-1.));
#105 = DIRECTION('',(1.,0.,0.));
#106 = ADVANCED_FACE('',(#107,#372,#383,#394,#405),#416,.T.);
#107 = FACE_BOUND('',#108,.T.);
#108 = EDGE_LOOP('',(#109,#110,#118,#127,#135,#144,#152,#161,#169,#178,
    #186,#195,#203,#212,#220,#229,#237,#246,#254,#263,#271,#280,#288,
    #297,#303,#304,#313,#321,#330,#339,#348,#357,#365));
#109 = ORIENTED_EDGE('',*,*,#21,.F.);
#110 = ORIENTED_EDGE('',*,*,#111,.F.);
#111 = EDGE_CURVE('',#112,#22,#114,.T.);
#112 = VERTEX_POINT('',#113);
#113 = CARTESIAN_POINT('',(-52.4264068712,-15.,10.));
#114 = LINE('',#115,#116);
#115 = CARTESIAN_POINT('',(-57.4264068712,-15.,10.));
#116 = VECTOR('',#117,1.);
#117 = DIRECTION('',(1.,-1.224646799147E-16,0.));
#118 = ORIENTED_EDGE('',*,*,#119,.T.);
#119 = EDGE_CURVE('',#112,#120,#122,.T.);
#120 = VERTEX_POINT('',#121);
#121 = CARTESIAN_POINT('',(-57.4264068712,-10.,10.));
#122 = CIRCLE('',#123,5.);
#123 = AXIS2_PLACEMENT_3D('',#124,#125,#126);
#124 = CARTESIAN_POINT('',(-52.4264068712,-10.,10.));
#125 = DIRECTION('',(0.,0.,-1.));
#126 = DIRECTION('',(1.224646799147E-16,1.,0.));
#127 = ORIENTED_EDGE('',*,*,#128,.F.);
#128 = EDGE_CURVE('',#129,#120,#131,.T.);
#129 = VERTEX_POINT('',#130);
#130 = CARTESIAN_POINT('',(-57.4264068712,10.,10.));
#131 = LINE('',#132,#133);
#132 = CARTESIAN_POINT('',(-57.4264068712,15.,10.));
#133 = VECTOR('',#134,1.);
#134 = DIRECTION('',(-1.224646799147E-16,-1.,0.));
#135 = ORIENTED_EDGE('',*,*,#136,.T.);
#136 = EDGE_CURVE('',#129,#137,#139,.T.);
#137 = VERTEX_POINT('',#138);
#138 = CARTESIAN_POINT('',(-52.4264068712,15.,10.));
#139 = CIRCLE('',#140,5.);
#140 = AXIS2_PLACEMENT_3D('',#141,#142,#143);
#141 = CARTESIAN_POINT('',(-52.4264068712,10.,10.));
#142 = DIRECTION('',(0.,0.,-1.));
#143 = DIRECTION('',(1.224646799147E-16,1.,0.));
#144 = ORIENTED_EDGE('',*,*,#145,.F.);
#145 = EDGE_CURVE('',#146,#137,#148,.T.);
#146 = VERTEX_POINT('',#147);
#147 = CARTESIAN_POINT('',(-42.4264068712,15.,10.));
#148 = LINE('',#149,#150);
#149 = CARTESIAN_POINT('',(-42.4264068712,15.,10.));
#150 = VECTOR('',#151,1.);
#151 = DIRECTION('',(-1.,1.224646799147E-16,0.));
#152 = ORIENTED_EDGE('',*,*,#153,.F.);
#153 = EDGE_CURVE('',#154,#146,#156,.T.);
#154 = VERTEX_POINT('',#155);
#155 = CARTESIAN_POINT('',(-15.,42.426406871207,10.));
#156 = CIRCLE('',#157,45.);
#157 = AXIS2_PLACEMENT_3D('',#158,#159,#160);
#158 = CARTESIAN_POINT('',(0.,0.,10.));
#159 = DIRECTION('',(0.,0.,1.));
#160 = DIRECTION('',(1.,0.,0.));
#161 = ORIENTED_EDGE('',*,*,#162,.F.);
#162 = EDGE_CURVE('',#163,#154,#165,.T.);
#163 = VERTEX_POINT('',#164);
#164 = CARTESIAN_POINT('',(-15.,52.426406871207,10.));
#165 = LINE('',#166,#167);
#166 = CARTESIAN_POINT('',(-15.,57.426406871207,10.));
#167 = VECTOR('',#168,1.);
#168 = DIRECTION('',(-1.110223024625E-16,-1.,0.));
#169 = ORIENTED_EDGE('',*,*,#170,.T.);
#170 = EDGE_CURVE('',#163,#171,#173,.T.);
#171 = VERTEX_POINT('',#172);
#172 = CARTESIAN_POINT('',(-10.,57.426406871207,10.));
#173 = CIRCLE('',#174,5.);
#174 = AXIS2_PLACEMENT_3D('',#175,#176,#177);
#175 = CARTESIAN_POINT('',(-10.,52.426406871207,10.));
#176 = DIRECTION('',(0.,-0.,-1.));
#177 = DIRECTION('',(1.,-1.110223024625E-16,0.));
#178 = ORIENTED_EDGE('',*,*,#179,.F.);
#179 = EDGE_CURVE('',#180,#171,#182,.T.);
#180 = VERTEX_POINT('',#181);
#181 = CARTESIAN_POINT('',(10.,57.426406871207,10.));
#182 = LINE('',#183,#184);
#183 = CARTESIAN_POINT('',(15.,57.426406871207,10.));
#184 = VECTOR('',#185,1.);
#185 = DIRECTION('',(-1.,1.110223024625E-16,0.));
#186 = ORIENTED_EDGE('',*,*,#187,.T.);
#187 = EDGE_CURVE('',#180,#188,#190,.T.);
#188 = VERTEX_POINT('',#189);
#189 = CARTESIAN_POINT('',(15.,52.426406871207,10.));
#190 = CIRCLE('',#191,5.);
#191 = AXIS2_PLACEMENT_3D('',#192,#193,#194);
#192 = CARTESIAN_POINT('',(10.,52.426406871207,10.));
#193 = DIRECTION('',(0.,-0.,-1.));
#194 = DIRECTION('',(1.,-1.110223024625E-16,0.));
#195 = ORIENTED_EDGE('',*,*,#196,.F.);
#196 = EDGE_CURVE('',#197,#188,#199,.T.);
#197 = VERTEX_POINT('',#198);
#198 = CARTESIAN_POINT('',(15.,42.426406871207,10.));
#199 = LINE('',#200,#201);
#200 = CARTESIAN_POINT('',(15.,42.426406871207,10.));
#201 = VECTOR('',#202,1.);
#202 = DIRECTION('',(1.110223024625E-16,1.,0.));
#203 = ORIENTED_EDGE('',*,*,#204,.F.);
#204 = EDGE_CURVE('',#205,#197,#207,.T.);
#205 = VERTEX_POINT('',#206);
#206 = CARTESIAN_POINT('',(42.426406871207,15.,10.));
#207 = CIRCLE('',#208,45.);
#208 = AXIS2_PLACEMENT_3D('',#209,#210,#211);
#209 = CARTESIAN_POINT('',(0.,0.,10.));
#210 = DIRECTION('',(0.,0.,1.));
#211 = DIRECTION('',(1.,0.,0.));
#212 = ORIENTED_EDGE('',*,*,#213,.F.);
#213 = EDGE_CURVE('',#214,#205,#216,.T.);
#214 = VERTEX_POINT('',#215);
#215 = CARTESIAN_POINT('',(52.426406871207,15.,10.));
#216 = LINE('',#217,#218);
#217 = CARTESIAN_POINT('',(57.426406871207,15.,10.));
#218 = VECTOR('',#219,1.);
#219 = DIRECTION('',(-1.,0.,0.));
#220 = ORIENTED_EDGE('',*,*,#221,.T.);
#221 = EDGE_CURVE('',#214,#222,#224,.T.);
#222 = VERTEX_POINT('',#223);
#223 = CARTESIAN_POINT('',(57.426406871207,10.,10.));
#224 = CIRCLE('',#225,5.);
#225 = AXIS2_PLACEMENT_3D('',#226,#227,#228);
#226 = CARTESIAN_POINT('',(52.426406871207,10.,10.));
#227 = DIRECTION('',(-0.,-0.,-1.));
#228 = DIRECTION('',(0.,-1.,0.));
#229 = ORIENTED_EDGE('',*,*,#230,.F.);
#230 = EDGE_CURVE('',#231,#222,#233,.T.);
#231 = VERTEX_POINT('',#232);
#232 = CARTESIAN_POINT('',(57.426406871207,-10.,10.));
#233 = LINE('',#234,#235);
#234 = CARTESIAN_POINT('',(57.426406871207,-15.,10.));
#235 = VECTOR('',#236,1.);
#236 = DIRECTION('',(0.,1.,0.));
#237 = ORIENTED_EDGE('',*,*,#238,.T.);
#238 = EDGE_CURVE('',#231,#239,#241,.T.);
#239 = VERTEX_POINT('',#240);
#240 = CARTESIAN_POINT('',(52.426406871207,-15.,10.));
#241 = CIRCLE('',#242,5.);
#242 = AXIS2_PLACEMENT_3D('',#243,#244,#245);
#243 = CARTESIAN_POINT('',(52.426406871207,-10.,10.));
#244 = DIRECTION('',(-0.,-0.,-1.));
#245 = DIRECTION('',(0.,-1.,0.));
#246 = ORIENTED_EDGE('',*,*,#247,.F.);
#247 = EDGE_CURVE('',#248,#239,#250,.T.);
#248 = VERTEX_POINT('',#249);
#249 = CARTESIAN_POINT('',(42.426406871207,-15.,10.));
#250 = LINE('',#251,#252);
#251 = CARTESIAN_POINT('',(42.426406871207,-15.,10.));
#252 = VECTOR('',#253,1.);
#253 = DIRECTION('',(1.,0.,0.));
#254 = ORIENTED_EDGE('',*,*,#255,.F.);
#255 = EDGE_CURVE('',#256,#248,#258,.T.);
#256 = VERTEX_POINT('',#257);
#257 = CARTESIAN_POINT('',(15.,-42.4264068712,10.));
#258 = CIRCLE('',#259,45.);
#259 = AXIS2_PLACEMENT_3D('',#260,#261,#262);
#260 = CARTESIAN_POINT('',(0.,0.,10.));
#261 = DIRECTION('',(0.,0.,1.));
#262 = DIRECTION('',(1.,0.,0.));
#263 = ORIENTED_EDGE('',*,*,#264,.F.);
#264 = EDGE_CURVE('',#265,#256,#267,.T.);
#265 = VERTEX_POINT('',#266);
#266 = CARTESIAN_POINT('',(15.,-52.4264068712,10.));
#267 = LINE('',#268,#269);
#268 = CARTESIAN_POINT('',(15.,-57.4264068712,10.));
#269 = VECTOR('',#270,1.);
#270 = DIRECTION('',(2.22044604925E-16,1.,0.));
#271 = ORIENTED_EDGE('',*,*,#272,.T.);
#272 = EDGE_CURVE('',#265,#273,#275,.T.);
#273 = VERTEX_POINT('',#274);
#274 = CARTESIAN_POINT('',(10.,-57.4264068712,10.));
#275 = CIRCLE('',#276,5.);
#276 = AXIS2_PLACEMENT_3D('',#277,#278,#279);
#277 = CARTESIAN_POINT('',(10.,-52.4264068712,10.));
#278 = DIRECTION('',(0.,0.,-1.));
#279 = DIRECTION('',(-1.,2.22044604925E-16,0.));
#280 = ORIENTED_EDGE('',*,*,#281,.F.);
#281 = EDGE_CURVE('',#282,#273,#284,.T.);
#282 = VERTEX_POINT('',#283);
#283 = CARTESIAN_POINT('',(-10.,-57.4264068712,10.));
#284 = LINE('',#285,#286);
#285 = CARTESIAN_POINT('',(-15.,-57.4264068712,10.));
#286 = VECTOR('',#287,1.);
#287 = DIRECTION('',(1.,-2.22044604925E-16,0.));
#288 = ORIENTED_EDGE('',*,*,#289,.T.);
#289 = EDGE_CURVE('',#282,#290,#292,.T.);
#290 = VERTEX_POINT('',#291);
#291 = CARTESIAN_POINT('',(-15.,-52.4264068712,10.));
#292 = CIRCLE('',#293,5.);
#293 = AXIS2_PLACEMENT_3D('',#294,#295,#296);
#294 = CARTESIAN_POINT('',(-10.,-52.4264068712,10.));
#295 = DIRECTION('',(0.,0.,-1.));
#296 = DIRECTION('',(-1.,2.22044604925E-16,0.));
#297 = ORIENTED_EDGE('',*,*,#298,.F.);
#298 = EDGE_CURVE('',#50,#290,#299,.T.);
#299 = LINE('',#300,#301);
#300 = CARTESIAN_POINT('',(-15.,-42.4264068712,10.));
#301 = VECTOR('',#302,1.);
#302 = DIRECTION('',(-2.22044604925E-16,-1.,0.));
#303 = ORIENTED_EDGE('',*,*,#57,.F.);
#304 = ORIENTED_EDGE('',*,*,#305,.T.);
#305 = EDGE_CURVE('',#58,#306,#308,.T.);
#306 = VERTEX_POINT('',#307);
#307 = CARTESIAN_POINT('',(-21.5153551543,-38.06165383406,10.));
#308 = CIRCLE('',#309,1.);
#309 = AXIS2_PLACEMENT_3D('',#310,#311,#312);
#310 = CARTESIAN_POINT('',(-20.80824837311,-38.76876061525,10.));
#311 = DIRECTION('',(0.,0.,-1.));
#312 = DIRECTION('',(0.,1.,0.));
#313 = ORIENTED_EDGE('',*,*,#314,.F.);
#314 = EDGE_CURVE('',#315,#306,#317,.T.);
#315 = VERTEX_POINT('',#316);
#316 = CARTESIAN_POINT('',(-19.29231818744,-35.8386168672,10.));
#317 = LINE('',#318,#319);
#318 = CARTESIAN_POINT('',(-18.77412409016,-35.32042276993,10.));
#319 = VECTOR('',#320,1.);
#320 = DIRECTION('',(-0.707106781187,-0.707106781187,0.));
#321 = ORIENTED_EDGE('',*,*,#322,.T.);
#322 = EDGE_CURVE('',#315,#323,#325,.T.);
#323 = VERTEX_POINT('',#324);
#324 = CARTESIAN_POINT('',(-18.13191356707,-35.65436453501,10.));
#325 = CIRCLE('',#326,1.);
#326 = AXIS2_PLACEMENT_3D('',#327,#328,#329);
#327 = CARTESIAN_POINT('',(-18.58521140625,-36.54572364839,10.));
#328 = DIRECTION('',(0.,0.,-1.));
#329 = DIRECTION('',(0.,-1.,0.));
#330 = ORIENTED_EDGE('',*,*,#331,.F.);
#331 = EDGE_CURVE('',#332,#323,#334,.T.);
#332 = VERTEX_POINT('',#333);
#333 = CARTESIAN_POINT('',(40.,0.,10.));
#334 = CIRCLE('',#335,40.);
#335 = AXIS2_PLACEMENT_3D('',#336,#337,#338);
#336 = CARTESIAN_POINT('',(0.,0.,10.));
#337 = DIRECTION('',(0.,0.,-1.));
#338 = DIRECTION('',(1.,0.,0.));
#339 = ORIENTED_EDGE('',*,*,#340,.F.);
#340 = EDGE_CURVE('',#341,#332,#343,.T.);
#341 = VERTEX_POINT('',#342);
#342 = CARTESIAN_POINT('',(-35.65436453501,-18.13191356707,10.));
#343 = CIRCLE('',#344,40.);
#344 = AXIS2_PLACEMENT_3D('',#345,#346,#347);
#345 = CARTESIAN_POINT('',(0.,0.,10.));
#346 = DIRECTION('',(0.,0.,-1.));
#347 = DIRECTION('',(1.,0.,0.));
#348 = ORIENTED_EDGE('',*,*,#349,.F.);
#349 = EDGE_CURVE('',#350,#341,#352,.T.);
#350 = VERTEX_POINT('',#351);
#351 = CARTESIAN_POINT('',(-35.8386168672,-19.29231818744,10.));
#352 = CIRCLE('',#353,1.);
#353 = AXIS2_PLACEMENT_3D('',#354,#355,#356);
#354 = CARTESIAN_POINT('',(-36.54572364839,-18.58521140625,10.));
#355 = DIRECTION('',(-0.,0.,1.));
#356 = DIRECTION('',(0.,-1.,0.));
#357 = ORIENTED_EDGE('',*,*,#358,.T.);
#358 = EDGE_CURVE('',#350,#359,#361,.T.);
#359 = VERTEX_POINT('',#360);
#360 = CARTESIAN_POINT('',(-38.06165383406,-21.5153551543,10.));
#361 = LINE('',#362,#363);
#362 = CARTESIAN_POINT('',(-35.32042276993,-18.77412409016,10.));
#363 = VECTOR('',#364,1.);
#364 = DIRECTION('',(-0.707106781187,-0.707106781187,0.));
#365 = ORIENTED_EDGE('',*,*,#366,.F.);
#366 = EDGE_CURVE('',#24,#359,#367,.T.);
#367 = CIRCLE('',#368,1.);
#368 = AXIS2_PLACEMENT_3D('',#369,#370,#371);
#369 = CARTESIAN_POINT('',(-38.76876061525,-20.80824837311,10.));
#370 = DIRECTION('',(0.,-0.,1.));
#371 = DIRECTION('',(0.,1.,0.));
#372 = FACE_BOUND('',#373,.T.);
#373 = EDGE_LOOP('',(#374));
#374 = ORIENTED_EDGE('',*,*,#375,.T.);
#375 = EDGE_CURVE('',#376,#376,#378,.T.);
#376 = VERTEX_POINT('',#377);
#377 = CARTESIAN_POINT('',(1.95,-50.,10.));
#378 = CIRCLE('',#379,1.95);
#379 = AXIS2_PLACEMENT_3D('',#380,#381,#382);
#380 = CARTESIAN_POINT('',(0.,-50.,10.));
#381 = DIRECTION('',(0.,0.,1.));
#382 = DIRECTION('',(1.,0.,0.));
#383 = FACE_BOUND('',#384,.T.);
#384 = EDGE_LOOP('',(#385));
#385 = ORIENTED_EDGE('',*,*,#386,.T.);
#386 = EDGE_CURVE('',#387,#387,#389,.T.);
#387 = VERTEX_POINT('',#388);
#388 = CARTESIAN_POINT('',(51.95,0.,10.));
#389 = CIRCLE('',#390,1.95);
#390 = AXIS2_PLACEMENT_3D('',#391,#392,#393);
#391 = CARTESIAN_POINT('',(50.,0.,10.));
#392 = DIRECTION('',(0.,0.,1.));
#393 = DIRECTION('',(1.,0.,0.));
#394 = FACE_BOUND('',#395,.T.);
#395 = EDGE_LOOP('',(#396));
#396 = ORIENTED_EDGE('',*,*,#397,.T.);
#397 = EDGE_CURVE('',#398,#398,#400,.T.);
#398 = VERTEX_POINT('',#399);
#399 = CARTESIAN_POINT('',(-48.05,0.,10.));
#400 = CIRCLE('',#401,1.95);
#401 = AXIS2_PLACEMENT_3D('',#402,#403,#404);
#402 = CARTESIAN_POINT('',(-50.,0.,10.));
#403 = DIRECTION('',(0.,0.,1.));
#404 = DIRECTION('',(1.,0.,0.));
#405 = FACE_BOUND('',#406,.T.);
#406 = EDGE_LOOP('',(#407));
#407 = ORIENTED_EDGE('',*,*,#408,.T.);
#408 = EDGE_CURVE('',#409,#409,#411,.T.);
#409 = VERTEX_POINT('',#410);
#410 = CARTESIAN_POINT('',(1.95,50.,10.));
#411 = CIRCLE('',#412,1.95);
#412 = AXIS2_PLACEMENT_3D('',#413,#414,#415);
#413 = CARTESIAN_POINT('',(0.,50.,10.));
#414 = DIRECTION('',(0.,0.,1.));
#415 = DIRECTION('',(1.,0.,0.));
#416 = PLANE('',#417);
#417 = AXIS2_PLACEMENT_3D('',#418,#419,#420);
#418 = CARTESIAN_POINT('',(-1.897610561497E-15,-7.441610045086E-16,10.)
  );
#419 = DIRECTION('',(-0.,-0.,-1.));
#420 = DIRECTION('',(-1.,0.,0.));
#421 = ADVANCED_FACE('',(#422),#472,.T.);
#422 = FACE_BOUND('',#423,.F.);
#423 = EDGE_LOOP('',(#424,#455,#464,#470,#471));
#424 = ORIENTED_EDGE('',*,*,#425,.T.);
#425 = EDGE_CURVE('',#88,#426,#428,.T.);
#426 = VERTEX_POINT('',#427);
#427 = CARTESIAN_POINT('',(-38.28586382161,-21.68392564625,13.));
#428 = B_SPLINE_CURVE_WITH_KNOTS('',7,(#429,#430,#431,#432,#433,#434,
    #435,#436,#437,#438,#439,#440,#441,#442,#443,#444,#445,#446,#447,
    #448,#449,#450,#451,#452,#453,#454),.UNSPECIFIED.,.F.,.F.,(8,6,6,6,8
    ),(0.,3.259200967929E-02,0.33451842386,0.642234185301,1.),
  .UNSPECIFIED.);
#429 = CARTESIAN_POINT('',(-39.64986881105,-21.28116310886,14.));
#430 = CARTESIAN_POINT('',(-39.64675692098,-21.28696100782,
    13.993493289528));
#431 = CARTESIAN_POINT('',(-39.64360052048,-21.29273501751,
    13.986986578454));
#432 = CARTESIAN_POINT('',(-39.64039974587,-21.29848488394,
    13.980480136645));
#433 = CARTESIAN_POINT('',(-39.63715473104,-21.30421035177,
    13.973974234021));
#434 = CARTESIAN_POINT('',(-39.63386560739,-21.30991116424,
    13.967469140562));
#435 = CARTESIAN_POINT('',(-39.63053250388,-21.31558706324,
    13.960965126303));
#436 = CARTESIAN_POINT('',(-39.59587203662,-21.37358508132,
    13.894222962894));
#437 = CARTESIAN_POINT('',(-39.56082862751,-21.42376616349,
    13.834106053415));
#438 = CARTESIAN_POINT('',(-39.52212174983,-21.47158511166,
    13.77431548268));
#439 = CARTESIAN_POINT('',(-39.47983407276,-21.51681892785,
    13.715072219826));
#440 = CARTESIAN_POINT('',(-39.43404480001,-21.5592176196,
    13.656619332053));
#441 = CARTESIAN_POINT('',(-39.38483564437,-21.59849964156,
    13.599229107851));
#442 = CARTESIAN_POINT('',(-39.27874181886,-21.67087303713,
    13.486121638833));
#443 = CARTESIAN_POINT('',(-39.22175016911,-21.70381625309,
    13.43048107629));
#444 = CARTESIAN_POINT('',(-39.16139865978,-21.73284580286,
    13.376602562548));
#445 = CARTESIAN_POINT('',(-39.09781541739,-21.75755444921,
    13.324891513928));
#446 = CARTESIAN_POINT('',(-39.03120500787,-21.77746875841,
    13.275849359776));
#447 = CARTESIAN_POINT('',(-38.96187723263,-21.7920723656,
    13.230068826695));
#448 = CARTESIAN_POINT('',(-38.80702725053,-21.81102938772,
    13.139568959055));
#449 = CARTESIAN_POINT('',(-38.72058295261,-21.81334441159,
    13.096161799069));
#450 = CARTESIAN_POINT('',(-38.631861146,-21.80688386611,13.059224162826
    ));
#451 = CARTESIAN_POINT('',(-38.54217014514,-21.7908486622,
    13.030091168913));
#452 = CARTESIAN_POINT('',(-38.45321928811,-21.76475179216,
    13.010036495648));
#453 = CARTESIAN_POINT('',(-38.36708902386,-21.72871770713,13.));
#454 = CARTESIAN_POINT('',(-38.28586382161,-21.68392564625,13.));
#455 = ORIENTED_EDGE('',*,*,#456,.T.);
#456 = EDGE_CURVE('',#426,#457,#459,.T.);
#457 = VERTEX_POINT('',#458);
#458 = CARTESIAN_POINT('',(-38.06165383406,-21.5153551543,13.));
#459 = CIRCLE('',#460,1.);
#460 = AXIS2_PLACEMENT_3D('',#461,#462,#463);
#461 = CARTESIAN_POINT('',(-38.76876061525,-20.80824837311,13.));
#462 = DIRECTION('',(0.,-0.,1.));
#463 = DIRECTION('',(0.,1.,0.));
#464 = ORIENTED_EDGE('',*,*,#465,.T.);
#465 = EDGE_CURVE('',#457,#359,#466,.T.);
#466 = LINE('',#467,#468);
#467 = CARTESIAN_POINT('',(-38.06165383406,-21.5153551543,13.));
#468 = VECTOR('',#469,1.);
#469 = DIRECTION('',(-0.,-0.,-1.));
#470 = ORIENTED_EDGE('',*,*,#366,.F.);
#471 = ORIENTED_EDGE('',*,*,#96,.F.);
#472 = CYLINDRICAL_SURFACE('',#473,1.);
#473 = AXIS2_PLACEMENT_3D('',#474,#475,#476);
#474 = CARTESIAN_POINT('',(-38.76876061525,-20.80824837311,13.));
#475 = DIRECTION('',(-0.,-0.,-1.));
#476 = DIRECTION('',(-0.881108195801,-0.472914735753,0.));
#477 = ADVANCED_FACE('',(#478),#496,.F.);
#478 = FACE_BOUND('',#479,.F.);
#479 = EDGE_LOOP('',(#480,#481,#489,#495));
#480 = ORIENTED_EDGE('',*,*,#111,.F.);
#481 = ORIENTED_EDGE('',*,*,#482,.T.);
#482 = EDGE_CURVE('',#112,#483,#485,.T.);
#483 = VERTEX_POINT('',#484);
#484 = CARTESIAN_POINT('',(-52.4264068712,-15.,26.));
#485 = LINE('',#486,#487);
#486 = CARTESIAN_POINT('',(-52.4264068712,-15.,10.));
#487 = VECTOR('',#488,1.);
#488 = DIRECTION('',(0.,0.,1.));
#489 = ORIENTED_EDGE('',*,*,#490,.T.);
#490 = EDGE_CURVE('',#483,#33,#491,.T.);
#491 = LINE('',#492,#493);
#492 = CARTESIAN_POINT('',(-28.7132034356,-15.,26.));
#493 = VECTOR('',#494,1.);
#494 = DIRECTION('',(1.,-1.224646799147E-16,0.));
#495 = ORIENTED_EDGE('',*,*,#32,.F.);
#496 = PLANE('',#497);
#497 = AXIS2_PLACEMENT_3D('',#498,#499,#500);
#498 = CARTESIAN_POINT('',(-57.4264068712,-15.,10.));
#499 = DIRECTION('',(1.224646799147E-16,1.,0.));
#500 = DIRECTION('',(1.,-1.224646799147E-16,0.));
#501 = ADVANCED_FACE('',(#502),#527,.T.);
#502 = FACE_BOUND('',#503,.T.);
#503 = EDGE_LOOP('',(#504,#518,#519,#520));
#504 = ORIENTED_EDGE('',*,*,#505,.F.);
#505 = EDGE_CURVE('',#75,#506,#508,.T.);
#506 = VERTEX_POINT('',#507);
#507 = CARTESIAN_POINT('',(-21.71943307644,-38.2657317562,13.));
#508 = B_SPLINE_CURVE_WITH_KNOTS('',8,(#509,#510,#511,#512,#513,#514,
    #515,#516,#517),.UNSPECIFIED.,.F.,.F.,(9,9),(0.,1.),
  .PIECEWISE_BEZIER_KNOTS.);
#509 = CARTESIAN_POINT('',(-22.21305655545,-39.13540747793,14.));
#510 = CARTESIAN_POINT('',(-22.21305655545,-39.13540747793,
    13.803650459151));
#511 = CARTESIAN_POINT('',(-22.19130711551,-39.09708887949,
    13.607300856496));
#512 = CARTESIAN_POINT('',(-22.14780844926,-39.02045205897,
    13.422486765665));
#513 = CARTESIAN_POINT('',(-22.08434855535,-38.90864714818,
    13.26074124422));
#514 = CARTESIAN_POINT('',(-22.00450716834,-38.76798099508,
    13.132181934129));
#515 = CARTESIAN_POINT('',(-21.91327859386,-38.60725266725,
    13.044060788961));
#516 = CARTESIAN_POINT('',(-21.81635581989,-38.43649218485,13.));
#517 = CARTESIAN_POINT('',(-21.71943307644,-38.2657317562,13.));
#518 = ORIENTED_EDGE('',*,*,#87,.T.);
#519 = ORIENTED_EDGE('',*,*,#425,.T.);
#520 = ORIENTED_EDGE('',*,*,#521,.F.);
#521 = EDGE_CURVE('',#506,#426,#522,.T.);
#522 = CIRCLE('',#523,44.);
#523 = AXIS2_PLACEMENT_3D('',#524,#525,#526);
#524 = CARTESIAN_POINT('',(0.,0.,13.));
#525 = DIRECTION('',(-0.,0.,-1.));
#526 = DIRECTION('',(-0.498940637496,-0.866636163713,0.));
#527 = TOROIDAL_SURFACE('',#528,44.,1.);
#528 = AXIS2_PLACEMENT_3D('',#529,#530,#531);
#529 = CARTESIAN_POINT('',(0.,0.,14.));
#530 = DIRECTION('',(-0.,-0.,-1.));
#531 = DIRECTION('',(-0.498940637496,-0.866636163713,0.));
#532 = ADVANCED_FACE('',(#533,#722,#733,#744,#755,#766,#972,#983,#994,
    #1005),#1016,.T.);
#533 = FACE_BOUND('',#534,.T.);
#534 = EDGE_LOOP('',(#535,#546,#554,#563,#571,#580,#588,#597,#605,#614,
    #622,#631,#639,#648,#656,#663,#664,#665,#673,#682,#690,#699,#707,
    #716));
#535 = ORIENTED_EDGE('',*,*,#536,.F.);
#536 = EDGE_CURVE('',#537,#539,#541,.T.);
#537 = VERTEX_POINT('',#538);
#538 = CARTESIAN_POINT('',(57.426406871207,-10.,26.));
#539 = VERTEX_POINT('',#540);
#540 = CARTESIAN_POINT('',(52.426406871207,-15.,26.));
#541 = CIRCLE('',#542,5.);
#542 = AXIS2_PLACEMENT_3D('',#543,#544,#545);
#543 = CARTESIAN_POINT('',(52.426406871207,-10.,26.));
#544 = DIRECTION('',(-0.,-0.,-1.));
#545 = DIRECTION('',(0.,-1.,0.));
#546 = ORIENTED_EDGE('',*,*,#547,.T.);
#547 = EDGE_CURVE('',#537,#548,#550,.T.);
#548 = VERTEX_POINT('',#549);
#549 = CARTESIAN_POINT('',(57.426406871207,10.,26.));
#550 = LINE('',#551,#552);
#551 = CARTESIAN_POINT('',(57.426406871207,-7.5,26.));
#552 = VECTOR('',#553,1.);
#553 = DIRECTION('',(0.,1.,0.));
#554 = ORIENTED_EDGE('',*,*,#555,.F.);
#555 = EDGE_CURVE('',#556,#548,#558,.T.);
#556 = VERTEX_POINT('',#557);
#557 = CARTESIAN_POINT('',(52.426406871207,15.,26.));
#558 = CIRCLE('',#559,5.);
#559 = AXIS2_PLACEMENT_3D('',#560,#561,#562);
#560 = CARTESIAN_POINT('',(52.426406871207,10.,26.));
#561 = DIRECTION('',(-0.,-0.,-1.));
#562 = DIRECTION('',(0.,-1.,0.));
#563 = ORIENTED_EDGE('',*,*,#564,.T.);
#564 = EDGE_CURVE('',#556,#565,#567,.T.);
#565 = VERTEX_POINT('',#566);
#566 = CARTESIAN_POINT('',(42.426406871207,15.,26.));
#567 = LINE('',#568,#569);
#568 = CARTESIAN_POINT('',(28.713203435603,15.,26.));
#569 = VECTOR('',#570,1.);
#570 = DIRECTION('',(-1.,0.,0.));
#571 = ORIENTED_EDGE('',*,*,#572,.T.);
#572 = EDGE_CURVE('',#565,#573,#575,.T.);
#573 = VERTEX_POINT('',#574);
#574 = CARTESIAN_POINT('',(15.,42.426406871207,26.));
#575 = CIRCLE('',#576,45.);
#576 = AXIS2_PLACEMENT_3D('',#577,#578,#579);
#577 = CARTESIAN_POINT('',(0.,0.,26.));
#578 = DIRECTION('',(0.,0.,1.));
#579 = DIRECTION('',(1.,0.,0.));
#580 = ORIENTED_EDGE('',*,*,#581,.T.);
#581 = EDGE_CURVE('',#573,#582,#584,.T.);
#582 = VERTEX_POINT('',#583);
#583 = CARTESIAN_POINT('',(15.,52.426406871207,26.));
#584 = LINE('',#585,#586);
#585 = CARTESIAN_POINT('',(15.,21.213203435603,26.));
#586 = VECTOR('',#587,1.);
#587 = DIRECTION('',(1.110223024625E-16,1.,0.));
#588 = ORIENTED_EDGE('',*,*,#589,.F.);
#589 = EDGE_CURVE('',#590,#582,#592,.T.);
#590 = VERTEX_POINT('',#591);
#591 = CARTESIAN_POINT('',(10.,57.426406871207,26.));
#592 = CIRCLE('',#593,5.);
#593 = AXIS2_PLACEMENT_3D('',#594,#595,#596);
#594 = CARTESIAN_POINT('',(10.,52.426406871207,26.));
#595 = DIRECTION('',(0.,-0.,-1.));
#596 = DIRECTION('',(1.,-1.110223024625E-16,0.));
#597 = ORIENTED_EDGE('',*,*,#598,.T.);
#598 = EDGE_CURVE('',#590,#599,#601,.T.);
#599 = VERTEX_POINT('',#600);
#600 = CARTESIAN_POINT('',(-10.,57.426406871207,26.));
#601 = LINE('',#602,#603);
#602 = CARTESIAN_POINT('',(7.5,57.426406871207,26.));
#603 = VECTOR('',#604,1.);
#604 = DIRECTION('',(-1.,1.110223024625E-16,0.));
#605 = ORIENTED_EDGE('',*,*,#606,.F.);
#606 = EDGE_CURVE('',#607,#599,#609,.T.);
#607 = VERTEX_POINT('',#608);
#608 = CARTESIAN_POINT('',(-15.,52.426406871207,26.));
#609 = CIRCLE('',#610,5.);
#610 = AXIS2_PLACEMENT_3D('',#611,#612,#613);
#611 = CARTESIAN_POINT('',(-10.,52.426406871207,26.));
#612 = DIRECTION('',(0.,-0.,-1.));
#613 = DIRECTION('',(1.,-1.110223024625E-16,0.));
#614 = ORIENTED_EDGE('',*,*,#615,.T.);
#615 = EDGE_CURVE('',#607,#616,#618,.T.);
#616 = VERTEX_POINT('',#617);
#617 = CARTESIAN_POINT('',(-15.,42.426406871207,26.));
#618 = LINE('',#619,#620);
#619 = CARTESIAN_POINT('',(-15.,28.713203435603,26.));
#620 = VECTOR('',#621,1.);
#621 = DIRECTION('',(-1.110223024625E-16,-1.,0.));
#622 = ORIENTED_EDGE('',*,*,#623,.T.);
#623 = EDGE_CURVE('',#616,#624,#626,.T.);
#624 = VERTEX_POINT('',#625);
#625 = CARTESIAN_POINT('',(-42.4264068712,15.,26.));
#626 = CIRCLE('',#627,45.);
#627 = AXIS2_PLACEMENT_3D('',#628,#629,#630);
#628 = CARTESIAN_POINT('',(0.,0.,26.));
#629 = DIRECTION('',(0.,0.,1.));
#630 = DIRECTION('',(1.,0.,0.));
#631 = ORIENTED_EDGE('',*,*,#632,.T.);
#632 = EDGE_CURVE('',#624,#633,#635,.T.);
#633 = VERTEX_POINT('',#634);
#634 = CARTESIAN_POINT('',(-52.4264068712,15.,26.));
#635 = LINE('',#636,#637);
#636 = CARTESIAN_POINT('',(-21.2132034356,15.,26.));
#637 = VECTOR('',#638,1.);
#638 = DIRECTION('',(-1.,1.224646799147E-16,0.));
#639 = ORIENTED_EDGE('',*,*,#640,.F.);
#640 = EDGE_CURVE('',#641,#633,#643,.T.);
#641 = VERTEX_POINT('',#642);
#642 = CARTESIAN_POINT('',(-57.4264068712,10.,26.));
#643 = CIRCLE('',#644,5.);
#644 = AXIS2_PLACEMENT_3D('',#645,#646,#647);
#645 = CARTESIAN_POINT('',(-52.4264068712,10.,26.));
#646 = DIRECTION('',(0.,0.,-1.));
#647 = DIRECTION('',(1.224646799147E-16,1.,0.));
#648 = ORIENTED_EDGE('',*,*,#649,.T.);
#649 = EDGE_CURVE('',#641,#650,#652,.T.);
#650 = VERTEX_POINT('',#651);
#651 = CARTESIAN_POINT('',(-57.4264068712,-10.,26.));
#652 = LINE('',#653,#654);
#653 = CARTESIAN_POINT('',(-57.4264068712,7.5,26.));
#654 = VECTOR('',#655,1.);
#655 = DIRECTION('',(-1.224646799147E-16,-1.,0.));
#656 = ORIENTED_EDGE('',*,*,#657,.F.);
#657 = EDGE_CURVE('',#483,#650,#658,.T.);
#658 = CIRCLE('',#659,5.);
#659 = AXIS2_PLACEMENT_3D('',#660,#661,#662);
#660 = CARTESIAN_POINT('',(-52.4264068712,-10.,26.));
#661 = DIRECTION('',(0.,0.,-1.));
#662 = DIRECTION('',(1.224646799147E-16,1.,0.));
#663 = ORIENTED_EDGE('',*,*,#490,.T.);
#664 = ORIENTED_EDGE('',*,*,#40,.T.);
#665 = ORIENTED_EDGE('',*,*,#666,.T.);
#666 = EDGE_CURVE('',#41,#667,#669,.T.);
#667 = VERTEX_POINT('',#668);
#668 = CARTESIAN_POINT('',(-15.,-52.4264068712,26.));
#669 = LINE('',#670,#671);
#670 = CARTESIAN_POINT('',(-15.,-21.2132034356,26.));
#671 = VECTOR('',#672,1.);
#672 = DIRECTION('',(-2.22044604925E-16,-1.,0.));
#673 = ORIENTED_EDGE('',*,*,#674,.F.);
#674 = EDGE_CURVE('',#675,#667,#677,.T.);
#675 = VERTEX_POINT('',#676);
#676 = CARTESIAN_POINT('',(-10.,-57.4264068712,26.));
#677 = CIRCLE('',#678,5.);
#678 = AXIS2_PLACEMENT_3D('',#679,#680,#681);
#679 = CARTESIAN_POINT('',(-10.,-52.4264068712,26.));
#680 = DIRECTION('',(0.,0.,-1.));
#681 = DIRECTION('',(-1.,2.22044604925E-16,0.));
#682 = ORIENTED_EDGE('',*,*,#683,.T.);
#683 = EDGE_CURVE('',#675,#684,#686,.T.);
#684 = VERTEX_POINT('',#685);
#685 = CARTESIAN_POINT('',(10.,-57.4264068712,26.));
#686 = LINE('',#687,#688);
#687 = CARTESIAN_POINT('',(-7.5,-57.4264068712,26.));
#688 = VECTOR('',#689,1.);
#689 = DIRECTION('',(1.,-2.22044604925E-16,0.));
#690 = ORIENTED_EDGE('',*,*,#691,.F.);
#691 = EDGE_CURVE('',#692,#684,#694,.T.);
#692 = VERTEX_POINT('',#693);
#693 = CARTESIAN_POINT('',(15.,-52.4264068712,26.));
#694 = CIRCLE('',#695,5.);
#695 = AXIS2_PLACEMENT_3D('',#696,#697,#698);
#696 = CARTESIAN_POINT('',(10.,-52.4264068712,26.));
#697 = DIRECTION('',(0.,0.,-1.));
#698 = DIRECTION('',(-1.,2.22044604925E-16,0.));
#699 = ORIENTED_EDGE('',*,*,#700,.T.);
#700 = EDGE_CURVE('',#692,#701,#703,.T.);
#701 = VERTEX_POINT('',#702);
#702 = CARTESIAN_POINT('',(15.,-42.4264068712,26.));
#703 = LINE('',#704,#705);
#704 = CARTESIAN_POINT('',(15.,-28.7132034356,26.));
#705 = VECTOR('',#706,1.);
#706 = DIRECTION('',(2.22044604925E-16,1.,0.));
#707 = ORIENTED_EDGE('',*,*,#708,.T.);
#708 = EDGE_CURVE('',#701,#709,#711,.T.);
#709 = VERTEX_POINT('',#710);
#710 = CARTESIAN_POINT('',(42.426406871207,-15.,26.));
#711 = CIRCLE('',#712,45.);
#712 = AXIS2_PLACEMENT_3D('',#713,#714,#715);
#713 = CARTESIAN_POINT('',(0.,0.,26.));
#714 = DIRECTION('',(0.,0.,1.));
#715 = DIRECTION('',(1.,0.,0.));
#716 = ORIENTED_EDGE('',*,*,#717,.T.);
#717 = EDGE_CURVE('',#709,#539,#718,.T.);
#718 = LINE('',#719,#720);
#719 = CARTESIAN_POINT('',(21.213203435603,-15.,26.));
#720 = VECTOR('',#721,1.);
#721 = DIRECTION('',(1.,0.,0.));
#722 = FACE_BOUND('',#723,.T.);
#723 = EDGE_LOOP('',(#724));
#724 = ORIENTED_EDGE('',*,*,#725,.F.);
#725 = EDGE_CURVE('',#726,#726,#728,.T.);
#726 = VERTEX_POINT('',#727);
#727 = CARTESIAN_POINT('',(1.95,-50.,26.));
#728 = CIRCLE('',#729,1.95);
#729 = AXIS2_PLACEMENT_3D('',#730,#731,#732);
#730 = CARTESIAN_POINT('',(0.,-50.,26.));
#731 = DIRECTION('',(0.,0.,1.));
#732 = DIRECTION('',(1.,0.,0.));
#733 = FACE_BOUND('',#734,.T.);
#734 = EDGE_LOOP('',(#735));
#735 = ORIENTED_EDGE('',*,*,#736,.T.);
#736 = EDGE_CURVE('',#737,#737,#739,.T.);
#737 = VERTEX_POINT('',#738);
#738 = CARTESIAN_POINT('',(1.5,-21.92031021678,26.));
#739 = CIRCLE('',#740,1.5);
#740 = AXIS2_PLACEMENT_3D('',#741,#742,#743);
#741 = CARTESIAN_POINT('',(3.552713678801E-15,-21.92031021678,26.));
#742 = DIRECTION('',(0.,0.,-1.));
#743 = DIRECTION('',(1.,0.,0.));
#744 = FACE_BOUND('',#745,.T.);
#745 = EDGE_LOOP('',(#746));
#746 = ORIENTED_EDGE('',*,*,#747,.F.);
#747 = EDGE_CURVE('',#748,#748,#750,.T.);
#748 = VERTEX_POINT('',#749);
#749 = CARTESIAN_POINT('',(-48.05,0.,26.));
#750 = CIRCLE('',#751,1.95);
#751 = AXIS2_PLACEMENT_3D('',#752,#753,#754);
#752 = CARTESIAN_POINT('',(-50.,0.,26.));
#753 = DIRECTION('',(0.,0.,1.));
#754 = DIRECTION('',(1.,0.,0.));
#755 = FACE_BOUND('',#756,.T.);
#756 = EDGE_LOOP('',(#757));
#757 = ORIENTED_EDGE('',*,*,#758,.T.);
#758 = EDGE_CURVE('',#759,#759,#761,.T.);
#759 = VERTEX_POINT('',#760);
#760 = CARTESIAN_POINT('',(-20.42031021678,0.,26.));
#761 = CIRCLE('',#762,1.5);
#762 = AXIS2_PLACEMENT_3D('',#763,#764,#765);
#763 = CARTESIAN_POINT('',(-21.92031021678,0.,26.));
#764 = DIRECTION('',(0.,0.,-1.));
#765 = DIRECTION('',(1.,0.,0.));
#766 = FACE_BOUND('',#767,.T.);
#767 = EDGE_LOOP('',(#768,#778,#787,#795,#804,#812,#821,#829,#838,#846,
    #855,#863,#872,#880,#889,#897,#906,#914,#923,#931,#940,#948,#957,
    #965));
#768 = ORIENTED_EDGE('',*,*,#769,.F.);
#769 = EDGE_CURVE('',#770,#772,#774,.T.);
#770 = VERTEX_POINT('',#771);
#771 = CARTESIAN_POINT('',(-19.23330444827,-2.687005768509,26.));
#772 = VERTEX_POINT('',#773);
#773 = CARTESIAN_POINT('',(-21.88495487772,-5.338656197958,26.));
#774 = LINE('',#775,#776);
#775 = CARTESIAN_POINT('',(-15.0790521088,1.467246570962,26.));
#776 = VECTOR('',#777,1.);
#777 = DIRECTION('',(-0.707106781187,-0.707106781187,0.));
#778 = ORIENTED_EDGE('',*,*,#779,.F.);
#779 = EDGE_CURVE('',#780,#770,#782,.T.);
#780 = VERTEX_POINT('',#781);
#781 = CARTESIAN_POINT('',(-19.23330444827,2.687005768509,26.));
#782 = CIRCLE('',#783,3.8);
#783 = AXIS2_PLACEMENT_3D('',#784,#785,#786);
#784 = CARTESIAN_POINT('',(-21.92031021678,0.,26.));
#785 = DIRECTION('',(0.,0.,-1.));
#786 = DIRECTION('',(0.707106781187,0.707106781187,0.));
#787 = ORIENTED_EDGE('',*,*,#788,.F.);
#788 = EDGE_CURVE('',#789,#780,#791,.T.);
#789 = VERTEX_POINT('',#790);
#790 = CARTESIAN_POINT('',(-32.49155659552,15.945257915757,26.));
#791 = LINE('',#792,#793);
#792 = CARTESIAN_POINT('',(-13.75322689407,-2.793071785687,26.));
#793 = VECTOR('',#794,1.);
#794 = DIRECTION('',(0.707106781187,-0.707106781187,0.));
#795 = ORIENTED_EDGE('',*,*,#796,.T.);
#796 = EDGE_CURVE('',#789,#797,#799,.T.);
#797 = VERTEX_POINT('',#798);
#798 = CARTESIAN_POINT('',(-32.49155659552,18.773685040503,26.));
#799 = CIRCLE('',#800,2.);
#800 = AXIS2_PLACEMENT_3D('',#801,#802,#803);
#801 = CARTESIAN_POINT('',(-31.07734303314,17.35947147813,26.));
#802 = DIRECTION('',(8.485281374239E-17,-8.485281374239E-17,-1.));
#803 = DIRECTION('',(0.707106781187,-0.707106781187,1.2E-16));
#804 = ORIENTED_EDGE('',*,*,#805,.T.);
#805 = EDGE_CURVE('',#797,#806,#808,.T.);
#806 = VERTEX_POINT('',#807);
#807 = CARTESIAN_POINT('',(-18.7736850405,32.491556595522,26.));
#808 = LINE('',#809,#810);
#809 = CARTESIAN_POINT('',(-22.20315292925,29.062088706767,26.));
#810 = VECTOR('',#811,1.);
#811 = DIRECTION('',(0.707106781187,0.707106781187,0.));
#812 = ORIENTED_EDGE('',*,*,#813,.T.);
#813 = EDGE_CURVE('',#806,#814,#816,.T.);
#814 = VERTEX_POINT('',#815);
#815 = CARTESIAN_POINT('',(-15.94525791575,32.491556595522,26.));
#816 = CIRCLE('',#817,2.);
#817 = AXIS2_PLACEMENT_3D('',#818,#819,#820);
#818 = CARTESIAN_POINT('',(-17.35947147813,31.077343033149,26.));
#819 = DIRECTION('',(8.485281374239E-17,-8.485281374239E-17,-1.));
#820 = DIRECTION('',(0.707106781187,-0.707106781187,1.2E-16));
#821 = ORIENTED_EDGE('',*,*,#822,.T.);
#822 = EDGE_CURVE('',#814,#823,#825,.T.);
#823 = VERTEX_POINT('',#824);
#824 = CARTESIAN_POINT('',(-2.687005768509,19.233304448274,26.));
#825 = LINE('',#826,#827);
#826 = CARTESIAN_POINT('',(2.793071785687,13.753226894078,26.));
#827 = VECTOR('',#828,1.);
#828 = DIRECTION('',(0.707106781187,-0.707106781187,0.));
#829 = ORIENTED_EDGE('',*,*,#830,.F.);
#830 = EDGE_CURVE('',#831,#823,#833,.T.);
#831 = VERTEX_POINT('',#832);
#832 = CARTESIAN_POINT('',(2.687005768509,19.233304448274,26.));
#833 = CIRCLE('',#834,3.8);
#834 = AXIS2_PLACEMENT_3D('',#835,#836,#837);
#835 = CARTESIAN_POINT('',(0.,21.920310216783,26.));
#836 = DIRECTION('',(0.,0.,-1.));
#837 = DIRECTION('',(0.707106781187,0.707106781187,0.));
#838 = ORIENTED_EDGE('',*,*,#839,.F.);
#839 = EDGE_CURVE('',#840,#831,#842,.T.);
#840 = VERTEX_POINT('',#841);
#841 = CARTESIAN_POINT('',(5.338656197958,21.884954877724,26.));
#842 = LINE('',#843,#844);
#843 = CARTESIAN_POINT('',(-2.793071785687,13.753226894078,26.));
#844 = VECTOR('',#845,1.);
#845 = DIRECTION('',(-0.707106781187,-0.707106781187,0.));
#846 = ORIENTED_EDGE('',*,*,#847,.T.);
#847 = EDGE_CURVE('',#840,#848,#850,.T.);
#848 = VERTEX_POINT('',#849);
#849 = CARTESIAN_POINT('',(8.167083322705,21.884954877724,26.));
#850 = CIRCLE('',#851,2.);
#851 = AXIS2_PLACEMENT_3D('',#852,#853,#854);
#852 = CARTESIAN_POINT('',(6.752869760332,20.470741315351,26.));
#853 = DIRECTION('',(0.,-0.,-1.));
#854 = DIRECTION('',(0.707106781187,-0.707106781187,0.));
#855 = ORIENTED_EDGE('',*,*,#856,.F.);
#856 = EDGE_CURVE('',#857,#848,#859,.T.);
#857 = VERTEX_POINT('',#858);
#858 = CARTESIAN_POINT('',(21.884954877724,8.167083322705,26.));
#859 = LINE('',#860,#861);
#860 = CARTESIAN_POINT('',(11.596551211459,18.455486988969,26.));
#861 = VECTOR('',#862,1.);
#862 = DIRECTION('',(-0.707106781187,0.707106781187,0.));
#863 = ORIENTED_EDGE('',*,*,#864,.T.);
#864 = EDGE_CURVE('',#857,#865,#867,.T.);
#865 = VERTEX_POINT('',#866);
#866 = CARTESIAN_POINT('',(21.884954877724,5.338656197958,26.));
#867 = CIRCLE('',#868,2.);
#868 = AXIS2_PLACEMENT_3D('',#869,#870,#871);
#869 = CARTESIAN_POINT('',(20.470741315351,6.752869760332,26.));
#870 = DIRECTION('',(0.,-0.,-1.));
#871 = DIRECTION('',(0.707106781187,-0.707106781187,0.));
#872 = ORIENTED_EDGE('',*,*,#873,.F.);
#873 = EDGE_CURVE('',#874,#865,#876,.T.);
#874 = VERTEX_POINT('',#875);
#875 = CARTESIAN_POINT('',(19.233304448274,2.687005768509,26.));
#876 = LINE('',#877,#878);
#877 = CARTESIAN_POINT('',(15.079052108803,-1.467246570962,26.));
#878 = VECTOR('',#879,1.);
#879 = DIRECTION('',(0.707106781187,0.707106781187,0.));
#880 = ORIENTED_EDGE('',*,*,#881,.F.);
#881 = EDGE_CURVE('',#882,#874,#884,.T.);
#882 = VERTEX_POINT('',#883);
#883 = CARTESIAN_POINT('',(19.233304448274,-2.687005768509,26.));
#884 = CIRCLE('',#885,3.8);
#885 = AXIS2_PLACEMENT_3D('',#886,#887,#888);
#886 = CARTESIAN_POINT('',(21.920310216783,3.552713678801E-15,26.));
#887 = DIRECTION('',(0.,0.,-1.));
#888 = DIRECTION('',(0.707106781187,0.707106781187,0.));
#889 = ORIENTED_EDGE('',*,*,#890,.F.);
#890 = EDGE_CURVE('',#891,#882,#893,.T.);
#891 = VERTEX_POINT('',#892);
#892 = CARTESIAN_POINT('',(21.884954877724,-5.338656197958,26.));
#893 = LINE('',#894,#895);
#894 = CARTESIAN_POINT('',(13.753226894078,2.793071785687,26.));
#895 = VECTOR('',#896,1.);
#896 = DIRECTION('',(-0.707106781187,0.707106781187,0.));
#897 = ORIENTED_EDGE('',*,*,#898,.T.);
#898 = EDGE_CURVE('',#891,#899,#901,.T.);
#899 = VERTEX_POINT('',#900);
#900 = CARTESIAN_POINT('',(21.884954877724,-8.167083322705,26.));
#901 = CIRCLE('',#902,2.);
#902 = AXIS2_PLACEMENT_3D('',#903,#904,#905);
#903 = CARTESIAN_POINT('',(20.470741315351,-6.752869760332,26.));
#904 = DIRECTION('',(0.,-0.,-1.));
#905 = DIRECTION('',(0.707106781187,-0.707106781187,0.));
#906 = ORIENTED_EDGE('',*,*,#907,.F.);
#907 = EDGE_CURVE('',#908,#899,#910,.T.);
#908 = VERTEX_POINT('',#909);
#909 = CARTESIAN_POINT('',(8.167083322705,-21.88495487772,26.));
#910 = LINE('',#911,#912);
#911 = CARTESIAN_POINT('',(18.455486988969,-11.59655121145,26.));
#912 = VECTOR('',#913,1.);
#913 = DIRECTION('',(0.707106781187,0.707106781187,0.));
#914 = ORIENTED_EDGE('',*,*,#915,.T.);
#915 = EDGE_CURVE('',#908,#916,#918,.T.);
#916 = VERTEX_POINT('',#917);
#917 = CARTESIAN_POINT('',(5.338656197958,-21.88495487772,26.));
#918 = CIRCLE('',#919,2.);
#919 = AXIS2_PLACEMENT_3D('',#920,#921,#922);
#920 = CARTESIAN_POINT('',(6.752869760332,-20.47074131535,26.));
#921 = DIRECTION('',(0.,-0.,-1.));
#922 = DIRECTION('',(0.707106781187,-0.707106781187,0.));
#923 = ORIENTED_EDGE('',*,*,#924,.F.);
#924 = EDGE_CURVE('',#925,#916,#927,.T.);
#925 = VERTEX_POINT('',#926);
#926 = CARTESIAN_POINT('',(2.687005768509,-19.23330444827,26.));
#927 = LINE('',#928,#929);
#928 = CARTESIAN_POINT('',(-1.467246570962,-15.0790521088,26.));
#929 = VECTOR('',#930,1.);
#930 = DIRECTION('',(0.707106781187,-0.707106781187,0.));
#931 = ORIENTED_EDGE('',*,*,#932,.F.);
#932 = EDGE_CURVE('',#933,#925,#935,.T.);
#933 = VERTEX_POINT('',#934);
#934 = CARTESIAN_POINT('',(-2.687005768509,-19.23330444827,26.));
#935 = CIRCLE('',#936,3.8);
#936 = AXIS2_PLACEMENT_3D('',#937,#938,#939);
#937 = CARTESIAN_POINT('',(3.552713678801E-15,-21.92031021678,26.));
#938 = DIRECTION('',(0.,0.,-1.));
#939 = DIRECTION('',(0.707106781187,0.707106781187,0.));
#940 = ORIENTED_EDGE('',*,*,#941,.F.);
#941 = EDGE_CURVE('',#942,#933,#944,.T.);
#942 = VERTEX_POINT('',#943);
#943 = CARTESIAN_POINT('',(-5.338656197958,-21.88495487772,26.));
#944 = LINE('',#945,#946);
#945 = CARTESIAN_POINT('',(2.793071785687,-13.75322689407,26.));
#946 = VECTOR('',#947,1.);
#947 = DIRECTION('',(0.707106781187,0.707106781187,0.));
#948 = ORIENTED_EDGE('',*,*,#949,.T.);
#949 = EDGE_CURVE('',#942,#950,#952,.T.);
#950 = VERTEX_POINT('',#951);
#951 = CARTESIAN_POINT('',(-8.167083322705,-21.88495487772,26.));
#952 = CIRCLE('',#953,2.);
#953 = AXIS2_PLACEMENT_3D('',#954,#955,#956);
#954 = CARTESIAN_POINT('',(-6.752869760332,-20.47074131535,26.));
#955 = DIRECTION('',(0.,-0.,-1.));
#956 = DIRECTION('',(0.707106781187,-0.707106781187,0.));
#957 = ORIENTED_EDGE('',*,*,#958,.F.);
#958 = EDGE_CURVE('',#959,#950,#961,.T.);
#959 = VERTEX_POINT('',#960);
#960 = CARTESIAN_POINT('',(-21.88495487772,-8.167083322705,26.));
#961 = LINE('',#962,#963);
#962 = CARTESIAN_POINT('',(-11.59655121145,-18.45548698896,26.));
#963 = VECTOR('',#964,1.);
#964 = DIRECTION('',(0.707106781187,-0.707106781187,0.));
#965 = ORIENTED_EDGE('',*,*,#966,.T.);
#966 = EDGE_CURVE('',#959,#772,#967,.T.);
#967 = CIRCLE('',#968,2.);
#968 = AXIS2_PLACEMENT_3D('',#969,#970,#971);
#969 = CARTESIAN_POINT('',(-20.47074131535,-6.752869760332,26.));
#970 = DIRECTION('',(0.,-0.,-1.));
#971 = DIRECTION('',(0.707106781187,-0.707106781187,0.));
#972 = FACE_BOUND('',#973,.T.);
#973 = EDGE_LOOP('',(#974));
#974 = ORIENTED_EDGE('',*,*,#975,.T.);
#975 = EDGE_CURVE('',#976,#976,#978,.T.);
#976 = VERTEX_POINT('',#977);
#977 = CARTESIAN_POINT('',(23.420310216783,3.552713678801E-15,26.));
#978 = CIRCLE('',#979,1.5);
#979 = AXIS2_PLACEMENT_3D('',#980,#981,#982);
#980 = CARTESIAN_POINT('',(21.920310216783,3.552713678801E-15,26.));
#981 = DIRECTION('',(0.,0.,-1.));
#982 = DIRECTION('',(1.,0.,0.));
#983 = FACE_BOUND('',#984,.T.);
#984 = EDGE_LOOP('',(#985));
#985 = ORIENTED_EDGE('',*,*,#986,.T.);
#986 = EDGE_CURVE('',#987,#987,#989,.T.);
#987 = VERTEX_POINT('',#988);
#988 = CARTESIAN_POINT('',(1.5,21.920310216783,26.));
#989 = CIRCLE('',#990,1.5);
#990 = AXIS2_PLACEMENT_3D('',#991,#992,#993);
#991 = CARTESIAN_POINT('',(0.,21.920310216783,26.));
#992 = DIRECTION('',(0.,0.,-1.));
#993 = DIRECTION('',(1.,0.,0.));
#994 = FACE_BOUND('',#995,.T.);
#995 = EDGE_LOOP('',(#996));
#996 = ORIENTED_EDGE('',*,*,#997,.F.);
#997 = EDGE_CURVE('',#998,#998,#1000,.T.);
#998 = VERTEX_POINT('',#999);
#999 = CARTESIAN_POINT('',(51.95,0.,26.));
#1000 = CIRCLE('',#1001,1.95);
#1001 = AXIS2_PLACEMENT_3D('',#1002,#1003,#1004);
#1002 = CARTESIAN_POINT('',(50.,0.,26.));
#1003 = DIRECTION('',(0.,0.,1.));
#1004 = DIRECTION('',(1.,0.,0.));
#1005 = FACE_BOUND('',#1006,.T.);
#1006 = EDGE_LOOP('',(#1007));
#1007 = ORIENTED_EDGE('',*,*,#1008,.F.);
#1008 = EDGE_CURVE('',#1009,#1009,#1011,.T.);
#1009 = VERTEX_POINT('',#1010);
#1010 = CARTESIAN_POINT('',(1.95,50.,26.));
#1011 = CIRCLE('',#1012,1.95);
#1012 = AXIS2_PLACEMENT_3D('',#1013,#1014,#1015);
#1013 = CARTESIAN_POINT('',(0.,50.,26.));
#1014 = DIRECTION('',(0.,0.,1.));
#1015 = DIRECTION('',(1.,0.,0.));
#1016 = PLANE('',#1017);
#1017 = AXIS2_PLACEMENT_3D('',#1018,#1019,#1020);
#1018 = CARTESIAN_POINT('',(-4.31613382615E-15,-1.637154209919E-15,26.)
  );
#1019 = DIRECTION('',(0.,0.,1.));
#1020 = DIRECTION('',(1.,0.,0.));
#1021 = ADVANCED_FACE('',(#1022),#1051,.T.);
#1022 = FACE_BOUND('',#1023,.T.);
#1023 = EDGE_LOOP('',(#1024,#1038,#1039,#1040));
#1024 = ORIENTED_EDGE('',*,*,#1025,.F.);
#1025 = EDGE_CURVE('',#67,#1026,#1028,.T.);
#1026 = VERTEX_POINT('',#1027);
#1027 = CARTESIAN_POINT('',(-21.5153551543,-38.06165383406,13.));
#1028 = B_SPLINE_CURVE_WITH_KNOTS('',8,(#1029,#1030,#1031,#1032,#1033,
    #1034,#1035,#1036,#1037),.UNSPECIFIED.,.F.,.F.,(9,9),(0.,1.),
  .PIECEWISE_BEZIER_KNOTS.);
#1029 = CARTESIAN_POINT('',(-21.28116310886,-39.64986881105,13.));
#1030 = CARTESIAN_POINT('',(-21.4864171093,-39.53970340589,13.));
#1031 = CARTESIAN_POINT('',(-21.66234203496,-39.37489318865,13.));
#1032 = CARTESIAN_POINT('',(-21.79196463189,-39.16455076391,13.));
#1033 = CARTESIAN_POINT('',(-21.86171080361,-38.92410011586,13.));
#1034 = CARTESIAN_POINT('',(-21.86433591356,-38.67375205531,13.));
#1035 = CARTESIAN_POINT('',(-21.80094268292,-38.43494826224,13.));
#1036 = CARTESIAN_POINT('',(-21.68007555557,-38.22637423533,13.));
#1037 = CARTESIAN_POINT('',(-21.5153551543,-38.06165383406,13.));
#1038 = ORIENTED_EDGE('',*,*,#74,.T.);
#1039 = ORIENTED_EDGE('',*,*,#505,.T.);
#1040 = ORIENTED_EDGE('',*,*,#1041,.F.);
#1041 = EDGE_CURVE('',#1026,#506,#1042,.T.);
#1042 = B_SPLINE_CURVE_WITH_KNOTS('',7,(#1043,#1044,#1045,#1046,#1047,
    #1048,#1049,#1050),.UNSPECIFIED.,.F.,.F.,(8,8),(0.,1.),
  .PIECEWISE_BEZIER_KNOTS.);
#1043 = CARTESIAN_POINT('',(-21.5153551543,-38.06165383406,13.));
#1044 = CARTESIAN_POINT('',(-21.54450914317,-38.09080782294,13.));
#1045 = CARTESIAN_POINT('',(-21.57366313205,-38.11996181182,13.));
#1046 = CARTESIAN_POINT('',(-21.60281712093,-38.14911580069,13.));
#1047 = CARTESIAN_POINT('',(-21.63197110981,-38.17826978957,13.));
#1048 = CARTESIAN_POINT('',(-21.66112509868,-38.20742377845,13.));
#1049 = CARTESIAN_POINT('',(-21.69027908756,-38.23657776733,13.));
#1050 = CARTESIAN_POINT('',(-21.71943307644,-38.2657317562,13.));
#1051 = B_SPLINE_SURFACE_WITH_KNOTS('',7,8,(
    (#1052,#1053,#1054,#1055,#1056,#1057,#1058,#1059,#1060)
    ,(#1061,#1062,#1063,#1064,#1065,#1066,#1067,#1068,#1069)
    ,(#1070,#1071,#1072,#1073,#1074,#1075,#1076,#1077,#1078)
    ,(#1079,#1080,#1081,#1082,#1083,#1084,#1085,#1086,#1087)
    ,(#1088,#1089,#1090,#1091,#1092,#1093,#1094,#1095,#1096)
    ,(#1097,#1098,#1099,#1100,#1101,#1102,#1103,#1104,#1105)
    ,(#1106,#1107,#1108,#1109,#1110,#1111,#1112,#1113,#1114)
    ,(#1115,#1116,#1117,#1118,#1119,#1120,#1121,#1122,#1123
  )),.UNSPECIFIED.,.F.,.F.,.F.,(8,8),(9,9),(0.,1.),(0.,1.),
  .PIECEWISE_BEZIER_KNOTS.);
#1052 = CARTESIAN_POINT('',(-21.28116310886,-39.64986881105,13.));
#1053 = CARTESIAN_POINT('',(-21.4864171093,-39.53970340589,13.));
#1054 = CARTESIAN_POINT('',(-21.66234203496,-39.37489318865,13.));
#1055 = CARTESIAN_POINT('',(-21.79196463189,-39.16455076391,13.));
#1056 = CARTESIAN_POINT('',(-21.86171080361,-38.92410011586,13.));
#1057 = CARTESIAN_POINT('',(-21.86433591356,-38.67375205531,13.));
#1058 = CARTESIAN_POINT('',(-21.80094268292,-38.43494826224,13.));
#1059 = CARTESIAN_POINT('',(-21.68007555557,-38.22637423533,13.));
#1060 = CARTESIAN_POINT('',(-21.5153551543,-38.06165383406,13.));
#1061 = CARTESIAN_POINT('',(-21.28116310886,-39.64986881105,
    13.22850679156));
#1062 = CARTESIAN_POINT('',(-21.47384238462,-39.54645260267,
    13.189750651065));
#1063 = CARTESIAN_POINT('',(-21.64087100945,-39.39510871134,
    13.150994501741));
#1064 = CARTESIAN_POINT('',(-21.77097351459,-39.20134807896,
    13.113886282677));
#1065 = CARTESIAN_POINT('',(-21.85699005677,-38.97107990579,
    13.080073573526));
#1066 = CARTESIAN_POINT('',(-21.87265818963,-38.70963739057,
    13.051001751711));
#1067 = CARTESIAN_POINT('',(-21.81053279089,-38.46318152445,
    13.027706810599));
#1068 = CARTESIAN_POINT('',(-21.69429979607,-38.25418130907,
    13.010706206088));
#1069 = CARTESIAN_POINT('',(-21.54450914317,-38.09080782294,13.));
#1070 = CARTESIAN_POINT('',(-21.35817025934,-39.60854137947,
    13.456887574922));
#1071 = CARTESIAN_POINT('',(-21.52843452348,-39.51664047449,
    13.379391044957));
#1072 = CARTESIAN_POINT('',(-21.68472296211,-39.36938354488,
    13.319975336927));
#1073 = CARTESIAN_POINT('',(-21.79047293557,-39.20314529163,
    13.23563252762));
#1074 = CARTESIAN_POINT('',(-21.8590764692,-39.00170122512,
    13.149385360232));
#1075 = CARTESIAN_POINT('',(-21.86090792739,-38.75360239596,
    13.072213464927));
#1076 = CARTESIAN_POINT('',(-21.79228429766,-38.51103987739,
    13.01929397692));
#1077 = CARTESIAN_POINT('',(-21.69960219867,-38.28596166705,
    13.011673597376));
#1078 = CARTESIAN_POINT('',(-21.57366313205,-38.11996181182,13.));
#1079 = CARTESIAN_POINT('',(-21.48931643343,-39.53813822853,
    13.644426660404));
#1080 = CARTESIAN_POINT('',(-21.63030708952,-39.46121538362,
    13.533294953204));
#1081 = CARTESIAN_POINT('',(-21.75161296256,-39.34324585563,
    13.43041099239));
#1082 = CARTESIAN_POINT('',(-21.84191610183,-39.19660126436,
    13.31697169643));
#1083 = CARTESIAN_POINT('',(-21.90168338458,-39.01278986308,
    13.201622488612));
#1084 = CARTESIAN_POINT('',(-21.89689126831,-38.77383162422,
    13.097630304516));
#1085 = CARTESIAN_POINT('',(-21.82493498909,-38.53324116397,
    13.029891751261));
#1086 = CARTESIAN_POINT('',(-21.72175549924,-38.31804757185,
    13.006604221528));
#1087 = CARTESIAN_POINT('',(-21.60281712093,-38.14911580069,13.));
#1088 = CARTESIAN_POINT('',(-21.6376427052,-39.4572733282,
    13.801452386425));
#1089 = CARTESIAN_POINT('',(-21.74729636043,-39.39680612804,
    13.660499671922));
#1090 = CARTESIAN_POINT('',(-21.83256186594,-39.30867464883,
    13.513680942769));
#1091 = CARTESIAN_POINT('',(-21.90488374291,-39.17910938615,
    13.37698775453));
#1092 = CARTESIAN_POINT('',(-21.9502530866,-39.01147946552,
    13.24021107975));
#1093 = CARTESIAN_POINT('',(-21.93572424863,-38.78664483802,
    13.117220932607));
#1094 = CARTESIAN_POINT('',(-21.86133130231,-38.55240496612,
    13.039945910668));
#1095 = CARTESIAN_POINT('',(-21.74779091487,-38.35022273028,
    12.999200126204));
#1096 = CARTESIAN_POINT('',(-21.63197110981,-38.17826978957,13.));
#1097 = CARTESIAN_POINT('',(-21.81539977202,-39.35957639876,
    13.927931880043));
#1098 = CARTESIAN_POINT('',(-21.89008528335,-39.31776304924,
    13.760976437288));
#1099 = CARTESIAN_POINT('',(-21.93608702288,-39.25711286704,
    13.575558227563));
#1100 = CARTESIAN_POINT('',(-21.9820367841,-39.14438027203,
    13.418998253741));
#1101 = CARTESIAN_POINT('',(-22.00338528503,-38.99352740027,
    13.266999576465));
#1102 = CARTESIAN_POINT('',(-21.9736069018,-38.78936632107,
    13.132646292917));
#1103 = CARTESIAN_POINT('',(-21.89552579238,-38.56905139191,
    13.04908759293));
#1104 = CARTESIAN_POINT('',(-21.77442504233,-38.38140798809,
    12.993163359066));
#1105 = CARTESIAN_POINT('',(-21.66112509868,-38.20742377845,13.));
#1106 = CARTESIAN_POINT('',(-22.01434402434,-39.24819569137,14.));
#1107 = CARTESIAN_POINT('',(-22.05158655983,-39.22705701925,
    13.813843250701));
#1108 = CARTESIAN_POINT('',(-22.06954735793,-39.17152278766,
    13.627883190169));
#1109 = CARTESIAN_POINT('',(-22.06570460978,-39.08272379799,
    13.4468222132));
#1110 = CARTESIAN_POINT('',(-22.03672118744,-38.96040050274,
    13.273202142817));
#1111 = CARTESIAN_POINT('',(-21.97382429875,-38.79380747209,
    13.124105481957));
#1112 = CARTESIAN_POINT('',(-21.88650404195,-38.60245010584,
    13.030435400877));
#1113 = CARTESIAN_POINT('',(-21.78868909872,-38.41138705208,
    12.992195967778));
#1114 = CARTESIAN_POINT('',(-21.69027908756,-38.23657776733,13.));
#1115 = CARTESIAN_POINT('',(-22.21305655545,-39.13540747793,14.));
#1116 = CARTESIAN_POINT('',(-22.21305655545,-39.13540747793,
    13.803650459151));
#1117 = CARTESIAN_POINT('',(-22.19130711551,-39.09708887949,
    13.607300856496));
#1118 = CARTESIAN_POINT('',(-22.14780844926,-39.02045205897,
    13.422486765665));
#1119 = CARTESIAN_POINT('',(-22.08434855535,-38.90864714818,
    13.26074124422));
#1120 = CARTESIAN_POINT('',(-22.00450716834,-38.76798099508,
    13.132181934129));
#1121 = CARTESIAN_POINT('',(-21.91327859386,-38.60725266725,
    13.044060788961));
#1122 = CARTESIAN_POINT('',(-21.81635581989,-38.43649218485,13.));
#1123 = CARTESIAN_POINT('',(-21.71943307644,-38.2657317562,13.));
#1124 = ADVANCED_FACE('',(#1125),#1136,.F.);
#1125 = FACE_BOUND('',#1126,.F.);
#1126 = EDGE_LOOP('',(#1127,#1128,#1129,#1130));
#1127 = ORIENTED_EDGE('',*,*,#298,.F.);
#1128 = ORIENTED_EDGE('',*,*,#49,.T.);
#1129 = ORIENTED_EDGE('',*,*,#666,.T.);
#1130 = ORIENTED_EDGE('',*,*,#1131,.F.);
#1131 = EDGE_CURVE('',#290,#667,#1132,.T.);
#1132 = LINE('',#1133,#1134);
#1133 = CARTESIAN_POINT('',(-15.,-52.4264068712,10.));
#1134 = VECTOR('',#1135,1.);
#1135 = DIRECTION('',(0.,0.,1.));
#1136 = PLANE('',#1137);
#1137 = AXIS2_PLACEMENT_3D('',#1138,#1139,#1140);
#1138 = CARTESIAN_POINT('',(-15.,-42.4264068712,10.));
#1139 = DIRECTION('',(1.,-2.22044604925E-16,0.));
#1140 = DIRECTION('',(-2.22044604925E-16,-1.,0.));
#1141 = ADVANCED_FACE('',(#1142),#1153,.T.);
#1142 = FACE_BOUND('',#1143,.T.);
#1143 = EDGE_LOOP('',(#1144,#1145,#1151,#1152));
#1144 = ORIENTED_EDGE('',*,*,#1025,.T.);
#1145 = ORIENTED_EDGE('',*,*,#1146,.T.);
#1146 = EDGE_CURVE('',#1026,#306,#1147,.T.);
#1147 = LINE('',#1148,#1149);
#1148 = CARTESIAN_POINT('',(-21.5153551543,-38.06165383406,13.));
#1149 = VECTOR('',#1150,1.);
#1150 = DIRECTION('',(-0.,-0.,-1.));
#1151 = ORIENTED_EDGE('',*,*,#305,.F.);
#1152 = ORIENTED_EDGE('',*,*,#66,.F.);
#1153 = CYLINDRICAL_SURFACE('',#1154,1.);
#1154 = AXIS2_PLACEMENT_3D('',#1155,#1156,#1157);
#1155 = CARTESIAN_POINT('',(-20.80824837311,-38.76876061525,13.));
#1156 = DIRECTION('',(-0.,-0.,-1.));
#1157 = DIRECTION('',(-0.472914735753,-0.881108195801,0.));
#1158 = ADVANCED_FACE('',(#1159),#1187,.T.);
#1159 = FACE_BOUND('',#1160,.T.);
#1160 = EDGE_LOOP('',(#1161,#1162,#1170,#1180,#1186));
#1161 = ORIENTED_EDGE('',*,*,#358,.F.);
#1162 = ORIENTED_EDGE('',*,*,#1163,.T.);
#1163 = EDGE_CURVE('',#350,#1164,#1166,.T.);
#1164 = VERTEX_POINT('',#1165);
#1165 = CARTESIAN_POINT('',(-35.8386168672,-19.29231818744,
    13.045636876624));
#1166 = LINE('',#1167,#1168);
#1167 = CARTESIAN_POINT('',(-35.8386168672,-19.29231818744,10.));
#1168 = VECTOR('',#1169,1.);
#1169 = DIRECTION('',(0.,0.,1.));
#1170 = ORIENTED_EDGE('',*,*,#1171,.T.);
#1171 = EDGE_CURVE('',#1164,#1172,#1174,.T.);
#1172 = VERTEX_POINT('',#1173);
#1173 = CARTESIAN_POINT('',(-36.05902704781,-19.51272836804,13.));
#1174 = B_SPLINE_CURVE_WITH_KNOTS('',4,(#1175,#1176,#1177,#1178,#1179),
  .UNSPECIFIED.,.F.,.F.,(5,5),(0.,1.),.PIECEWISE_BEZIER_KNOTS.);
#1175 = CARTESIAN_POINT('',(-35.8386168672,-19.29231818744,
    13.045636876624));
#1176 = CARTESIAN_POINT('',(-35.89211536911,-19.34581668934,
    13.022960425537));
#1177 = CARTESIAN_POINT('',(-35.94721638934,-19.40091770957,
    13.007654984353));
#1178 = CARTESIAN_POINT('',(-36.00312408952,-19.45682540975,13.));
#1179 = CARTESIAN_POINT('',(-36.05902704781,-19.51272836804,13.));
#1180 = ORIENTED_EDGE('',*,*,#1181,.T.);
#1181 = EDGE_CURVE('',#1172,#457,#1182,.T.);
#1182 = LINE('',#1183,#1184);
#1183 = CARTESIAN_POINT('',(-35.32042276993,-18.77412409016,13.));
#1184 = VECTOR('',#1185,1.);
#1185 = DIRECTION('',(-0.707106781187,-0.707106781187,0.));
#1186 = ORIENTED_EDGE('',*,*,#465,.T.);
#1187 = PLANE('',#1188);
#1188 = AXIS2_PLACEMENT_3D('',#1189,#1190,#1191);
#1189 = CARTESIAN_POINT('',(-35.32042276993,-18.77412409016,10.));
#1190 = DIRECTION('',(0.707106781187,-0.707106781187,0.));
#1191 = DIRECTION('',(-0.707106781187,-0.707106781187,0.));
#1192 = ADVANCED_FACE('',(#1193),#1204,.T.);
#1193 = FACE_BOUND('',#1194,.F.);
#1194 = EDGE_LOOP('',(#1195,#1196,#1202,#1203));
#1195 = ORIENTED_EDGE('',*,*,#119,.T.);
#1196 = ORIENTED_EDGE('',*,*,#1197,.T.);
#1197 = EDGE_CURVE('',#120,#650,#1198,.T.);
#1198 = LINE('',#1199,#1200);
#1199 = CARTESIAN_POINT('',(-57.4264068712,-10.,10.));
#1200 = VECTOR('',#1201,1.);
#1201 = DIRECTION('',(0.,0.,1.));
#1202 = ORIENTED_EDGE('',*,*,#657,.F.);
#1203 = ORIENTED_EDGE('',*,*,#482,.F.);
#1204 = CYLINDRICAL_SURFACE('',#1205,5.);
#1205 = AXIS2_PLACEMENT_3D('',#1206,#1207,#1208);
#1206 = CARTESIAN_POINT('',(-52.4264068712,-10.,10.));
#1207 = DIRECTION('',(0.,0.,1.));
#1208 = DIRECTION('',(-1.224646799147E-16,-1.,0.));
#1209 = ADVANCED_FACE('',(#1210),#1242,.T.);
#1210 = FACE_BOUND('',#1211,.T.);
#1211 = EDGE_LOOP('',(#1212,#1213,#1221,#1241));
#1212 = ORIENTED_EDGE('',*,*,#349,.T.);
#1213 = ORIENTED_EDGE('',*,*,#1214,.T.);
#1214 = EDGE_CURVE('',#341,#1215,#1217,.T.);
#1215 = VERTEX_POINT('',#1216);
#1216 = CARTESIAN_POINT('',(-35.65436453501,-18.13191356707,14.));
#1217 = LINE('',#1218,#1219);
#1218 = CARTESIAN_POINT('',(-35.65436453501,-18.13191356707,10.));
#1219 = VECTOR('',#1220,1.);
#1220 = DIRECTION('',(0.,0.,1.));
#1221 = ORIENTED_EDGE('',*,*,#1222,.T.);
#1222 = EDGE_CURVE('',#1215,#1164,#1223,.T.);
#1223 = B_SPLINE_CURVE_WITH_KNOTS('',6,(#1224,#1225,#1226,#1227,#1228,
    #1229,#1230,#1231,#1232,#1233,#1234,#1235,#1236,#1237,#1238,#1239,
    #1240),.UNSPECIFIED.,.F.,.F.,(7,5,5,7),(0.,0.365844045828,
    0.707790286039,1.),.UNSPECIFIED.);
#1224 = CARTESIAN_POINT('',(-35.65436453501,-18.13191356707,14.));
#1225 = CARTESIAN_POINT('',(-35.62261937418,-18.19433760657,
    13.92909774037));
#1226 = CARTESIAN_POINT('',(-35.59612275093,-18.25942095521,
    13.858204394042));
#1227 = CARTESIAN_POINT('',(-35.57503025615,-18.32686224894,
    13.787686931957));
#1228 = CARTESIAN_POINT('',(-35.55956148015,-18.39636330658,
    13.717939176134));
#1229 = CARTESIAN_POINT('',(-35.55000720183,-18.46760335624,
    13.649407068635));
#1230 = CARTESIAN_POINT('',(-35.54367959893,-18.60808011527,
    13.520183898842));
#1231 = CARTESIAN_POINT('',(-35.54611391736,-18.67711811395,
    13.459296931806));
#1232 = CARTESIAN_POINT('',(-35.55433438536,-18.74704030212,
    13.400363879361));
#1233 = CARTESIAN_POINT('',(-35.5687154732,-18.81744074497,
    13.343938222767));
#1234 = CARTESIAN_POINT('',(-35.58965384505,-18.88776179307,
    13.290714741165));
#1235 = CARTESIAN_POINT('',(-35.64131617446,-19.01665209984,
    13.199495846297));
#1236 = CARTESIAN_POINT('',(-35.67016784937,-19.0754287889,
    13.16042134832));
#1237 = CARTESIAN_POINT('',(-35.70427767709,-19.13310573719,
    13.124839033266));
#1238 = CARTESIAN_POINT('',(-35.74379221925,-19.18903361543,
    13.093394558247));
#1239 = CARTESIAN_POINT('',(-35.78869231361,-19.24239363384,
    13.066798435496));
#1240 = CARTESIAN_POINT('',(-35.8386168672,-19.29231818744,
    13.045636876624));
#1241 = ORIENTED_EDGE('',*,*,#1163,.F.);
#1242 = CYLINDRICAL_SURFACE('',#1243,1.);
#1243 = AXIS2_PLACEMENT_3D('',#1244,#1245,#1246);
#1244 = CARTESIAN_POINT('',(-36.54572364839,-18.58521140625,10.));
#1245 = DIRECTION('',(0.,0.,1.));
#1246 = DIRECTION('',(0.707106781187,-0.707106781187,0.));
#1247 = ADVANCED_FACE('',(#1248),#1259,.F.);
#1248 = FACE_BOUND('',#1249,.F.);
#1249 = EDGE_LOOP('',(#1250,#1251,#1257,#1258));
#1250 = ORIENTED_EDGE('',*,*,#128,.F.);
#1251 = ORIENTED_EDGE('',*,*,#1252,.T.);
#1252 = EDGE_CURVE('',#129,#641,#1253,.T.);
#1253 = LINE('',#1254,#1255);
#1254 = CARTESIAN_POINT('',(-57.4264068712,10.,10.));
#1255 = VECTOR('',#1256,1.);
#1256 = DIRECTION('',(0.,0.,1.));
#1257 = ORIENTED_EDGE('',*,*,#649,.T.);
#1258 = ORIENTED_EDGE('',*,*,#1197,.F.);
#1259 = PLANE('',#1260);
#1260 = AXIS2_PLACEMENT_3D('',#1261,#1262,#1263);
#1261 = CARTESIAN_POINT('',(-57.4264068712,15.,10.));
#1262 = DIRECTION('',(1.,-1.224646799147E-16,0.));
#1263 = DIRECTION('',(-1.224646799147E-16,-1.,0.));
#1264 = ADVANCED_FACE('',(#1265),#1301,.F.);
#1265 = FACE_BOUND('',#1266,.F.);
#1266 = EDGE_LOOP('',(#1267,#1268,#1276,#1283,#1284,#1285,#1286,#1295));
#1267 = ORIENTED_EDGE('',*,*,#331,.F.);
#1268 = ORIENTED_EDGE('',*,*,#1269,.T.);
#1269 = EDGE_CURVE('',#332,#1270,#1272,.T.);
#1270 = VERTEX_POINT('',#1271);
#1271 = CARTESIAN_POINT('',(40.,0.,22.));
#1272 = LINE('',#1273,#1274);
#1273 = CARTESIAN_POINT('',(40.,0.,10.));
#1274 = VECTOR('',#1275,1.);
#1275 = DIRECTION('',(0.,0.,1.));
#1276 = ORIENTED_EDGE('',*,*,#1277,.T.);
#1277 = EDGE_CURVE('',#1270,#1270,#1278,.T.);
#1278 = CIRCLE('',#1279,40.);
#1279 = AXIS2_PLACEMENT_3D('',#1280,#1281,#1282);
#1280 = CARTESIAN_POINT('',(0.,0.,22.));
#1281 = DIRECTION('',(0.,0.,-1.));
#1282 = DIRECTION('',(1.,0.,0.));
#1283 = ORIENTED_EDGE('',*,*,#1269,.F.);
#1284 = ORIENTED_EDGE('',*,*,#340,.F.);
#1285 = ORIENTED_EDGE('',*,*,#1214,.T.);
#1286 = ORIENTED_EDGE('',*,*,#1287,.F.);
#1287 = EDGE_CURVE('',#1288,#1215,#1290,.T.);
#1288 = VERTEX_POINT('',#1289);
#1289 = CARTESIAN_POINT('',(-18.13191356707,-35.65436453501,14.));
#1290 = CIRCLE('',#1291,40.);
#1291 = AXIS2_PLACEMENT_3D('',#1292,#1293,#1294);
#1292 = CARTESIAN_POINT('',(0.,0.,14.));
#1293 = DIRECTION('',(-0.,0.,-1.));
#1294 = DIRECTION('',(-0.469353102254,-0.883010569248,0.));
#1295 = ORIENTED_EDGE('',*,*,#1296,.F.);
#1296 = EDGE_CURVE('',#323,#1288,#1297,.T.);
#1297 = LINE('',#1298,#1299);
#1298 = CARTESIAN_POINT('',(-18.13191356707,-35.65436453501,10.));
#1299 = VECTOR('',#1300,1.);
#1300 = DIRECTION('',(0.,0.,1.));
#1301 = CYLINDRICAL_SURFACE('',#1302,40.);
#1302 = AXIS2_PLACEMENT_3D('',#1303,#1304,#1305);
#1303 = CARTESIAN_POINT('',(0.,0.,10.));
#1304 = DIRECTION('',(0.,0.,-1.));
#1305 = DIRECTION('',(1.,0.,0.));
#1306 = ADVANCED_FACE('',(#1307),#1318,.T.);
#1307 = FACE_BOUND('',#1308,.F.);
#1308 = EDGE_LOOP('',(#1309,#1310,#1316,#1317));
#1309 = ORIENTED_EDGE('',*,*,#136,.T.);
#1310 = ORIENTED_EDGE('',*,*,#1311,.T.);
#1311 = EDGE_CURVE('',#137,#633,#1312,.T.);
#1312 = LINE('',#1313,#1314);
#1313 = CARTESIAN_POINT('',(-52.4264068712,15.,10.));
#1314 = VECTOR('',#1315,1.);
#1315 = DIRECTION('',(0.,0.,1.));
#1316 = ORIENTED_EDGE('',*,*,#640,.F.);
#1317 = ORIENTED_EDGE('',*,*,#1252,.F.);
#1318 = CYLINDRICAL_SURFACE('',#1319,5.);
#1319 = AXIS2_PLACEMENT_3D('',#1320,#1321,#1322);
#1320 = CARTESIAN_POINT('',(-52.4264068712,10.,10.));
#1321 = DIRECTION('',(0.,0.,1.));
#1322 = DIRECTION('',(-1.,1.224646799147E-16,0.));
#1323 = ADVANCED_FACE('',(#1324),#1335,.F.);
#1324 = FACE_BOUND('',#1325,.F.);
#1325 = EDGE_LOOP('',(#1326,#1327,#1333,#1334));
#1326 = ORIENTED_EDGE('',*,*,#145,.F.);
#1327 = ORIENTED_EDGE('',*,*,#1328,.T.);
#1328 = EDGE_CURVE('',#146,#624,#1329,.T.);
#1329 = LINE('',#1330,#1331);
#1330 = CARTESIAN_POINT('',(-42.4264068712,15.,10.));
#1331 = VECTOR('',#1332,1.);
#1332 = DIRECTION('',(0.,0.,1.));
#1333 = ORIENTED_EDGE('',*,*,#632,.T.);
#1334 = ORIENTED_EDGE('',*,*,#1311,.F.);
#1335 = PLANE('',#1336);
#1336 = AXIS2_PLACEMENT_3D('',#1337,#1338,#1339);
#1337 = CARTESIAN_POINT('',(-42.4264068712,15.,10.));
#1338 = DIRECTION('',(-1.224646799147E-16,-1.,0.));
#1339 = DIRECTION('',(-1.,1.224646799147E-16,0.));
#1340 = ADVANCED_FACE('',(#1341),#1373,.T.);
#1341 = FACE_BOUND('',#1342,.F.);
#1342 = EDGE_LOOP('',(#1343,#1344,#1345,#1367));
#1343 = ORIENTED_EDGE('',*,*,#322,.T.);
#1344 = ORIENTED_EDGE('',*,*,#1296,.T.);
#1345 = ORIENTED_EDGE('',*,*,#1346,.T.);
#1346 = EDGE_CURVE('',#1288,#1347,#1349,.T.);
#1347 = VERTEX_POINT('',#1348);
#1348 = CARTESIAN_POINT('',(-19.29231818744,-35.8386168672,
    13.045636876624));
#1349 = B_SPLINE_CURVE_WITH_KNOTS('',6,(#1350,#1351,#1352,#1353,#1354,
    #1355,#1356,#1357,#1358,#1359,#1360,#1361,#1362,#1363,#1364,#1365,
    #1366),.UNSPECIFIED.,.F.,.F.,(7,5,5,7),(0.,0.365844046413,
    0.707790286319,1.),.UNSPECIFIED.);
#1350 = CARTESIAN_POINT('',(-18.13191356484,-35.65436453615,14.));
#1351 = CARTESIAN_POINT('',(-18.19433760795,-35.6226193734,
    13.929097742766));
#1352 = CARTESIAN_POINT('',(-18.25942095363,-35.59612275161,
    13.858204394012));
#1353 = CARTESIAN_POINT('',(-18.32686224764,-35.57503025668,
    13.787686931826));
#1354 = CARTESIAN_POINT('',(-18.39636330705,-35.55956147979,
    13.717939177006));
#1355 = CARTESIAN_POINT('',(-18.46760335608,-35.55000720184,
    13.649407068775));
#1356 = CARTESIAN_POINT('',(-18.60808011529,-35.54367959893,
    13.520183898817));
#1357 = CARTESIAN_POINT('',(-18.67711811398,-35.54611391736,
    13.459296931782));
#1358 = CARTESIAN_POINT('',(-18.74704030215,-35.55433438536,
    13.400363879339));
#1359 = CARTESIAN_POINT('',(-18.817440745,-35.56871547321,
    13.343938222745));
#1360 = CARTESIAN_POINT('',(-18.88776179309,-35.58965384506,
    13.290714741145));
#1361 = CARTESIAN_POINT('',(-19.01665209986,-35.64131617447,
    13.199495846283));
#1362 = CARTESIAN_POINT('',(-19.07542878892,-35.67016784938,
    13.16042134831));
#1363 = CARTESIAN_POINT('',(-19.1331057372,-35.7042776771,
    13.124839033259));
#1364 = CARTESIAN_POINT('',(-19.18903361544,-35.74379221925,
    13.093394558243));
#1365 = CARTESIAN_POINT('',(-19.24239363385,-35.78869231361,
    13.066798435494));
#1366 = CARTESIAN_POINT('',(-19.29231818744,-35.8386168672,
    13.045636876624));
#1367 = ORIENTED_EDGE('',*,*,#1368,.F.);
#1368 = EDGE_CURVE('',#315,#1347,#1369,.T.);
#1369 = LINE('',#1370,#1371);
#1370 = CARTESIAN_POINT('',(-19.29231818744,-35.8386168672,10.));
#1371 = VECTOR('',#1372,1.);
#1372 = DIRECTION('',(0.,0.,1.));
#1373 = CYLINDRICAL_SURFACE('',#1374,1.);
#1374 = AXIS2_PLACEMENT_3D('',#1375,#1376,#1377);
#1375 = CARTESIAN_POINT('',(-18.58521140625,-36.54572364839,10.));
#1376 = DIRECTION('',(0.,0.,1.));
#1377 = DIRECTION('',(-0.707106781187,0.707106781187,0.));
#1378 = ADVANCED_FACE('',(#1379),#1390,.T.);
#1379 = FACE_BOUND('',#1380,.F.);
#1380 = EDGE_LOOP('',(#1381,#1382,#1388,#1389));
#1381 = ORIENTED_EDGE('',*,*,#153,.F.);
#1382 = ORIENTED_EDGE('',*,*,#1383,.T.);
#1383 = EDGE_CURVE('',#154,#616,#1384,.T.);
#1384 = LINE('',#1385,#1386);
#1385 = CARTESIAN_POINT('',(-15.,42.426406871207,10.));
#1386 = VECTOR('',#1387,1.);
#1387 = DIRECTION('',(0.,0.,1.));
#1388 = ORIENTED_EDGE('',*,*,#623,.T.);
#1389 = ORIENTED_EDGE('',*,*,#1328,.F.);
#1390 = CYLINDRICAL_SURFACE('',#1391,45.);
#1391 = AXIS2_PLACEMENT_3D('',#1392,#1393,#1394);
#1392 = CARTESIAN_POINT('',(0.,0.,10.));
#1393 = DIRECTION('',(-0.,-0.,-1.));
#1394 = DIRECTION('',(1.,0.,0.));
#1395 = ADVANCED_FACE('',(#1396),#1417,.F.);
#1396 = FACE_BOUND('',#1397,.F.);
#1397 = EDGE_LOOP('',(#1398,#1399,#1400,#1410,#1416));
#1398 = ORIENTED_EDGE('',*,*,#314,.F.);
#1399 = ORIENTED_EDGE('',*,*,#1368,.T.);
#1400 = ORIENTED_EDGE('',*,*,#1401,.T.);
#1401 = EDGE_CURVE('',#1347,#1402,#1404,.T.);
#1402 = VERTEX_POINT('',#1403);
#1403 = CARTESIAN_POINT('',(-19.51272836804,-36.05902704781,13.));
#1404 = B_SPLINE_CURVE_WITH_KNOTS('',4,(#1405,#1406,#1407,#1408,#1409),
  .UNSPECIFIED.,.F.,.F.,(5,5),(0.,1.),.PIECEWISE_BEZIER_KNOTS.);
#1405 = CARTESIAN_POINT('',(-19.29231818744,-35.8386168672,
    13.045636876624));
#1406 = CARTESIAN_POINT('',(-19.34581668934,-35.89211536911,
    13.022960425537));
#1407 = CARTESIAN_POINT('',(-19.40091770957,-35.94721638934,
    13.007654984353));
#1408 = CARTESIAN_POINT('',(-19.45682540975,-36.00312408952,13.));
#1409 = CARTESIAN_POINT('',(-19.51272836804,-36.05902704781,13.));
#1410 = ORIENTED_EDGE('',*,*,#1411,.T.);
#1411 = EDGE_CURVE('',#1402,#1026,#1412,.T.);
#1412 = LINE('',#1413,#1414);
#1413 = CARTESIAN_POINT('',(-18.77412409016,-35.32042276993,13.));
#1414 = VECTOR('',#1415,1.);
#1415 = DIRECTION('',(-0.707106781187,-0.707106781187,0.));
#1416 = ORIENTED_EDGE('',*,*,#1146,.T.);
#1417 = PLANE('',#1418);
#1418 = AXIS2_PLACEMENT_3D('',#1419,#1420,#1421);
#1419 = CARTESIAN_POINT('',(-18.77412409016,-35.32042276993,10.));
#1420 = DIRECTION('',(0.707106781187,-0.707106781187,0.));
#1421 = DIRECTION('',(-0.707106781187,-0.707106781187,0.));
#1422 = ADVANCED_FACE('',(#1423),#1434,.F.);
#1423 = FACE_BOUND('',#1424,.F.);
#1424 = EDGE_LOOP('',(#1425,#1426,#1432,#1433));
#1425 = ORIENTED_EDGE('',*,*,#162,.F.);
#1426 = ORIENTED_EDGE('',*,*,#1427,.T.);
#1427 = EDGE_CURVE('',#163,#607,#1428,.T.);
#1428 = LINE('',#1429,#1430);
#1429 = CARTESIAN_POINT('',(-15.,52.426406871207,10.));
#1430 = VECTOR('',#1431,1.);
#1431 = DIRECTION('',(0.,0.,1.));
#1432 = ORIENTED_EDGE('',*,*,#615,.T.);
#1433 = ORIENTED_EDGE('',*,*,#1383,.F.);
#1434 = PLANE('',#1435);
#1435 = AXIS2_PLACEMENT_3D('',#1436,#1437,#1438);
#1436 = CARTESIAN_POINT('',(-15.,57.426406871207,10.));
#1437 = DIRECTION('',(1.,-1.110223024625E-16,0.));
#1438 = DIRECTION('',(-1.110223024625E-16,-1.,0.));
#1439 = ADVANCED_FACE('',(#1440),#1451,.T.);
#1440 = FACE_BOUND('',#1441,.F.);
#1441 = EDGE_LOOP('',(#1442,#1443,#1449,#1450));
#1442 = ORIENTED_EDGE('',*,*,#170,.T.);
#1443 = ORIENTED_EDGE('',*,*,#1444,.T.);
#1444 = EDGE_CURVE('',#171,#599,#1445,.T.);
#1445 = LINE('',#1446,#1447);
#1446 = CARTESIAN_POINT('',(-10.,57.426406871207,10.));
#1447 = VECTOR('',#1448,1.);
#1448 = DIRECTION('',(0.,0.,1.));
#1449 = ORIENTED_EDGE('',*,*,#606,.F.);
#1450 = ORIENTED_EDGE('',*,*,#1427,.F.);
#1451 = CYLINDRICAL_SURFACE('',#1452,5.);
#1452 = AXIS2_PLACEMENT_3D('',#1453,#1454,#1455);
#1453 = CARTESIAN_POINT('',(-10.,52.426406871207,10.));
#1454 = DIRECTION('',(0.,0.,1.));
#1455 = DIRECTION('',(-1.,1.110223024625E-16,0.));
#1456 = ADVANCED_FACE('',(#1457),#1468,.F.);
#1457 = FACE_BOUND('',#1458,.F.);
#1458 = EDGE_LOOP('',(#1459,#1460,#1466,#1467));
#1459 = ORIENTED_EDGE('',*,*,#179,.F.);
#1460 = ORIENTED_EDGE('',*,*,#1461,.T.);
#1461 = EDGE_CURVE('',#180,#590,#1462,.T.);
#1462 = LINE('',#1463,#1464);
#1463 = CARTESIAN_POINT('',(10.,57.426406871207,10.));
#1464 = VECTOR('',#1465,1.);
#1465 = DIRECTION('',(0.,0.,1.));
#1466 = ORIENTED_EDGE('',*,*,#598,.T.);
#1467 = ORIENTED_EDGE('',*,*,#1444,.F.);
#1468 = PLANE('',#1469);
#1469 = AXIS2_PLACEMENT_3D('',#1470,#1471,#1472);
#1470 = CARTESIAN_POINT('',(15.,57.426406871207,10.));
#1471 = DIRECTION('',(-1.110223024625E-16,-1.,0.));
#1472 = DIRECTION('',(-1.,1.110223024625E-16,0.));
#1473 = ADVANCED_FACE('',(#1474),#1485,.T.);
#1474 = FACE_BOUND('',#1475,.F.);
#1475 = EDGE_LOOP('',(#1476,#1477,#1483,#1484));
#1476 = ORIENTED_EDGE('',*,*,#187,.T.);
#1477 = ORIENTED_EDGE('',*,*,#1478,.T.);
#1478 = EDGE_CURVE('',#188,#582,#1479,.T.);
#1479 = LINE('',#1480,#1481);
#1480 = CARTESIAN_POINT('',(15.,52.426406871207,10.));
#1481 = VECTOR('',#1482,1.);
#1482 = DIRECTION('',(0.,0.,1.));
#1483 = ORIENTED_EDGE('',*,*,#589,.F.);
#1484 = ORIENTED_EDGE('',*,*,#1461,.F.);
#1485 = CYLINDRICAL_SURFACE('',#1486,5.);
#1486 = AXIS2_PLACEMENT_3D('',#1487,#1488,#1489);
#1487 = CARTESIAN_POINT('',(10.,52.426406871207,10.));
#1488 = DIRECTION('',(0.,0.,1.));
#1489 = DIRECTION('',(1.110223024625E-16,1.,0.));
#1490 = ADVANCED_FACE('',(#1491),#1502,.T.);
#1491 = FACE_BOUND('',#1492,.F.);
#1492 = EDGE_LOOP('',(#1493,#1494,#1495,#1496));
#1493 = ORIENTED_EDGE('',*,*,#289,.T.);
#1494 = ORIENTED_EDGE('',*,*,#1131,.T.);
#1495 = ORIENTED_EDGE('',*,*,#674,.F.);
#1496 = ORIENTED_EDGE('',*,*,#1497,.F.);
#1497 = EDGE_CURVE('',#282,#675,#1498,.T.);
#1498 = LINE('',#1499,#1500);
#1499 = CARTESIAN_POINT('',(-10.,-57.4264068712,10.));
#1500 = VECTOR('',#1501,1.);
#1501 = DIRECTION('',(0.,0.,1.));
#1502 = CYLINDRICAL_SURFACE('',#1503,5.);
#1503 = AXIS2_PLACEMENT_3D('',#1504,#1505,#1506);
#1504 = CARTESIAN_POINT('',(-10.,-52.4264068712,10.));
#1505 = DIRECTION('',(0.,0.,1.));
#1506 = DIRECTION('',(-2.22044604925E-16,-1.,0.));
#1507 = ADVANCED_FACE('',(#1508),#1519,.F.);
#1508 = FACE_BOUND('',#1509,.F.);
#1509 = EDGE_LOOP('',(#1510,#1511,#1517,#1518));
#1510 = ORIENTED_EDGE('',*,*,#196,.F.);
#1511 = ORIENTED_EDGE('',*,*,#1512,.T.);
#1512 = EDGE_CURVE('',#197,#573,#1513,.T.);
#1513 = LINE('',#1514,#1515);
#1514 = CARTESIAN_POINT('',(15.,42.426406871207,10.));
#1515 = VECTOR('',#1516,1.);
#1516 = DIRECTION('',(0.,0.,1.));
#1517 = ORIENTED_EDGE('',*,*,#581,.T.);
#1518 = ORIENTED_EDGE('',*,*,#1478,.F.);
#1519 = PLANE('',#1520);
#1520 = AXIS2_PLACEMENT_3D('',#1521,#1522,#1523);
#1521 = CARTESIAN_POINT('',(15.,42.426406871207,10.));
#1522 = DIRECTION('',(-1.,1.110223024625E-16,0.));
#1523 = DIRECTION('',(1.110223024625E-16,1.,0.));
#1524 = ADVANCED_FACE('',(#1525),#1536,.F.);
#1525 = FACE_BOUND('',#1526,.F.);
#1526 = EDGE_LOOP('',(#1527,#1528,#1529,#1530));
#1527 = ORIENTED_EDGE('',*,*,#281,.F.);
#1528 = ORIENTED_EDGE('',*,*,#1497,.T.);
#1529 = ORIENTED_EDGE('',*,*,#683,.T.);
#1530 = ORIENTED_EDGE('',*,*,#1531,.F.);
#1531 = EDGE_CURVE('',#273,#684,#1532,.T.);
#1532 = LINE('',#1533,#1534);
#1533 = CARTESIAN_POINT('',(10.,-57.4264068712,10.));
#1534 = VECTOR('',#1535,1.);
#1535 = DIRECTION('',(0.,0.,1.));
#1536 = PLANE('',#1537);
#1537 = AXIS2_PLACEMENT_3D('',#1538,#1539,#1540);
#1538 = CARTESIAN_POINT('',(-15.,-57.4264068712,10.));
#1539 = DIRECTION('',(2.22044604925E-16,1.,0.));
#1540 = DIRECTION('',(1.,-2.22044604925E-16,0.));
#1541 = ADVANCED_FACE('',(#1542),#1553,.T.);
#1542 = FACE_BOUND('',#1543,.F.);
#1543 = EDGE_LOOP('',(#1544,#1545,#1551,#1552));
#1544 = ORIENTED_EDGE('',*,*,#204,.F.);
#1545 = ORIENTED_EDGE('',*,*,#1546,.T.);
#1546 = EDGE_CURVE('',#205,#565,#1547,.T.);
#1547 = LINE('',#1548,#1549);
#1548 = CARTESIAN_POINT('',(42.426406871207,15.,10.));
#1549 = VECTOR('',#1550,1.);
#1550 = DIRECTION('',(0.,0.,1.));
#1551 = ORIENTED_EDGE('',*,*,#572,.T.);
#1552 = ORIENTED_EDGE('',*,*,#1512,.F.);
#1553 = CYLINDRICAL_SURFACE('',#1554,45.);
#1554 = AXIS2_PLACEMENT_3D('',#1555,#1556,#1557);
#1555 = CARTESIAN_POINT('',(0.,0.,10.));
#1556 = DIRECTION('',(-0.,-0.,-1.));
#1557 = DIRECTION('',(1.,0.,0.));
#1558 = ADVANCED_FACE('',(#1559),#1570,.T.);
#1559 = FACE_BOUND('',#1560,.F.);
#1560 = EDGE_LOOP('',(#1561,#1562,#1563,#1564));
#1561 = ORIENTED_EDGE('',*,*,#272,.T.);
#1562 = ORIENTED_EDGE('',*,*,#1531,.T.);
#1563 = ORIENTED_EDGE('',*,*,#691,.F.);
#1564 = ORIENTED_EDGE('',*,*,#1565,.F.);
#1565 = EDGE_CURVE('',#265,#692,#1566,.T.);
#1566 = LINE('',#1567,#1568);
#1567 = CARTESIAN_POINT('',(15.,-52.4264068712,10.));
#1568 = VECTOR('',#1569,1.);
#1569 = DIRECTION('',(0.,0.,1.));
#1570 = CYLINDRICAL_SURFACE('',#1571,5.);
#1571 = AXIS2_PLACEMENT_3D('',#1572,#1573,#1574);
#1572 = CARTESIAN_POINT('',(10.,-52.4264068712,10.));
#1573 = DIRECTION('',(0.,0.,1.));
#1574 = DIRECTION('',(1.,-2.22044604925E-16,0.));
#1575 = ADVANCED_FACE('',(#1576),#1587,.F.);
#1576 = FACE_BOUND('',#1577,.F.);
#1577 = EDGE_LOOP('',(#1578,#1579,#1585,#1586));
#1578 = ORIENTED_EDGE('',*,*,#213,.F.);
#1579 = ORIENTED_EDGE('',*,*,#1580,.T.);
#1580 = EDGE_CURVE('',#214,#556,#1581,.T.);
#1581 = LINE('',#1582,#1583);
#1582 = CARTESIAN_POINT('',(52.426406871207,15.,10.));
#1583 = VECTOR('',#1584,1.);
#1584 = DIRECTION('',(0.,0.,1.));
#1585 = ORIENTED_EDGE('',*,*,#564,.T.);
#1586 = ORIENTED_EDGE('',*,*,#1546,.F.);
#1587 = PLANE('',#1588);
#1588 = AXIS2_PLACEMENT_3D('',#1589,#1590,#1591);
#1589 = CARTESIAN_POINT('',(57.426406871207,15.,10.));
#1590 = DIRECTION('',(0.,-1.,0.));
#1591 = DIRECTION('',(-1.,0.,0.));
#1592 = ADVANCED_FACE('',(#1593),#1604,.F.);
#1593 = FACE_BOUND('',#1594,.F.);
#1594 = EDGE_LOOP('',(#1595,#1596,#1597,#1598));
#1595 = ORIENTED_EDGE('',*,*,#264,.F.);
#1596 = ORIENTED_EDGE('',*,*,#1565,.T.);
#1597 = ORIENTED_EDGE('',*,*,#700,.T.);
#1598 = ORIENTED_EDGE('',*,*,#1599,.F.);
#1599 = EDGE_CURVE('',#256,#701,#1600,.T.);
#1600 = LINE('',#1601,#1602);
#1601 = CARTESIAN_POINT('',(15.,-42.4264068712,10.));
#1602 = VECTOR('',#1603,1.);
#1603 = DIRECTION('',(0.,0.,1.));
#1604 = PLANE('',#1605);
#1605 = AXIS2_PLACEMENT_3D('',#1606,#1607,#1608);
#1606 = CARTESIAN_POINT('',(15.,-57.4264068712,10.));
#1607 = DIRECTION('',(-1.,2.22044604925E-16,0.));
#1608 = DIRECTION('',(2.22044604925E-16,1.,0.));
#1609 = ADVANCED_FACE('',(#1610),#1621,.T.);
#1610 = FACE_BOUND('',#1611,.F.);
#1611 = EDGE_LOOP('',(#1612,#1613,#1619,#1620));
#1612 = ORIENTED_EDGE('',*,*,#221,.T.);
#1613 = ORIENTED_EDGE('',*,*,#1614,.T.);
#1614 = EDGE_CURVE('',#222,#548,#1615,.T.);
#1615 = LINE('',#1616,#1617);
#1616 = CARTESIAN_POINT('',(57.426406871207,10.,10.));
#1617 = VECTOR('',#1618,1.);
#1618 = DIRECTION('',(0.,0.,1.));
#1619 = ORIENTED_EDGE('',*,*,#555,.F.);
#1620 = ORIENTED_EDGE('',*,*,#1580,.F.);
#1621 = CYLINDRICAL_SURFACE('',#1622,5.);
#1622 = AXIS2_PLACEMENT_3D('',#1623,#1624,#1625);
#1623 = CARTESIAN_POINT('',(52.426406871207,10.,10.));
#1624 = DIRECTION('',(0.,0.,1.));
#1625 = DIRECTION('',(0.,1.,0.));
#1626 = ADVANCED_FACE('',(#1627),#1638,.T.);
#1627 = FACE_BOUND('',#1628,.F.);
#1628 = EDGE_LOOP('',(#1629,#1630,#1631,#1632));
#1629 = ORIENTED_EDGE('',*,*,#255,.F.);
#1630 = ORIENTED_EDGE('',*,*,#1599,.T.);
#1631 = ORIENTED_EDGE('',*,*,#708,.T.);
#1632 = ORIENTED_EDGE('',*,*,#1633,.F.);
#1633 = EDGE_CURVE('',#248,#709,#1634,.T.);
#1634 = LINE('',#1635,#1636);
#1635 = CARTESIAN_POINT('',(42.426406871207,-15.,10.));
#1636 = VECTOR('',#1637,1.);
#1637 = DIRECTION('',(0.,0.,1.));
#1638 = CYLINDRICAL_SURFACE('',#1639,45.);
#1639 = AXIS2_PLACEMENT_3D('',#1640,#1641,#1642);
#1640 = CARTESIAN_POINT('',(0.,0.,10.));
#1641 = DIRECTION('',(-0.,-0.,-1.));
#1642 = DIRECTION('',(1.,0.,0.));
#1643 = ADVANCED_FACE('',(#1644),#1655,.F.);
#1644 = FACE_BOUND('',#1645,.F.);
#1645 = EDGE_LOOP('',(#1646,#1647,#1653,#1654));
#1646 = ORIENTED_EDGE('',*,*,#230,.F.);
#1647 = ORIENTED_EDGE('',*,*,#1648,.T.);
#1648 = EDGE_CURVE('',#231,#537,#1649,.T.);
#1649 = LINE('',#1650,#1651);
#1650 = CARTESIAN_POINT('',(57.426406871207,-10.,10.));
#1651 = VECTOR('',#1652,1.);
#1652 = DIRECTION('',(0.,0.,1.));
#1653 = ORIENTED_EDGE('',*,*,#547,.T.);
#1654 = ORIENTED_EDGE('',*,*,#1614,.F.);
#1655 = PLANE('',#1656);
#1656 = AXIS2_PLACEMENT_3D('',#1657,#1658,#1659);
#1657 = CARTESIAN_POINT('',(57.426406871207,-15.,10.));
#1658 = DIRECTION('',(-1.,0.,0.));
#1659 = DIRECTION('',(0.,1.,0.));
#1660 = ADVANCED_FACE('',(#1661),#1672,.F.);
#1661 = FACE_BOUND('',#1662,.F.);
#1662 = EDGE_LOOP('',(#1663,#1664,#1665,#1666));
#1663 = ORIENTED_EDGE('',*,*,#247,.F.);
#1664 = ORIENTED_EDGE('',*,*,#1633,.T.);
#1665 = ORIENTED_EDGE('',*,*,#717,.T.);
#1666 = ORIENTED_EDGE('',*,*,#1667,.F.);
#1667 = EDGE_CURVE('',#239,#539,#1668,.T.);
#1668 = LINE('',#1669,#1670);
#1669 = CARTESIAN_POINT('',(52.426406871207,-15.,10.));
#1670 = VECTOR('',#1671,1.);
#1671 = DIRECTION('',(0.,0.,1.));
#1672 = PLANE('',#1673);
#1673 = AXIS2_PLACEMENT_3D('',#1674,#1675,#1676);
#1674 = CARTESIAN_POINT('',(42.426406871207,-15.,10.));
#1675 = DIRECTION('',(0.,1.,0.));
#1676 = DIRECTION('',(1.,0.,0.));
#1677 = ADVANCED_FACE('',(#1678),#1684,.T.);
#1678 = FACE_BOUND('',#1679,.F.);
#1679 = EDGE_LOOP('',(#1680,#1681,#1682,#1683));
#1680 = ORIENTED_EDGE('',*,*,#238,.T.);
#1681 = ORIENTED_EDGE('',*,*,#1667,.T.);
#1682 = ORIENTED_EDGE('',*,*,#536,.F.);
#1683 = ORIENTED_EDGE('',*,*,#1648,.F.);
#1684 = CYLINDRICAL_SURFACE('',#1685,5.);
#1685 = AXIS2_PLACEMENT_3D('',#1686,#1687,#1688);
#1686 = CARTESIAN_POINT('',(52.426406871207,-10.,10.));
#1687 = DIRECTION('',(0.,0.,1.));
#1688 = DIRECTION('',(1.,0.,0.));
#1689 = ADVANCED_FACE('',(#1690),#1701,.F.);
#1690 = FACE_BOUND('',#1691,.F.);
#1691 = EDGE_LOOP('',(#1692,#1698,#1699,#1700));
#1692 = ORIENTED_EDGE('',*,*,#1693,.F.);
#1693 = EDGE_CURVE('',#726,#376,#1694,.T.);
#1694 = LINE('',#1695,#1696);
#1695 = CARTESIAN_POINT('',(1.95,-50.,26.));
#1696 = VECTOR('',#1697,1.);
#1697 = DIRECTION('',(-0.,-0.,-1.));
#1698 = ORIENTED_EDGE('',*,*,#725,.F.);
#1699 = ORIENTED_EDGE('',*,*,#1693,.T.);
#1700 = ORIENTED_EDGE('',*,*,#375,.T.);
#1701 = CYLINDRICAL_SURFACE('',#1702,1.95);
#1702 = AXIS2_PLACEMENT_3D('',#1703,#1704,#1705);
#1703 = CARTESIAN_POINT('',(0.,-50.,26.));
#1704 = DIRECTION('',(0.,0.,1.));
#1705 = DIRECTION('',(1.,0.,0.));
#1706 = ADVANCED_FACE('',(#1707),#1718,.F.);
#1707 = FACE_BOUND('',#1708,.F.);
#1708 = EDGE_LOOP('',(#1709,#1715,#1716,#1717));
#1709 = ORIENTED_EDGE('',*,*,#1710,.F.);
#1710 = EDGE_CURVE('',#998,#387,#1711,.T.);
#1711 = LINE('',#1712,#1713);
#1712 = CARTESIAN_POINT('',(51.95,0.,26.));
#1713 = VECTOR('',#1714,1.);
#1714 = DIRECTION('',(-0.,-0.,-1.));
#1715 = ORIENTED_EDGE('',*,*,#997,.F.);
#1716 = ORIENTED_EDGE('',*,*,#1710,.T.);
#1717 = ORIENTED_EDGE('',*,*,#386,.T.);
#1718 = CYLINDRICAL_SURFACE('',#1719,1.95);
#1719 = AXIS2_PLACEMENT_3D('',#1720,#1721,#1722);
#1720 = CARTESIAN_POINT('',(50.,0.,26.));
#1721 = DIRECTION('',(0.,0.,1.));
#1722 = DIRECTION('',(1.,0.,0.));
#1723 = ADVANCED_FACE('',(#1724),#1735,.F.);
#1724 = FACE_BOUND('',#1725,.F.);
#1725 = EDGE_LOOP('',(#1726,#1732,#1733,#1734));
#1726 = ORIENTED_EDGE('',*,*,#1727,.F.);
#1727 = EDGE_CURVE('',#748,#398,#1728,.T.);
#1728 = LINE('',#1729,#1730);
#1729 = CARTESIAN_POINT('',(-48.05,0.,26.));
#1730 = VECTOR('',#1731,1.);
#1731 = DIRECTION('',(-0.,-0.,-1.));
#1732 = ORIENTED_EDGE('',*,*,#747,.F.);
#1733 = ORIENTED_EDGE('',*,*,#1727,.T.);
#1734 = ORIENTED_EDGE('',*,*,#397,.T.);
#1735 = CYLINDRICAL_SURFACE('',#1736,1.95);
#1736 = AXIS2_PLACEMENT_3D('',#1737,#1738,#1739);
#1737 = CARTESIAN_POINT('',(-50.,0.,26.));
#1738 = DIRECTION('',(0.,0.,1.));
#1739 = DIRECTION('',(1.,0.,0.));
#1740 = ADVANCED_FACE('',(#1741),#1752,.F.);
#1741 = FACE_BOUND('',#1742,.F.);
#1742 = EDGE_LOOP('',(#1743,#1749,#1750,#1751));
#1743 = ORIENTED_EDGE('',*,*,#1744,.F.);
#1744 = EDGE_CURVE('',#1009,#409,#1745,.T.);
#1745 = LINE('',#1746,#1747);
#1746 = CARTESIAN_POINT('',(1.95,50.,26.));
#1747 = VECTOR('',#1748,1.);
#1748 = DIRECTION('',(-0.,-0.,-1.));
#1749 = ORIENTED_EDGE('',*,*,#1008,.F.);
#1750 = ORIENTED_EDGE('',*,*,#1744,.T.);
#1751 = ORIENTED_EDGE('',*,*,#408,.T.);
#1752 = CYLINDRICAL_SURFACE('',#1753,1.95);
#1753 = AXIS2_PLACEMENT_3D('',#1754,#1755,#1756);
#1754 = CARTESIAN_POINT('',(0.,50.,26.));
#1755 = DIRECTION('',(0.,0.,1.));
#1756 = DIRECTION('',(1.,0.,0.));
#1757 = ADVANCED_FACE('',(#1758),#1772,.F.);
#1758 = FACE_BOUND('',#1759,.F.);
#1759 = EDGE_LOOP('',(#1760,#1761,#1768,#1769,#1770,#1771));
#1760 = ORIENTED_EDGE('',*,*,#1411,.F.);
#1761 = ORIENTED_EDGE('',*,*,#1762,.T.);
#1762 = EDGE_CURVE('',#1402,#1172,#1763,.T.);
#1763 = CIRCLE('',#1764,41.);
#1764 = AXIS2_PLACEMENT_3D('',#1765,#1766,#1767);
#1765 = CARTESIAN_POINT('',(0.,0.,13.));
#1766 = DIRECTION('',(-0.,0.,-1.));
#1767 = DIRECTION('',(-0.469353102254,-0.883010569248,0.));
#1768 = ORIENTED_EDGE('',*,*,#1181,.T.);
#1769 = ORIENTED_EDGE('',*,*,#456,.F.);
#1770 = ORIENTED_EDGE('',*,*,#521,.F.);
#1771 = ORIENTED_EDGE('',*,*,#1041,.F.);
#1772 = PLANE('',#1773);
#1773 = AXIS2_PLACEMENT_3D('',#1774,#1775,#1776);
#1774 = CARTESIAN_POINT('',(-31.71771371978,-31.71771371978,13.));
#1775 = DIRECTION('',(0.,0.,1.));
#1776 = DIRECTION('',(1.,0.,0.));
#1777 = ADVANCED_FACE('',(#1778),#1797,.F.);
#1778 = FACE_BOUND('',#1779,.F.);
#1779 = EDGE_LOOP('',(#1780,#1789,#1795,#1796));
#1780 = ORIENTED_EDGE('',*,*,#1781,.F.);
#1781 = EDGE_CURVE('',#1782,#1782,#1784,.T.);
#1782 = VERTEX_POINT('',#1783);
#1783 = CARTESIAN_POINT('',(1.5,-21.92031021678,22.));
#1784 = CIRCLE('',#1785,1.5);
#1785 = AXIS2_PLACEMENT_3D('',#1786,#1787,#1788);
#1786 = CARTESIAN_POINT('',(3.552713678801E-15,-21.92031021678,22.));
#1787 = DIRECTION('',(0.,0.,-1.));
#1788 = DIRECTION('',(1.,0.,0.));
#1789 = ORIENTED_EDGE('',*,*,#1790,.T.);
#1790 = EDGE_CURVE('',#1782,#737,#1791,.T.);
#1791 = LINE('',#1792,#1793);
#1792 = CARTESIAN_POINT('',(1.5,-21.92031021678,22.));
#1793 = VECTOR('',#1794,1.);
#1794 = DIRECTION('',(0.,0.,1.));
#1795 = ORIENTED_EDGE('',*,*,#736,.T.);
#1796 = ORIENTED_EDGE('',*,*,#1790,.F.);
#1797 = CYLINDRICAL_SURFACE('',#1798,1.5);
#1798 = AXIS2_PLACEMENT_3D('',#1799,#1800,#1801);
#1799 = CARTESIAN_POINT('',(3.552713678801E-15,-21.92031021678,22.));
#1800 = DIRECTION('',(0.,0.,-1.));
#1801 = DIRECTION('',(1.,0.,0.));
#1802 = ADVANCED_FACE('',(#1803),#1822,.F.);
#1803 = FACE_BOUND('',#1804,.F.);
#1804 = EDGE_LOOP('',(#1805,#1814,#1820,#1821));
#1805 = ORIENTED_EDGE('',*,*,#1806,.F.);
#1806 = EDGE_CURVE('',#1807,#1807,#1809,.T.);
#1807 = VERTEX_POINT('',#1808);
#1808 = CARTESIAN_POINT('',(-20.42031021678,0.,22.));
#1809 = CIRCLE('',#1810,1.5);
#1810 = AXIS2_PLACEMENT_3D('',#1811,#1812,#1813);
#1811 = CARTESIAN_POINT('',(-21.92031021678,0.,22.));
#1812 = DIRECTION('',(0.,0.,-1.));
#1813 = DIRECTION('',(1.,0.,0.));
#1814 = ORIENTED_EDGE('',*,*,#1815,.T.);
#1815 = EDGE_CURVE('',#1807,#759,#1816,.T.);
#1816 = LINE('',#1817,#1818);
#1817 = CARTESIAN_POINT('',(-20.42031021678,0.,22.));
#1818 = VECTOR('',#1819,1.);
#1819 = DIRECTION('',(0.,0.,1.));
#1820 = ORIENTED_EDGE('',*,*,#758,.T.);
#1821 = ORIENTED_EDGE('',*,*,#1815,.F.);
#1822 = CYLINDRICAL_SURFACE('',#1823,1.5);
#1823 = AXIS2_PLACEMENT_3D('',#1824,#1825,#1826);
#1824 = CARTESIAN_POINT('',(-21.92031021678,0.,22.));
#1825 = DIRECTION('',(0.,0.,-1.));
#1826 = DIRECTION('',(1.,0.,0.));
#1827 = ADVANCED_FACE('',(#1828),#1853,.F.);
#1828 = FACE_BOUND('',#1829,.F.);
#1829 = EDGE_LOOP('',(#1830,#1840,#1846,#1847));
#1830 = ORIENTED_EDGE('',*,*,#1831,.F.);
#1831 = EDGE_CURVE('',#1832,#1834,#1836,.T.);
#1832 = VERTEX_POINT('',#1833);
#1833 = CARTESIAN_POINT('',(-21.88495487772,-5.338656197958,22.));
#1834 = VERTEX_POINT('',#1835);
#1835 = CARTESIAN_POINT('',(-19.23330444827,-2.687005768509,22.));
#1836 = LINE('',#1837,#1838);
#1837 = CARTESIAN_POINT('',(-21.88495487772,-5.338656197958,22.));
#1838 = VECTOR('',#1839,1.);
#1839 = DIRECTION('',(0.707106781187,0.707106781187,0.));
#1840 = ORIENTED_EDGE('',*,*,#1841,.T.);
#1841 = EDGE_CURVE('',#1832,#772,#1842,.T.);
#1842 = LINE('',#1843,#1844);
#1843 = CARTESIAN_POINT('',(-21.88495487772,-5.338656197958,22.));
#1844 = VECTOR('',#1845,1.);
#1845 = DIRECTION('',(0.,0.,1.));
#1846 = ORIENTED_EDGE('',*,*,#769,.F.);
#1847 = ORIENTED_EDGE('',*,*,#1848,.F.);
#1848 = EDGE_CURVE('',#1834,#770,#1849,.T.);
#1849 = LINE('',#1850,#1851);
#1850 = CARTESIAN_POINT('',(-19.23330444827,-2.687005768509,22.));
#1851 = VECTOR('',#1852,1.);
#1852 = DIRECTION('',(0.,0.,1.));
#1853 = PLANE('',#1854);
#1854 = AXIS2_PLACEMENT_3D('',#1855,#1856,#1857);
#1855 = CARTESIAN_POINT('',(-21.88495487772,-5.338656197958,22.));
#1856 = DIRECTION('',(-0.707106781187,0.707106781187,0.));
#1857 = DIRECTION('',(0.707106781187,0.707106781187,0.));
#1858 = ADVANCED_FACE('',(#1859),#1878,.T.);
#1859 = FACE_BOUND('',#1860,.T.);
#1860 = EDGE_LOOP('',(#1861,#1870,#1876,#1877));
#1861 = ORIENTED_EDGE('',*,*,#1862,.F.);
#1862 = EDGE_CURVE('',#1863,#1834,#1865,.T.);
#1863 = VERTEX_POINT('',#1864);
#1864 = CARTESIAN_POINT('',(-19.23330444827,2.687005768509,22.));
#1865 = CIRCLE('',#1866,3.8);
#1866 = AXIS2_PLACEMENT_3D('',#1867,#1868,#1869);
#1867 = CARTESIAN_POINT('',(-21.92031021678,0.,22.));
#1868 = DIRECTION('',(0.,0.,-1.));
#1869 = DIRECTION('',(0.707106781187,0.707106781187,0.));
#1870 = ORIENTED_EDGE('',*,*,#1871,.T.);
#1871 = EDGE_CURVE('',#1863,#780,#1872,.T.);
#1872 = LINE('',#1873,#1874);
#1873 = CARTESIAN_POINT('',(-19.23330444827,2.687005768509,22.));
#1874 = VECTOR('',#1875,1.);
#1875 = DIRECTION('',(0.,0.,1.));
#1876 = ORIENTED_EDGE('',*,*,#779,.T.);
#1877 = ORIENTED_EDGE('',*,*,#1848,.F.);
#1878 = CYLINDRICAL_SURFACE('',#1879,3.8);
#1879 = AXIS2_PLACEMENT_3D('',#1880,#1881,#1882);
#1880 = CARTESIAN_POINT('',(-21.92031021678,0.,22.));
#1881 = DIRECTION('',(0.,0.,-1.));
#1882 = DIRECTION('',(0.707106781187,0.707106781187,0.));
#1883 = ADVANCED_FACE('',(#1884),#1903,.F.);
#1884 = FACE_BOUND('',#1885,.T.);
#1885 = EDGE_LOOP('',(#1886,#1895,#1896,#1897));
#1886 = ORIENTED_EDGE('',*,*,#1887,.F.);
#1887 = EDGE_CURVE('',#1832,#1888,#1890,.T.);
#1888 = VERTEX_POINT('',#1889);
#1889 = CARTESIAN_POINT('',(-21.88495487772,-8.167083322705,22.));
#1890 = CIRCLE('',#1891,2.);
#1891 = AXIS2_PLACEMENT_3D('',#1892,#1893,#1894);
#1892 = CARTESIAN_POINT('',(-20.47074131535,-6.752869760332,22.));
#1893 = DIRECTION('',(-0.,0.,1.));
#1894 = DIRECTION('',(0.707106781187,-0.707106781187,0.));
#1895 = ORIENTED_EDGE('',*,*,#1841,.T.);
#1896 = ORIENTED_EDGE('',*,*,#966,.F.);
#1897 = ORIENTED_EDGE('',*,*,#1898,.F.);
#1898 = EDGE_CURVE('',#1888,#959,#1899,.T.);
#1899 = LINE('',#1900,#1901);
#1900 = CARTESIAN_POINT('',(-21.88495487772,-8.167083322705,22.));
#1901 = VECTOR('',#1902,1.);
#1902 = DIRECTION('',(0.,0.,1.));
#1903 = CYLINDRICAL_SURFACE('',#1904,2.);
#1904 = AXIS2_PLACEMENT_3D('',#1905,#1906,#1907);
#1905 = CARTESIAN_POINT('',(-20.47074131535,-6.752869760332,22.));
#1906 = DIRECTION('',(0.,0.,-1.));
#1907 = DIRECTION('',(0.707106781187,-0.707106781187,0.));
#1908 = ADVANCED_FACE('',(#1909),#1927,.F.);
#1909 = FACE_BOUND('',#1910,.F.);
#1910 = EDGE_LOOP('',(#1911,#1919,#1920,#1921));
#1911 = ORIENTED_EDGE('',*,*,#1912,.F.);
#1912 = EDGE_CURVE('',#1863,#1913,#1915,.T.);
#1913 = VERTEX_POINT('',#1914);
#1914 = CARTESIAN_POINT('',(-32.49155659552,15.945257915757,22.));
#1915 = LINE('',#1916,#1917);
#1916 = CARTESIAN_POINT('',(-19.23330444827,2.687005768509,22.));
#1917 = VECTOR('',#1918,1.);
#1918 = DIRECTION('',(-0.707106781187,0.707106781187,-0.));
#1919 = ORIENTED_EDGE('',*,*,#1871,.T.);
#1920 = ORIENTED_EDGE('',*,*,#788,.F.);
#1921 = ORIENTED_EDGE('',*,*,#1922,.F.);
#1922 = EDGE_CURVE('',#1913,#789,#1923,.T.);
#1923 = LINE('',#1924,#1925);
#1924 = CARTESIAN_POINT('',(-32.49155659552,15.945257915757,22.));
#1925 = VECTOR('',#1926,1.);
#1926 = DIRECTION('',(0.,0.,1.));
#1927 = PLANE('',#1928);
#1928 = AXIS2_PLACEMENT_3D('',#1929,#1930,#1931);
#1929 = CARTESIAN_POINT('',(-19.23330444827,2.687005768509,22.));
#1930 = DIRECTION('',(-0.707106781187,-0.707106781187,0.));
#1931 = DIRECTION('',(-0.707106781187,0.707106781187,0.));
#1932 = ADVANCED_FACE('',(#1933),#1951,.F.);
#1933 = FACE_BOUND('',#1934,.F.);
#1934 = EDGE_LOOP('',(#1935,#1943,#1949,#1950));
#1935 = ORIENTED_EDGE('',*,*,#1936,.F.);
#1936 = EDGE_CURVE('',#1937,#1888,#1939,.T.);
#1937 = VERTEX_POINT('',#1938);
#1938 = CARTESIAN_POINT('',(-8.167083322705,-21.88495487772,22.));
#1939 = LINE('',#1940,#1941);
#1940 = CARTESIAN_POINT('',(-8.167083322705,-21.88495487772,22.));
#1941 = VECTOR('',#1942,1.);
#1942 = DIRECTION('',(-0.707106781187,0.707106781187,-0.));
#1943 = ORIENTED_EDGE('',*,*,#1944,.T.);
#1944 = EDGE_CURVE('',#1937,#950,#1945,.T.);
#1945 = LINE('',#1946,#1947);
#1946 = CARTESIAN_POINT('',(-8.167083322705,-21.88495487772,22.));
#1947 = VECTOR('',#1948,1.);
#1948 = DIRECTION('',(0.,0.,1.));
#1949 = ORIENTED_EDGE('',*,*,#958,.F.);
#1950 = ORIENTED_EDGE('',*,*,#1898,.F.);
#1951 = PLANE('',#1952);
#1952 = AXIS2_PLACEMENT_3D('',#1953,#1954,#1955);
#1953 = CARTESIAN_POINT('',(-8.167083322705,-21.88495487772,22.));
#1954 = DIRECTION('',(-0.707106781187,-0.707106781187,0.));
#1955 = DIRECTION('',(-0.707106781187,0.707106781187,0.));
#1956 = ADVANCED_FACE('',(#1957),#1976,.F.);
#1957 = FACE_BOUND('',#1958,.T.);
#1958 = EDGE_LOOP('',(#1959,#1968,#1974,#1975));
#1959 = ORIENTED_EDGE('',*,*,#1960,.F.);
#1960 = EDGE_CURVE('',#1961,#1913,#1963,.T.);
#1961 = VERTEX_POINT('',#1962);
#1962 = CARTESIAN_POINT('',(-32.49155659552,18.773685040503,22.));
#1963 = CIRCLE('',#1964,2.);
#1964 = AXIS2_PLACEMENT_3D('',#1965,#1966,#1967);
#1965 = CARTESIAN_POINT('',(-31.07734303314,17.35947147813,22.));
#1966 = DIRECTION('',(-8.485281374239E-17,8.485281374239E-17,1.));
#1967 = DIRECTION('',(0.707106781187,-0.707106781187,1.2E-16));
#1968 = ORIENTED_EDGE('',*,*,#1969,.T.);
#1969 = EDGE_CURVE('',#1961,#797,#1970,.T.);
#1970 = LINE('',#1971,#1972);
#1971 = CARTESIAN_POINT('',(-32.49155659552,18.773685040503,22.));
#1972 = VECTOR('',#1973,1.);
#1973 = DIRECTION('',(0.,0.,1.));
#1974 = ORIENTED_EDGE('',*,*,#796,.F.);
#1975 = ORIENTED_EDGE('',*,*,#1922,.F.);
#1976 = CYLINDRICAL_SURFACE('',#1977,2.);
#1977 = AXIS2_PLACEMENT_3D('',#1978,#1979,#1980);
#1978 = CARTESIAN_POINT('',(-31.07734303314,17.35947147813,22.));
#1979 = DIRECTION('',(8.485281374239E-17,-8.485281374239E-17,-1.));
#1980 = DIRECTION('',(0.707106781187,-0.707106781187,1.2E-16));
#1981 = ADVANCED_FACE('',(#1982),#2001,.F.);
#1982 = FACE_BOUND('',#1983,.T.);
#1983 = EDGE_LOOP('',(#1984,#1993,#1994,#1995));
#1984 = ORIENTED_EDGE('',*,*,#1985,.F.);
#1985 = EDGE_CURVE('',#1937,#1986,#1988,.T.);
#1986 = VERTEX_POINT('',#1987);
#1987 = CARTESIAN_POINT('',(-5.338656197958,-21.88495487772,22.));
#1988 = CIRCLE('',#1989,2.);
#1989 = AXIS2_PLACEMENT_3D('',#1990,#1991,#1992);
#1990 = CARTESIAN_POINT('',(-6.752869760332,-20.47074131535,22.));
#1991 = DIRECTION('',(-0.,0.,1.));
#1992 = DIRECTION('',(0.707106781187,-0.707106781187,0.));
#1993 = ORIENTED_EDGE('',*,*,#1944,.T.);
#1994 = ORIENTED_EDGE('',*,*,#949,.F.);
#1995 = ORIENTED_EDGE('',*,*,#1996,.F.);
#1996 = EDGE_CURVE('',#1986,#942,#1997,.T.);
#1997 = LINE('',#1998,#1999);
#1998 = CARTESIAN_POINT('',(-5.338656197958,-21.88495487772,22.));
#1999 = VECTOR('',#2000,1.);
#2000 = DIRECTION('',(0.,0.,1.));
#2001 = CYLINDRICAL_SURFACE('',#2002,2.);
#2002 = AXIS2_PLACEMENT_3D('',#2003,#2004,#2005);
#2003 = CARTESIAN_POINT('',(-6.752869760332,-20.47074131535,22.));
#2004 = DIRECTION('',(0.,0.,-1.));
#2005 = DIRECTION('',(0.707106781187,-0.707106781187,0.));
#2006 = ADVANCED_FACE('',(#2007),#2025,.T.);
#2007 = FACE_BOUND('',#2008,.T.);
#2008 = EDGE_LOOP('',(#2009,#2017,#2023,#2024));
#2009 = ORIENTED_EDGE('',*,*,#2010,.F.);
#2010 = EDGE_CURVE('',#2011,#1961,#2013,.T.);
#2011 = VERTEX_POINT('',#2012);
#2012 = CARTESIAN_POINT('',(-18.7736850405,32.491556595522,22.));
#2013 = LINE('',#2014,#2015);
#2014 = CARTESIAN_POINT('',(-18.7736850405,32.491556595522,22.));
#2015 = VECTOR('',#2016,1.);
#2016 = DIRECTION('',(-0.707106781187,-0.707106781187,0.));
#2017 = ORIENTED_EDGE('',*,*,#2018,.T.);
#2018 = EDGE_CURVE('',#2011,#806,#2019,.T.);
#2019 = LINE('',#2020,#2021);
#2020 = CARTESIAN_POINT('',(-18.7736850405,32.491556595522,22.));
#2021 = VECTOR('',#2022,1.);
#2022 = DIRECTION('',(0.,0.,1.));
#2023 = ORIENTED_EDGE('',*,*,#805,.F.);
#2024 = ORIENTED_EDGE('',*,*,#1969,.F.);
#2025 = PLANE('',#2026);
#2026 = AXIS2_PLACEMENT_3D('',#2027,#2028,#2029);
#2027 = CARTESIAN_POINT('',(-18.7736850405,32.491556595522,22.));
#2028 = DIRECTION('',(0.707106781187,-0.707106781187,0.));
#2029 = DIRECTION('',(-0.707106781187,-0.707106781187,0.));
#2030 = ADVANCED_FACE('',(#2031),#2049,.F.);
#2031 = FACE_BOUND('',#2032,.F.);
#2032 = EDGE_LOOP('',(#2033,#2041,#2047,#2048));
#2033 = ORIENTED_EDGE('',*,*,#2034,.F.);
#2034 = EDGE_CURVE('',#2035,#1986,#2037,.T.);
#2035 = VERTEX_POINT('',#2036);
#2036 = CARTESIAN_POINT('',(-2.687005768509,-19.23330444827,22.));
#2037 = LINE('',#2038,#2039);
#2038 = CARTESIAN_POINT('',(-2.687005768509,-19.23330444827,22.));
#2039 = VECTOR('',#2040,1.);
#2040 = DIRECTION('',(-0.707106781187,-0.707106781187,0.));
#2041 = ORIENTED_EDGE('',*,*,#2042,.T.);
#2042 = EDGE_CURVE('',#2035,#933,#2043,.T.);
#2043 = LINE('',#2044,#2045);
#2044 = CARTESIAN_POINT('',(-2.687005768509,-19.23330444827,22.));
#2045 = VECTOR('',#2046,1.);
#2046 = DIRECTION('',(0.,0.,1.));
#2047 = ORIENTED_EDGE('',*,*,#941,.F.);
#2048 = ORIENTED_EDGE('',*,*,#1996,.F.);
#2049 = PLANE('',#2050);
#2050 = AXIS2_PLACEMENT_3D('',#2051,#2052,#2053);
#2051 = CARTESIAN_POINT('',(-2.687005768509,-19.23330444827,22.));
#2052 = DIRECTION('',(0.707106781187,-0.707106781187,0.));
#2053 = DIRECTION('',(-0.707106781187,-0.707106781187,0.));
#2054 = ADVANCED_FACE('',(#2055),#2074,.F.);
#2055 = FACE_BOUND('',#2056,.F.);
#2056 = EDGE_LOOP('',(#2057,#2066,#2067,#2068));
#2057 = ORIENTED_EDGE('',*,*,#2058,.F.);
#2058 = EDGE_CURVE('',#2011,#2059,#2061,.T.);
#2059 = VERTEX_POINT('',#2060);
#2060 = CARTESIAN_POINT('',(-15.94525791575,32.491556595522,22.));
#2061 = CIRCLE('',#2062,2.);
#2062 = AXIS2_PLACEMENT_3D('',#2063,#2064,#2065);
#2063 = CARTESIAN_POINT('',(-17.35947147813,31.077343033149,22.));
#2064 = DIRECTION('',(8.485281374239E-17,-8.485281374239E-17,-1.));
#2065 = DIRECTION('',(0.707106781187,-0.707106781187,1.2E-16));
#2066 = ORIENTED_EDGE('',*,*,#2018,.T.);
#2067 = ORIENTED_EDGE('',*,*,#813,.T.);
#2068 = ORIENTED_EDGE('',*,*,#2069,.F.);
#2069 = EDGE_CURVE('',#2059,#814,#2070,.T.);
#2070 = LINE('',#2071,#2072);
#2071 = CARTESIAN_POINT('',(-15.94525791575,32.491556595522,22.));
#2072 = VECTOR('',#2073,1.);
#2073 = DIRECTION('',(0.,0.,1.));
#2074 = CYLINDRICAL_SURFACE('',#2075,2.);
#2075 = AXIS2_PLACEMENT_3D('',#2076,#2077,#2078);
#2076 = CARTESIAN_POINT('',(-17.35947147813,31.077343033149,22.));
#2077 = DIRECTION('',(8.485281374239E-17,-8.485281374239E-17,-1.));
#2078 = DIRECTION('',(0.707106781187,-0.707106781187,1.2E-16));
#2079 = ADVANCED_FACE('',(#2080),#2099,.T.);
#2080 = FACE_BOUND('',#2081,.T.);
#2081 = EDGE_LOOP('',(#2082,#2091,#2092,#2093));
#2082 = ORIENTED_EDGE('',*,*,#2083,.F.);
#2083 = EDGE_CURVE('',#2035,#2084,#2086,.T.);
#2084 = VERTEX_POINT('',#2085);
#2085 = CARTESIAN_POINT('',(2.687005768509,-19.23330444827,22.));
#2086 = CIRCLE('',#2087,3.8);
#2087 = AXIS2_PLACEMENT_3D('',#2088,#2089,#2090);
#2088 = CARTESIAN_POINT('',(3.552713678801E-15,-21.92031021678,22.));
#2089 = DIRECTION('',(0.,0.,-1.));
#2090 = DIRECTION('',(0.707106781187,0.707106781187,0.));
#2091 = ORIENTED_EDGE('',*,*,#2042,.T.);
#2092 = ORIENTED_EDGE('',*,*,#932,.T.);
#2093 = ORIENTED_EDGE('',*,*,#2094,.F.);
#2094 = EDGE_CURVE('',#2084,#925,#2095,.T.);
#2095 = LINE('',#2096,#2097);
#2096 = CARTESIAN_POINT('',(2.687005768509,-19.23330444827,22.));
#2097 = VECTOR('',#2098,1.);
#2098 = DIRECTION('',(0.,0.,1.));
#2099 = CYLINDRICAL_SURFACE('',#2100,3.8);
#2100 = AXIS2_PLACEMENT_3D('',#2101,#2102,#2103);
#2101 = CARTESIAN_POINT('',(3.552713678801E-15,-21.92031021678,22.));
#2102 = DIRECTION('',(0.,0.,-1.));
#2103 = DIRECTION('',(0.707106781187,0.707106781187,0.));
#2104 = ADVANCED_FACE('',(#2105),#2123,.T.);
#2105 = FACE_BOUND('',#2106,.T.);
#2106 = EDGE_LOOP('',(#2107,#2115,#2121,#2122));
#2107 = ORIENTED_EDGE('',*,*,#2108,.F.);
#2108 = EDGE_CURVE('',#2109,#2059,#2111,.T.);
#2109 = VERTEX_POINT('',#2110);
#2110 = CARTESIAN_POINT('',(-2.687005768509,19.233304448274,22.));
#2111 = LINE('',#2112,#2113);
#2112 = CARTESIAN_POINT('',(-2.687005768509,19.233304448274,22.));
#2113 = VECTOR('',#2114,1.);
#2114 = DIRECTION('',(-0.707106781187,0.707106781187,-0.));
#2115 = ORIENTED_EDGE('',*,*,#2116,.T.);
#2116 = EDGE_CURVE('',#2109,#823,#2117,.T.);
#2117 = LINE('',#2118,#2119);
#2118 = CARTESIAN_POINT('',(-2.687005768509,19.233304448274,22.));
#2119 = VECTOR('',#2120,1.);
#2120 = DIRECTION('',(0.,0.,1.));
#2121 = ORIENTED_EDGE('',*,*,#822,.F.);
#2122 = ORIENTED_EDGE('',*,*,#2069,.F.);
#2123 = PLANE('',#2124);
#2124 = AXIS2_PLACEMENT_3D('',#2125,#2126,#2127);
#2125 = CARTESIAN_POINT('',(-2.687005768509,19.233304448274,22.));
#2126 = DIRECTION('',(-0.707106781187,-0.707106781187,0.));
#2127 = DIRECTION('',(-0.707106781187,0.707106781187,0.));
#2128 = ADVANCED_FACE('',(#2129),#2147,.F.);
#2129 = FACE_BOUND('',#2130,.F.);
#2130 = EDGE_LOOP('',(#2131,#2139,#2145,#2146));
#2131 = ORIENTED_EDGE('',*,*,#2132,.F.);
#2132 = EDGE_CURVE('',#2133,#2084,#2135,.T.);
#2133 = VERTEX_POINT('',#2134);
#2134 = CARTESIAN_POINT('',(5.338656197958,-21.88495487772,22.));
#2135 = LINE('',#2136,#2137);
#2136 = CARTESIAN_POINT('',(5.338656197958,-21.88495487772,22.));
#2137 = VECTOR('',#2138,1.);
#2138 = DIRECTION('',(-0.707106781187,0.707106781187,-0.));
#2139 = ORIENTED_EDGE('',*,*,#2140,.T.);
#2140 = EDGE_CURVE('',#2133,#916,#2141,.T.);
#2141 = LINE('',#2142,#2143);
#2142 = CARTESIAN_POINT('',(5.338656197958,-21.88495487772,22.));
#2143 = VECTOR('',#2144,1.);
#2144 = DIRECTION('',(0.,0.,1.));
#2145 = ORIENTED_EDGE('',*,*,#924,.F.);
#2146 = ORIENTED_EDGE('',*,*,#2094,.F.);
#2147 = PLANE('',#2148);
#2148 = AXIS2_PLACEMENT_3D('',#2149,#2150,#2151);
#2149 = CARTESIAN_POINT('',(5.338656197958,-21.88495487772,22.));
#2150 = DIRECTION('',(-0.707106781187,-0.707106781187,0.));
#2151 = DIRECTION('',(-0.707106781187,0.707106781187,0.));
#2152 = ADVANCED_FACE('',(#2153),#2172,.T.);
#2153 = FACE_BOUND('',#2154,.T.);
#2154 = EDGE_LOOP('',(#2155,#2164,#2170,#2171));
#2155 = ORIENTED_EDGE('',*,*,#2156,.F.);
#2156 = EDGE_CURVE('',#2157,#2109,#2159,.T.);
#2157 = VERTEX_POINT('',#2158);
#2158 = CARTESIAN_POINT('',(2.687005768509,19.233304448274,22.));
#2159 = CIRCLE('',#2160,3.8);
#2160 = AXIS2_PLACEMENT_3D('',#2161,#2162,#2163);
#2161 = CARTESIAN_POINT('',(0.,21.920310216783,22.));
#2162 = DIRECTION('',(0.,0.,-1.));
#2163 = DIRECTION('',(0.707106781187,0.707106781187,0.));
#2164 = ORIENTED_EDGE('',*,*,#2165,.T.);
#2165 = EDGE_CURVE('',#2157,#831,#2166,.T.);
#2166 = LINE('',#2167,#2168);
#2167 = CARTESIAN_POINT('',(2.687005768509,19.233304448274,22.));
#2168 = VECTOR('',#2169,1.);
#2169 = DIRECTION('',(0.,0.,1.));
#2170 = ORIENTED_EDGE('',*,*,#830,.T.);
#2171 = ORIENTED_EDGE('',*,*,#2116,.F.);
#2172 = CYLINDRICAL_SURFACE('',#2173,3.8);
#2173 = AXIS2_PLACEMENT_3D('',#2174,#2175,#2176);
#2174 = CARTESIAN_POINT('',(0.,21.920310216783,22.));
#2175 = DIRECTION('',(0.,0.,-1.));
#2176 = DIRECTION('',(0.707106781187,0.707106781187,0.));
#2177 = ADVANCED_FACE('',(#2178),#2197,.F.);
#2178 = FACE_BOUND('',#2179,.T.);
#2179 = EDGE_LOOP('',(#2180,#2189,#2190,#2191));
#2180 = ORIENTED_EDGE('',*,*,#2181,.F.);
#2181 = EDGE_CURVE('',#2133,#2182,#2184,.T.);
#2182 = VERTEX_POINT('',#2183);
#2183 = CARTESIAN_POINT('',(8.167083322705,-21.88495487772,22.));
#2184 = CIRCLE('',#2185,2.);
#2185 = AXIS2_PLACEMENT_3D('',#2186,#2187,#2188);
#2186 = CARTESIAN_POINT('',(6.752869760332,-20.47074131535,22.));
#2187 = DIRECTION('',(-0.,0.,1.));
#2188 = DIRECTION('',(0.707106781187,-0.707106781187,0.));
#2189 = ORIENTED_EDGE('',*,*,#2140,.T.);
#2190 = ORIENTED_EDGE('',*,*,#915,.F.);
#2191 = ORIENTED_EDGE('',*,*,#2192,.F.);
#2192 = EDGE_CURVE('',#2182,#908,#2193,.T.);
#2193 = LINE('',#2194,#2195);
#2194 = CARTESIAN_POINT('',(8.167083322705,-21.88495487772,22.));
#2195 = VECTOR('',#2196,1.);
#2196 = DIRECTION('',(0.,0.,1.));
#2197 = CYLINDRICAL_SURFACE('',#2198,2.);
#2198 = AXIS2_PLACEMENT_3D('',#2199,#2200,#2201);
#2199 = CARTESIAN_POINT('',(6.752869760332,-20.47074131535,22.));
#2200 = DIRECTION('',(0.,0.,-1.));
#2201 = DIRECTION('',(0.707106781187,-0.707106781187,0.));
#2202 = ADVANCED_FACE('',(#2203),#2221,.F.);
#2203 = FACE_BOUND('',#2204,.F.);
#2204 = EDGE_LOOP('',(#2205,#2213,#2214,#2215));
#2205 = ORIENTED_EDGE('',*,*,#2206,.F.);
#2206 = EDGE_CURVE('',#2157,#2207,#2209,.T.);
#2207 = VERTEX_POINT('',#2208);
#2208 = CARTESIAN_POINT('',(5.338656197958,21.884954877724,22.));
#2209 = LINE('',#2210,#2211);
#2210 = CARTESIAN_POINT('',(2.687005768509,19.233304448274,22.));
#2211 = VECTOR('',#2212,1.);
#2212 = DIRECTION('',(0.707106781187,0.707106781187,0.));
#2213 = ORIENTED_EDGE('',*,*,#2165,.T.);
#2214 = ORIENTED_EDGE('',*,*,#839,.F.);
#2215 = ORIENTED_EDGE('',*,*,#2216,.F.);
#2216 = EDGE_CURVE('',#2207,#840,#2217,.T.);
#2217 = LINE('',#2218,#2219);
#2218 = CARTESIAN_POINT('',(5.338656197958,21.884954877724,22.));
#2219 = VECTOR('',#2220,1.);
#2220 = DIRECTION('',(0.,0.,1.));
#2221 = PLANE('',#2222);
#2222 = AXIS2_PLACEMENT_3D('',#2223,#2224,#2225);
#2223 = CARTESIAN_POINT('',(2.687005768509,19.233304448274,22.));
#2224 = DIRECTION('',(-0.707106781187,0.707106781187,0.));
#2225 = DIRECTION('',(0.707106781187,0.707106781187,0.));
#2226 = ADVANCED_FACE('',(#2227),#2245,.F.);
#2227 = FACE_BOUND('',#2228,.F.);
#2228 = EDGE_LOOP('',(#2229,#2237,#2243,#2244));
#2229 = ORIENTED_EDGE('',*,*,#2230,.F.);
#2230 = EDGE_CURVE('',#2231,#2182,#2233,.T.);
#2231 = VERTEX_POINT('',#2232);
#2232 = CARTESIAN_POINT('',(21.884954877724,-8.167083322705,22.));
#2233 = LINE('',#2234,#2235);
#2234 = CARTESIAN_POINT('',(21.884954877724,-8.167083322705,22.));
#2235 = VECTOR('',#2236,1.);
#2236 = DIRECTION('',(-0.707106781187,-0.707106781187,0.));
#2237 = ORIENTED_EDGE('',*,*,#2238,.T.);
#2238 = EDGE_CURVE('',#2231,#899,#2239,.T.);
#2239 = LINE('',#2240,#2241);
#2240 = CARTESIAN_POINT('',(21.884954877724,-8.167083322705,22.));
#2241 = VECTOR('',#2242,1.);
#2242 = DIRECTION('',(0.,0.,1.));
#2243 = ORIENTED_EDGE('',*,*,#907,.F.);
#2244 = ORIENTED_EDGE('',*,*,#2192,.F.);
#2245 = PLANE('',#2246);
#2246 = AXIS2_PLACEMENT_3D('',#2247,#2248,#2249);
#2247 = CARTESIAN_POINT('',(21.884954877724,-8.167083322705,22.));
#2248 = DIRECTION('',(0.707106781187,-0.707106781187,0.));
#2249 = DIRECTION('',(-0.707106781187,-0.707106781187,0.));
#2250 = ADVANCED_FACE('',(#2251),#2270,.F.);
#2251 = FACE_BOUND('',#2252,.T.);
#2252 = EDGE_LOOP('',(#2253,#2262,#2268,#2269));
#2253 = ORIENTED_EDGE('',*,*,#2254,.F.);
#2254 = EDGE_CURVE('',#2255,#2207,#2257,.T.);
#2255 = VERTEX_POINT('',#2256);
#2256 = CARTESIAN_POINT('',(8.167083322705,21.884954877724,22.));
#2257 = CIRCLE('',#2258,2.);
#2258 = AXIS2_PLACEMENT_3D('',#2259,#2260,#2261);
#2259 = CARTESIAN_POINT('',(6.752869760332,20.470741315351,22.));
#2260 = DIRECTION('',(-0.,0.,1.));
#2261 = DIRECTION('',(0.707106781187,-0.707106781187,0.));
#2262 = ORIENTED_EDGE('',*,*,#2263,.T.);
#2263 = EDGE_CURVE('',#2255,#848,#2264,.T.);
#2264 = LINE('',#2265,#2266);
#2265 = CARTESIAN_POINT('',(8.167083322705,21.884954877724,22.));
#2266 = VECTOR('',#2267,1.);
#2267 = DIRECTION('',(0.,0.,1.));
#2268 = ORIENTED_EDGE('',*,*,#847,.F.);
#2269 = ORIENTED_EDGE('',*,*,#2216,.F.);
#2270 = CYLINDRICAL_SURFACE('',#2271,2.);
#2271 = AXIS2_PLACEMENT_3D('',#2272,#2273,#2274);
#2272 = CARTESIAN_POINT('',(6.752869760332,20.470741315351,22.));
#2273 = DIRECTION('',(0.,0.,-1.));
#2274 = DIRECTION('',(0.707106781187,-0.707106781187,0.));
#2275 = ADVANCED_FACE('',(#2276),#2295,.F.);
#2276 = FACE_BOUND('',#2277,.T.);
#2277 = EDGE_LOOP('',(#2278,#2287,#2288,#2289));
#2278 = ORIENTED_EDGE('',*,*,#2279,.F.);
#2279 = EDGE_CURVE('',#2231,#2280,#2282,.T.);
#2280 = VERTEX_POINT('',#2281);
#2281 = CARTESIAN_POINT('',(21.884954877724,-5.338656197958,22.));
#2282 = CIRCLE('',#2283,2.);
#2283 = AXIS2_PLACEMENT_3D('',#2284,#2285,#2286);
#2284 = CARTESIAN_POINT('',(20.470741315351,-6.752869760332,22.));
#2285 = DIRECTION('',(-0.,0.,1.));
#2286 = DIRECTION('',(0.707106781187,-0.707106781187,0.));
#2287 = ORIENTED_EDGE('',*,*,#2238,.T.);
#2288 = ORIENTED_EDGE('',*,*,#898,.F.);
#2289 = ORIENTED_EDGE('',*,*,#2290,.F.);
#2290 = EDGE_CURVE('',#2280,#891,#2291,.T.);
#2291 = LINE('',#2292,#2293);
#2292 = CARTESIAN_POINT('',(21.884954877724,-5.338656197958,22.));
#2293 = VECTOR('',#2294,1.);
#2294 = DIRECTION('',(0.,0.,1.));
#2295 = CYLINDRICAL_SURFACE('',#2296,2.);
#2296 = AXIS2_PLACEMENT_3D('',#2297,#2298,#2299);
#2297 = CARTESIAN_POINT('',(20.470741315351,-6.752869760332,22.));
#2298 = DIRECTION('',(0.,0.,-1.));
#2299 = DIRECTION('',(0.707106781187,-0.707106781187,0.));
#2300 = ADVANCED_FACE('',(#2301),#2319,.F.);
#2301 = FACE_BOUND('',#2302,.F.);
#2302 = EDGE_LOOP('',(#2303,#2311,#2312,#2313));
#2303 = ORIENTED_EDGE('',*,*,#2304,.F.);
#2304 = EDGE_CURVE('',#2255,#2305,#2307,.T.);
#2305 = VERTEX_POINT('',#2306);
#2306 = CARTESIAN_POINT('',(21.884954877724,8.167083322705,22.));
#2307 = LINE('',#2308,#2309);
#2308 = CARTESIAN_POINT('',(8.167083322705,21.884954877724,22.));
#2309 = VECTOR('',#2310,1.);
#2310 = DIRECTION('',(0.707106781187,-0.707106781187,0.));
#2311 = ORIENTED_EDGE('',*,*,#2263,.T.);
#2312 = ORIENTED_EDGE('',*,*,#856,.F.);
#2313 = ORIENTED_EDGE('',*,*,#2314,.F.);
#2314 = EDGE_CURVE('',#2305,#857,#2315,.T.);
#2315 = LINE('',#2316,#2317);
#2316 = CARTESIAN_POINT('',(21.884954877724,8.167083322705,22.));
#2317 = VECTOR('',#2318,1.);
#2318 = DIRECTION('',(0.,0.,1.));
#2319 = PLANE('',#2320);
#2320 = AXIS2_PLACEMENT_3D('',#2321,#2322,#2323);
#2321 = CARTESIAN_POINT('',(8.167083322705,21.884954877724,22.));
#2322 = DIRECTION('',(0.707106781187,0.707106781187,0.));
#2323 = DIRECTION('',(0.707106781187,-0.707106781187,0.));
#2324 = ADVANCED_FACE('',(#2325),#2343,.F.);
#2325 = FACE_BOUND('',#2326,.F.);
#2326 = EDGE_LOOP('',(#2327,#2335,#2341,#2342));
#2327 = ORIENTED_EDGE('',*,*,#2328,.F.);
#2328 = EDGE_CURVE('',#2329,#2280,#2331,.T.);
#2329 = VERTEX_POINT('',#2330);
#2330 = CARTESIAN_POINT('',(19.233304448274,-2.687005768509,22.));
#2331 = LINE('',#2332,#2333);
#2332 = CARTESIAN_POINT('',(19.233304448274,-2.687005768509,22.));
#2333 = VECTOR('',#2334,1.);
#2334 = DIRECTION('',(0.707106781187,-0.707106781187,0.));
#2335 = ORIENTED_EDGE('',*,*,#2336,.T.);
#2336 = EDGE_CURVE('',#2329,#882,#2337,.T.);
#2337 = LINE('',#2338,#2339);
#2338 = CARTESIAN_POINT('',(19.233304448274,-2.687005768509,22.));
#2339 = VECTOR('',#2340,1.);
#2340 = DIRECTION('',(0.,0.,1.));
#2341 = ORIENTED_EDGE('',*,*,#890,.F.);
#2342 = ORIENTED_EDGE('',*,*,#2290,.F.);
#2343 = PLANE('',#2344);
#2344 = AXIS2_PLACEMENT_3D('',#2345,#2346,#2347);
#2345 = CARTESIAN_POINT('',(19.233304448274,-2.687005768509,22.));
#2346 = DIRECTION('',(0.707106781187,0.707106781187,0.));
#2347 = DIRECTION('',(0.707106781187,-0.707106781187,0.));
#2348 = ADVANCED_FACE('',(#2349),#2368,.F.);
#2349 = FACE_BOUND('',#2350,.T.);
#2350 = EDGE_LOOP('',(#2351,#2360,#2366,#2367));
#2351 = ORIENTED_EDGE('',*,*,#2352,.F.);
#2352 = EDGE_CURVE('',#2353,#2305,#2355,.T.);
#2353 = VERTEX_POINT('',#2354);
#2354 = CARTESIAN_POINT('',(21.884954877724,5.338656197958,22.));
#2355 = CIRCLE('',#2356,2.);
#2356 = AXIS2_PLACEMENT_3D('',#2357,#2358,#2359);
#2357 = CARTESIAN_POINT('',(20.470741315351,6.752869760332,22.));
#2358 = DIRECTION('',(-0.,0.,1.));
#2359 = DIRECTION('',(0.707106781187,-0.707106781187,0.));
#2360 = ORIENTED_EDGE('',*,*,#2361,.T.);
#2361 = EDGE_CURVE('',#2353,#865,#2362,.T.);
#2362 = LINE('',#2363,#2364);
#2363 = CARTESIAN_POINT('',(21.884954877724,5.338656197958,22.));
#2364 = VECTOR('',#2365,1.);
#2365 = DIRECTION('',(0.,0.,1.));
#2366 = ORIENTED_EDGE('',*,*,#864,.F.);
#2367 = ORIENTED_EDGE('',*,*,#2314,.F.);
#2368 = CYLINDRICAL_SURFACE('',#2369,2.);
#2369 = AXIS2_PLACEMENT_3D('',#2370,#2371,#2372);
#2370 = CARTESIAN_POINT('',(20.470741315351,6.752869760332,22.));
#2371 = DIRECTION('',(0.,0.,-1.));
#2372 = DIRECTION('',(0.707106781187,-0.707106781187,0.));
#2373 = ADVANCED_FACE('',(#2374),#2393,.T.);
#2374 = FACE_BOUND('',#2375,.T.);
#2375 = EDGE_LOOP('',(#2376,#2385,#2386,#2387));
#2376 = ORIENTED_EDGE('',*,*,#2377,.F.);
#2377 = EDGE_CURVE('',#2329,#2378,#2380,.T.);
#2378 = VERTEX_POINT('',#2379);
#2379 = CARTESIAN_POINT('',(19.233304448274,2.687005768509,22.));
#2380 = CIRCLE('',#2381,3.8);
#2381 = AXIS2_PLACEMENT_3D('',#2382,#2383,#2384);
#2382 = CARTESIAN_POINT('',(21.920310216783,3.552713678801E-15,22.));
#2383 = DIRECTION('',(0.,0.,-1.));
#2384 = DIRECTION('',(0.707106781187,0.707106781187,0.));
#2385 = ORIENTED_EDGE('',*,*,#2336,.T.);
#2386 = ORIENTED_EDGE('',*,*,#881,.T.);
#2387 = ORIENTED_EDGE('',*,*,#2388,.F.);
#2388 = EDGE_CURVE('',#2378,#874,#2389,.T.);
#2389 = LINE('',#2390,#2391);
#2390 = CARTESIAN_POINT('',(19.233304448274,2.687005768509,22.));
#2391 = VECTOR('',#2392,1.);
#2392 = DIRECTION('',(0.,0.,1.));
#2393 = CYLINDRICAL_SURFACE('',#2394,3.8);
#2394 = AXIS2_PLACEMENT_3D('',#2395,#2396,#2397);
#2395 = CARTESIAN_POINT('',(21.920310216783,3.552713678801E-15,22.));
#2396 = DIRECTION('',(0.,0.,-1.));
#2397 = DIRECTION('',(0.707106781187,0.707106781187,0.));
#2398 = ADVANCED_FACE('',(#2399),#2410,.F.);
#2399 = FACE_BOUND('',#2400,.F.);
#2400 = EDGE_LOOP('',(#2401,#2407,#2408,#2409));
#2401 = ORIENTED_EDGE('',*,*,#2402,.F.);
#2402 = EDGE_CURVE('',#2353,#2378,#2403,.T.);
#2403 = LINE('',#2404,#2405);
#2404 = CARTESIAN_POINT('',(21.884954877724,5.338656197958,22.));
#2405 = VECTOR('',#2406,1.);
#2406 = DIRECTION('',(-0.707106781187,-0.707106781187,0.));
#2407 = ORIENTED_EDGE('',*,*,#2361,.T.);
#2408 = ORIENTED_EDGE('',*,*,#873,.F.);
#2409 = ORIENTED_EDGE('',*,*,#2388,.F.);
#2410 = PLANE('',#2411);
#2411 = AXIS2_PLACEMENT_3D('',#2412,#2413,#2414);
#2412 = CARTESIAN_POINT('',(21.884954877724,5.338656197958,22.));
#2413 = DIRECTION('',(0.707106781187,-0.707106781187,0.));
#2414 = DIRECTION('',(-0.707106781187,-0.707106781187,0.));
#2415 = ADVANCED_FACE('',(#2416),#2435,.F.);
#2416 = FACE_BOUND('',#2417,.F.);
#2417 = EDGE_LOOP('',(#2418,#2427,#2433,#2434));
#2418 = ORIENTED_EDGE('',*,*,#2419,.F.);
#2419 = EDGE_CURVE('',#2420,#2420,#2422,.T.);
#2420 = VERTEX_POINT('',#2421);
#2421 = CARTESIAN_POINT('',(23.420310216783,3.552713678801E-15,22.));
#2422 = CIRCLE('',#2423,1.5);
#2423 = AXIS2_PLACEMENT_3D('',#2424,#2425,#2426);
#2424 = CARTESIAN_POINT('',(21.920310216783,3.552713678801E-15,22.));
#2425 = DIRECTION('',(0.,0.,-1.));
#2426 = DIRECTION('',(1.,0.,0.));
#2427 = ORIENTED_EDGE('',*,*,#2428,.T.);
#2428 = EDGE_CURVE('',#2420,#976,#2429,.T.);
#2429 = LINE('',#2430,#2431);
#2430 = CARTESIAN_POINT('',(23.420310216783,3.552713678801E-15,22.));
#2431 = VECTOR('',#2432,1.);
#2432 = DIRECTION('',(0.,0.,1.));
#2433 = ORIENTED_EDGE('',*,*,#975,.T.);
#2434 = ORIENTED_EDGE('',*,*,#2428,.F.);
#2435 = CYLINDRICAL_SURFACE('',#2436,1.5);
#2436 = AXIS2_PLACEMENT_3D('',#2437,#2438,#2439);
#2437 = CARTESIAN_POINT('',(21.920310216783,3.552713678801E-15,22.));
#2438 = DIRECTION('',(0.,0.,-1.));
#2439 = DIRECTION('',(1.,0.,0.));
#2440 = ADVANCED_FACE('',(#2441),#2460,.F.);
#2441 = FACE_BOUND('',#2442,.F.);
#2442 = EDGE_LOOP('',(#2443,#2452,#2458,#2459));
#2443 = ORIENTED_EDGE('',*,*,#2444,.F.);
#2444 = EDGE_CURVE('',#2445,#2445,#2447,.T.);
#2445 = VERTEX_POINT('',#2446);
#2446 = CARTESIAN_POINT('',(1.5,21.920310216783,22.));
#2447 = CIRCLE('',#2448,1.5);
#2448 = AXIS2_PLACEMENT_3D('',#2449,#2450,#2451);
#2449 = CARTESIAN_POINT('',(0.,21.920310216783,22.));
#2450 = DIRECTION('',(0.,0.,-1.));
#2451 = DIRECTION('',(1.,0.,0.));
#2452 = ORIENTED_EDGE('',*,*,#2453,.T.);
#2453 = EDGE_CURVE('',#2445,#987,#2454,.T.);
#2454 = LINE('',#2455,#2456);
#2455 = CARTESIAN_POINT('',(1.5,21.920310216783,22.));
#2456 = VECTOR('',#2457,1.);
#2457 = DIRECTION('',(0.,0.,1.));
#2458 = ORIENTED_EDGE('',*,*,#986,.T.);
#2459 = ORIENTED_EDGE('',*,*,#2453,.F.);
#2460 = CYLINDRICAL_SURFACE('',#2461,1.5);
#2461 = AXIS2_PLACEMENT_3D('',#2462,#2463,#2464);
#2462 = CARTESIAN_POINT('',(0.,21.920310216783,22.));
#2463 = DIRECTION('',(0.,0.,-1.));
#2464 = DIRECTION('',(1.,0.,0.));
#2465 = ADVANCED_FACE('',(#2466),#2474,.T.);
#2466 = FACE_BOUND('',#2467,.T.);
#2467 = EDGE_LOOP('',(#2468,#2469,#2470,#2471,#2472,#2473));
#2468 = ORIENTED_EDGE('',*,*,#1222,.F.);
#2469 = ORIENTED_EDGE('',*,*,#1287,.F.);
#2470 = ORIENTED_EDGE('',*,*,#1346,.T.);
#2471 = ORIENTED_EDGE('',*,*,#1401,.T.);
#2472 = ORIENTED_EDGE('',*,*,#1762,.T.);
#2473 = ORIENTED_EDGE('',*,*,#1171,.F.);
#2474 = TOROIDAL_SURFACE('',#2475,41.,1.);
#2475 = AXIS2_PLACEMENT_3D('',#2476,#2477,#2478);
#2476 = CARTESIAN_POINT('',(0.,0.,14.));
#2477 = DIRECTION('',(-0.,-0.,-1.));
#2478 = DIRECTION('',(-0.469353102254,-0.883010569248,0.));
#2479 = ADVANCED_FACE('',(#2480,#2483,#2486,#2489,#2492,#2518),#2521,.F.
  );
#2480 = FACE_BOUND('',#2481,.F.);
#2481 = EDGE_LOOP('',(#2482));
#2482 = ORIENTED_EDGE('',*,*,#1277,.F.);
#2483 = FACE_BOUND('',#2484,.F.);
#2484 = EDGE_LOOP('',(#2485));
#2485 = ORIENTED_EDGE('',*,*,#1806,.T.);
#2486 = FACE_BOUND('',#2487,.F.);
#2487 = EDGE_LOOP('',(#2488));
#2488 = ORIENTED_EDGE('',*,*,#1781,.T.);
#2489 = FACE_BOUND('',#2490,.F.);
#2490 = EDGE_LOOP('',(#2491));
#2491 = ORIENTED_EDGE('',*,*,#2419,.T.);
#2492 = FACE_BOUND('',#2493,.F.);
#2493 = EDGE_LOOP('',(#2494,#2495,#2496,#2497,#2498,#2499,#2500,#2501,
    #2502,#2503,#2504,#2505,#2506,#2507,#2508,#2509,#2510,#2511,#2512,
    #2513,#2514,#2515,#2516,#2517));
#2494 = ORIENTED_EDGE('',*,*,#1887,.F.);
#2495 = ORIENTED_EDGE('',*,*,#1831,.T.);
#2496 = ORIENTED_EDGE('',*,*,#1862,.F.);
#2497 = ORIENTED_EDGE('',*,*,#1912,.T.);
#2498 = ORIENTED_EDGE('',*,*,#1960,.F.);
#2499 = ORIENTED_EDGE('',*,*,#2010,.F.);
#2500 = ORIENTED_EDGE('',*,*,#2058,.T.);
#2501 = ORIENTED_EDGE('',*,*,#2108,.F.);
#2502 = ORIENTED_EDGE('',*,*,#2156,.F.);
#2503 = ORIENTED_EDGE('',*,*,#2206,.T.);
#2504 = ORIENTED_EDGE('',*,*,#2254,.F.);
#2505 = ORIENTED_EDGE('',*,*,#2304,.T.);
#2506 = ORIENTED_EDGE('',*,*,#2352,.F.);
#2507 = ORIENTED_EDGE('',*,*,#2402,.T.);
#2508 = ORIENTED_EDGE('',*,*,#2377,.F.);
#2509 = ORIENTED_EDGE('',*,*,#2328,.T.);
#2510 = ORIENTED_EDGE('',*,*,#2279,.F.);
#2511 = ORIENTED_EDGE('',*,*,#2230,.T.);
#2512 = ORIENTED_EDGE('',*,*,#2181,.F.);
#2513 = ORIENTED_EDGE('',*,*,#2132,.T.);
#2514 = ORIENTED_EDGE('',*,*,#2083,.F.);
#2515 = ORIENTED_EDGE('',*,*,#2034,.T.);
#2516 = ORIENTED_EDGE('',*,*,#1985,.F.);
#2517 = ORIENTED_EDGE('',*,*,#1936,.T.);
#2518 = FACE_BOUND('',#2519,.F.);
#2519 = EDGE_LOOP('',(#2520));
#2520 = ORIENTED_EDGE('',*,*,#2444,.T.);
#2521 = PLANE('',#2522);
#2522 = AXIS2_PLACEMENT_3D('',#2523,#2524,#2525);
#2523 = CARTESIAN_POINT('',(-2.187904212063E-15,-5.550418131999E-16,22.)
  );
#2524 = DIRECTION('',(0.,0.,1.));
#2525 = DIRECTION('',(1.,0.,0.));
#2526 = ( GEOMETRIC_REPRESENTATION_CONTEXT(3) 
GLOBAL_UNCERTAINTY_ASSIGNED_CONTEXT((#2530)) 
GLOBAL_UNIT_ASSIGNED_CONTEXT((#2527,#2528,#2529)) REPRESENTATION_CONTEXT
('Context #1','3D Context with UNIT and UNCERTAINTY') );
#2527 = ( LENGTH_UNIT() NAMED_UNIT(*) SI_UNIT(.MILLI.,.METRE.) );
#2528 = ( NAMED_UNIT(*) PLANE_ANGLE_UNIT() SI_UNIT($,.RADIAN.) );
#2529 = ( NAMED_UNIT(*) SI_UNIT($,.STERADIAN.) SOLID_ANGLE_UNIT() );
#2530 = UNCERTAINTY_MEASURE_WITH_UNIT(LENGTH_MEASURE(2.E-05),#2527,
  'distance_accuracy_value','confusion accuracy');
#2531 = PRODUCT_RELATED_PRODUCT_CATEGORY('part',$,(#7));
#2532 = MECHANICAL_DESIGN_GEOMETRIC_PRESENTATION_REPRESENTATION('',(
    #2533),#2526);
#2533 = STYLED_ITEM('color',(#2534),#15);
#2534 = PRESENTATION_STYLE_ASSIGNMENT((#2535,#2541));
#2535 = SURFACE_STYLE_USAGE(.BOTH.,#2536);
#2536 = SURFACE_SIDE_STYLE('',(#2537));
#2537 = SURFACE_STYLE_FILL_AREA(#2538);
#2538 = FILL_AREA_STYLE('',(#2539));
#2539 = FILL_AREA_STYLE_COLOUR('',#2540);
#2540 = COLOUR_RGB('',0.447058818107,0.474509808674,0.501960817233);
#2541 = CURVE_STYLE('',#2542,POSITIVE_LENGTH_MEASURE(0.1),#2543);
#2542 = DRAUGHTING_PRE_DEFINED_CURVE_FONT('continuous');
#2543 = COLOUR_RGB('',0.678431390124,0.709803936702,0.741176476869);
ENDSEC;
END-ISO-10303-21;
