ISO-10303-21;
HEADER;
FILE_DESCRIPTION(('FreeCAD Model'),'2;1');
FILE_NAME('Open CASCADE Shape Model','2026-07-12T16:44:38',(''),(''),
  'Open CASCADE STEP processor 7.8','FreeCAD','Unknown');
FILE_SCHEMA(('AUTOMOTIVE_DESIGN { 1 0 10303 214 1 1 1 1 }'));
ENDSEC;
DATA;
#1 = APPLICATION_PROTOCOL_DEFINITION('international standard',
  'automotive_design',2000,#2);
#2 = APPLICATION_CONTEXT(
  'core data for automotive mechanical design processes');
#3 = SHAPE_DEFINITION_REPRESENTATION(#4,#10);
#4 = PRODUCT_DEFINITION_SHAPE('','',#5);
#5 = PRODUCT_DEFINITION('design','',#6,#9);
#6 = PRODUCT_DEFINITION_FORMATION('','',#7);
#7 = PRODUCT('Planeta004','Planeta004','',(#8));
#8 = PRODUCT_CONTEXT('',#2,'mechanical');
#9 = PRODUCT_DEFINITION_CONTEXT('part definition',#2,'design');
#10 = ADVANCED_BREP_SHAPE_REPRESENTATION('',(#11,#15),#5737);
#11 = AXIS2_PLACEMENT_3D('',#12,#13,#14);
#12 = CARTESIAN_POINT('',(0.,0.,0.));
#13 = DIRECTION('',(0.,0.,1.));
#14 = DIRECTION('',(1.,0.,-0.));
#15 = MANIFOLD_SOLID_BREP('',#16);
#16 = CLOSED_SHELL('',(#17,#57,#147,#237,#1675,#3113,#3131,#3148,#3166,
    #3183,#3201,#3218,#3256,#3294,#3312,#3330,#3368,#3406,#3424,#3442,
    #3460,#3478,#3496,#3514,#3552,#3590,#3608,#3626,#3664,#3702,#3720,
    #3738,#3756,#3774,#3792,#3810,#3848,#3886,#3904,#3922,#3960,#3998,
    #4016,#4034,#4052,#4070,#4088,#4106,#4144,#4182,#4200,#4218,#4256,
    #4294,#4312,#4330,#4348,#4366,#4384,#4402,#4440,#4478,#4496,#4514,
    #4552,#4590,#4608,#4626,#4644,#4662,#4680,#4698,#4736,#4774,#4792,
    #4810,#4848,#4886,#4904,#4922,#4940,#4958,#4976,#4994,#5032,#5070,
    #5088,#5106,#5144,#5182,#5200,#5218,#5236,#5254,#5272,#5290,#5328,
    #5366,#5384,#5402,#5440,#5478,#5496,#5514,#5532,#5550,#5568,#5586,
    #5624,#5662,#5675,#5700,#5725));
#17 = ADVANCED_FACE('',(#18),#52,.F.);
#18 = FACE_BOUND('',#19,.F.);
#19 = EDGE_LOOP('',(#20,#30,#38,#46));
#20 = ORIENTED_EDGE('',*,*,#21,.T.);
#21 = EDGE_CURVE('',#22,#24,#26,.T.);
#22 = VERTEX_POINT('',#23);
#23 = CARTESIAN_POINT('',(11.993030691987,-0.408919088639,0.));
#24 = VERTEX_POINT('',#25);
#25 = CARTESIAN_POINT('',(11.993030691987,-0.408919088639,10.));
#26 = LINE('',#27,#28);
#27 = CARTESIAN_POINT('',(11.993030691987,-0.408919088639,0.));
#28 = VECTOR('',#29,1.);
#29 = DIRECTION('',(0.,0.,1.));
#30 = ORIENTED_EDGE('',*,*,#31,.T.);
#31 = EDGE_CURVE('',#24,#32,#34,.T.);
#32 = VERTEX_POINT('',#33);
#33 = CARTESIAN_POINT('',(11.993030691987,0.408919088639,10.));
#34 = LINE('',#35,#36);
#35 = CARTESIAN_POINT('',(11.993030691987,-0.408919088639,10.));
#36 = VECTOR('',#37,1.);
#37 = DIRECTION('',(0.,1.,0.));
#38 = ORIENTED_EDGE('',*,*,#39,.F.);
#39 = EDGE_CURVE('',#40,#32,#42,.T.);
#40 = VERTEX_POINT('',#41);
#41 = CARTESIAN_POINT('',(11.993030691987,0.408919088639,0.));
#42 = LINE('',#43,#44);
#43 = CARTESIAN_POINT('',(11.993030691987,0.408919088639,0.));
#44 = VECTOR('',#45,1.);
#45 = DIRECTION('',(0.,0.,1.));
#46 = ORIENTED_EDGE('',*,*,#47,.F.);
#47 = EDGE_CURVE('',#22,#40,#48,.T.);
#48 = LINE('',#49,#50);
#49 = CARTESIAN_POINT('',(11.993030691987,-0.408919088639,0.));
#50 = VECTOR('',#51,1.);
#51 = DIRECTION('',(0.,1.,0.));
#52 = PLANE('',#53);
#53 = AXIS2_PLACEMENT_3D('',#54,#55,#56);
#54 = CARTESIAN_POINT('',(11.993030691987,-0.408919088639,0.));
#55 = DIRECTION('',(-1.,0.,0.));
#56 = DIRECTION('',(0.,1.,0.));
#57 = ADVANCED_FACE('',(#58),#121,.F.);
#58 = FACE_BOUND('',#59,.F.);
#59 = EDGE_LOOP('',(#60,#70,#95,#96));
#60 = ORIENTED_EDGE('',*,*,#61,.T.);
#61 = EDGE_CURVE('',#62,#64,#66,.T.);
#62 = VERTEX_POINT('',#63);
#63 = CARTESIAN_POINT('',(10.095755930396,-1.035096187116,0.));
#64 = VERTEX_POINT('',#65);
#65 = CARTESIAN_POINT('',(10.095755930396,-1.035096187116,10.));
#66 = LINE('',#67,#68);
#67 = CARTESIAN_POINT('',(10.095755930396,-1.035096187116,0.));
#68 = VECTOR('',#69,1.);
#69 = DIRECTION('',(0.,0.,1.));
#70 = ORIENTED_EDGE('',*,*,#71,.T.);
#71 = EDGE_CURVE('',#64,#24,#72,.T.);
#72 = B_SPLINE_CURVE_WITH_KNOTS('',3,(#73,#74,#75,#76,#77,#78,#79,#80,
    #81,#82,#83,#84,#85,#86,#87,#88,#89,#90,#91,#92,#93,#94),
  .UNSPECIFIED.,.F.,.F.,(4,1,1,1,1,1,1,1,1,1,1,1,1,1,1,1,1,1,1,4),(0.,
    5.595890432166E-03,2.238333316142E-02,5.036237390098E-02,
    8.953301918139E-02,0.139895271179,0.201449130885,0.27419459883,
    0.358131675335,0.453260360606,0.559580654786,0.677092557974,
    0.805796070246,0.945691191659,1.096777922257,1.259056262075,
    1.43252621114,1.617187769477,1.813040937104,2.020085714038),
  .UNSPECIFIED.);
#73 = CARTESIAN_POINT('',(10.095755930396,-1.035096187116,10.));
#74 = CARTESIAN_POINT('',(10.097614075156,-1.035261788283,10.));
#75 = CARTESIAN_POINT('',(10.105051405468,-1.035857293112,10.));
#76 = CARTESIAN_POINT('',(10.121826074391,-1.036621693159,10.));
#77 = CARTESIAN_POINT('',(10.149804547596,-1.037087055593,10.));
#78 = CARTESIAN_POINT('',(10.188977801964,-1.036437719797,10.));
#79 = CARTESIAN_POINT('',(10.239288172493,-1.03396940579,10.));
#80 = CARTESIAN_POINT('',(10.300646629509,-1.028927434003,10.));
#81 = CARTESIAN_POINT('',(10.372925131717,-1.02058240425,10.));
#82 = CARTESIAN_POINT('',(10.455959857382,-1.008203071157,10.));
#83 = CARTESIAN_POINT('',(10.549550368138,-0.991068518539,10.));
#84 = CARTESIAN_POINT('',(10.653460329537,-0.968466157347,10.));
#85 = CARTESIAN_POINT('',(10.767417790364,-0.939694536383,10.));
#86 = CARTESIAN_POINT('',(10.891115696574,-0.904064531721,10.));
#87 = CARTESIAN_POINT('',(11.024212417191,-0.860901022271,10.));
#88 = CARTESIAN_POINT('',(11.166332348548,-0.809544411628,10.));
#89 = CARTESIAN_POINT('',(11.317066590743,-0.749352036463,10.));
#90 = CARTESIAN_POINT('',(11.475973630113,-0.67970010673,10.));
#91 = CARTESIAN_POINT('',(11.642580322436,-0.599983246968,10.));
#92 = CARTESIAN_POINT('',(11.816381953245,-0.509623733272,10.));
#93 = CARTESIAN_POINT('',(11.933439950462,-0.443732248627,10.));
#94 = CARTESIAN_POINT('',(11.993030691987,-0.408919088639,10.));
#95 = ORIENTED_EDGE('',*,*,#21,.F.);
#96 = ORIENTED_EDGE('',*,*,#97,.F.);
#97 = EDGE_CURVE('',#62,#22,#98,.T.);
#98 = B_SPLINE_CURVE_WITH_KNOTS('',3,(#99,#100,#101,#102,#103,#104,#105,
    #106,#107,#108,#109,#110,#111,#112,#113,#114,#115,#116,#117,#118,
    #119,#120),.UNSPECIFIED.,.F.,.F.,(4,1,1,1,1,1,1,1,1,1,1,1,1,1,1,1,1,
    1,1,4),(0.,5.595890432166E-03,2.238333316142E-02,5.036237390098E-02,
    8.953301918139E-02,0.139895271179,0.201449130885,0.27419459883,
    0.358131675335,0.453260360606,0.559580654786,0.677092557974,
    0.805796070246,0.945691191659,1.096777922257,1.259056262075,
    1.43252621114,1.617187769477,1.813040937104,2.020085714038),
  .UNSPECIFIED.);
#99 = CARTESIAN_POINT('',(10.095755930396,-1.035096187116,0.));
#100 = CARTESIAN_POINT('',(10.097614075156,-1.035261788283,0.));
#101 = CARTESIAN_POINT('',(10.105051405468,-1.035857293112,0.));
#102 = CARTESIAN_POINT('',(10.121826074391,-1.036621693159,0.));
#103 = CARTESIAN_POINT('',(10.149804547596,-1.037087055593,0.));
#104 = CARTESIAN_POINT('',(10.188977801964,-1.036437719797,0.));
#105 = CARTESIAN_POINT('',(10.239288172493,-1.03396940579,0.));
#106 = CARTESIAN_POINT('',(10.300646629509,-1.028927434003,0.));
#107 = CARTESIAN_POINT('',(10.372925131717,-1.02058240425,0.));
#108 = CARTESIAN_POINT('',(10.455959857382,-1.008203071157,0.));
#109 = CARTESIAN_POINT('',(10.549550368138,-0.991068518539,0.));
#110 = CARTESIAN_POINT('',(10.653460329537,-0.968466157347,0.));
#111 = CARTESIAN_POINT('',(10.767417790364,-0.939694536383,0.));
#112 = CARTESIAN_POINT('',(10.891115696574,-0.904064531721,0.));
#113 = CARTESIAN_POINT('',(11.024212417191,-0.860901022271,0.));
#114 = CARTESIAN_POINT('',(11.166332348548,-0.809544411628,0.));
#115 = CARTESIAN_POINT('',(11.317066590743,-0.749352036463,0.));
#116 = CARTESIAN_POINT('',(11.475973630113,-0.67970010673,0.));
#117 = CARTESIAN_POINT('',(11.642580322436,-0.599983246968,0.));
#118 = CARTESIAN_POINT('',(11.816381953245,-0.509623733272,0.));
#119 = CARTESIAN_POINT('',(11.933439950462,-0.443732248627,0.));
#120 = CARTESIAN_POINT('',(11.993030691987,-0.408919088639,0.));
#121 = SURFACE_OF_LINEAR_EXTRUSION('',#122,#145);
#122 = B_SPLINE_CURVE_WITH_KNOTS('',3,(#123,#124,#125,#126,#127,#128,
    #129,#130,#131,#132,#133,#134,#135,#136,#137,#138,#139,#140,#141,
    #142,#143,#144),.UNSPECIFIED.,.F.,.F.,(4,1,1,1,1,1,1,1,1,1,1,1,1,1,1
    ,1,1,1,1,4),(0.,5.595890432166E-03,2.238333316142E-02,
    5.036237390098E-02,8.953301918139E-02,0.139895271179,0.201449130885,
    0.27419459883,0.358131675335,0.453260360606,0.559580654786,
    0.677092557974,0.805796070246,0.945691191659,1.096777922257,
    1.259056262075,1.43252621114,1.617187769477,1.813040937104,
    2.020085714038),.UNSPECIFIED.);
#123 = CARTESIAN_POINT('',(10.095755930396,-1.035096187116,0.));
#124 = CARTESIAN_POINT('',(10.097614075156,-1.035261788283,0.));
#125 = CARTESIAN_POINT('',(10.105051405468,-1.035857293112,0.));
#126 = CARTESIAN_POINT('',(10.121826074391,-1.036621693159,0.));
#127 = CARTESIAN_POINT('',(10.149804547596,-1.037087055593,0.));
#128 = CARTESIAN_POINT('',(10.188977801964,-1.036437719797,0.));
#129 = CARTESIAN_POINT('',(10.239288172493,-1.03396940579,0.));
#130 = CARTESIAN_POINT('',(10.300646629509,-1.028927434003,0.));
#131 = CARTESIAN_POINT('',(10.372925131717,-1.02058240425,0.));
#132 = CARTESIAN_POINT('',(10.455959857382,-1.008203071157,0.));
#133 = CARTESIAN_POINT('',(10.549550368138,-0.991068518539,0.));
#134 = CARTESIAN_POINT('',(10.653460329537,-0.968466157347,0.));
#135 = CARTESIAN_POINT('',(10.767417790364,-0.939694536383,0.));
#136 = CARTESIAN_POINT('',(10.891115696574,-0.904064531721,0.));
#137 = CARTESIAN_POINT('',(11.024212417191,-0.860901022271,0.));
#138 = CARTESIAN_POINT('',(11.166332348548,-0.809544411628,0.));
#139 = CARTESIAN_POINT('',(11.317066590743,-0.749352036463,0.));
#140 = CARTESIAN_POINT('',(11.475973630113,-0.67970010673,0.));
#141 = CARTESIAN_POINT('',(11.642580322436,-0.599983246968,0.));
#142 = CARTESIAN_POINT('',(11.816381953245,-0.509623733272,0.));
#143 = CARTESIAN_POINT('',(11.933439950462,-0.443732248627,0.));
#144 = CARTESIAN_POINT('',(11.993030691987,-0.408919088639,0.));
#145 = VECTOR('',#146,1.);
#146 = DIRECTION('',(-0.,-0.,-1.));
#147 = ADVANCED_FACE('',(#148),#211,.F.);
#148 = FACE_BOUND('',#149,.F.);
#149 = EDGE_LOOP('',(#150,#151,#178,#186));
#150 = ORIENTED_EDGE('',*,*,#39,.T.);
#151 = ORIENTED_EDGE('',*,*,#152,.T.);
#152 = EDGE_CURVE('',#32,#153,#155,.T.);
#153 = VERTEX_POINT('',#154);
#154 = CARTESIAN_POINT('',(10.095755930396,1.035096187116,10.));
#155 = B_SPLINE_CURVE_WITH_KNOTS('',3,(#156,#157,#158,#159,#160,#161,
    #162,#163,#164,#165,#166,#167,#168,#169,#170,#171,#172,#173,#174,
    #175,#176,#177),.UNSPECIFIED.,.F.,.F.,(4,1,1,1,1,1,1,1,1,1,1,1,1,1,1
    ,1,1,1,1,4),(0.,0.207044776933,0.402897944561,0.587559502897,
    0.761029451963,0.923307791781,1.074394522378,1.214289643791,
    1.342993156064,1.460505059252,1.566825353431,1.661954038703,
    1.745891115208,1.818636583153,1.880190442858,1.930552694856,
    1.969723340137,1.997702380876,2.014489823605,2.020085714038),
  .UNSPECIFIED.);
#156 = CARTESIAN_POINT('',(11.993030691987,0.408919088639,10.));
#157 = CARTESIAN_POINT('',(11.933439950462,0.443732248627,10.));
#158 = CARTESIAN_POINT('',(11.816381953245,0.509623733272,10.));
#159 = CARTESIAN_POINT('',(11.642580322436,0.599983246968,10.));
#160 = CARTESIAN_POINT('',(11.475973630113,0.67970010673,10.));
#161 = CARTESIAN_POINT('',(11.317066590743,0.749352036463,10.));
#162 = CARTESIAN_POINT('',(11.166332348548,0.809544411628,10.));
#163 = CARTESIAN_POINT('',(11.024212417191,0.860901022271,10.));
#164 = CARTESIAN_POINT('',(10.891115696574,0.904064531721,10.));
#165 = CARTESIAN_POINT('',(10.767417790364,0.939694536383,10.));
#166 = CARTESIAN_POINT('',(10.653460329537,0.968466157347,10.));
#167 = CARTESIAN_POINT('',(10.549550368138,0.991068518539,10.));
#168 = CARTESIAN_POINT('',(10.455959857382,1.008203071157,10.));
#169 = CARTESIAN_POINT('',(10.372925131717,1.02058240425,10.));
#170 = CARTESIAN_POINT('',(10.300646629509,1.028927434003,10.));
#171 = CARTESIAN_POINT('',(10.239288172493,1.03396940579,10.));
#172 = CARTESIAN_POINT('',(10.188977801964,1.036437719797,10.));
#173 = CARTESIAN_POINT('',(10.149804547596,1.037087055593,10.));
#174 = CARTESIAN_POINT('',(10.121826074391,1.036621693159,10.));
#175 = CARTESIAN_POINT('',(10.105051405468,1.035857293112,10.));
#176 = CARTESIAN_POINT('',(10.097614075156,1.035261788283,10.));
#177 = CARTESIAN_POINT('',(10.095755930396,1.035096187116,10.));
#178 = ORIENTED_EDGE('',*,*,#179,.F.);
#179 = EDGE_CURVE('',#180,#153,#182,.T.);
#180 = VERTEX_POINT('',#181);
#181 = CARTESIAN_POINT('',(10.095755930396,1.035096187116,0.));
#182 = LINE('',#183,#184);
#183 = CARTESIAN_POINT('',(10.095755930396,1.035096187116,0.));
#184 = VECTOR('',#185,1.);
#185 = DIRECTION('',(0.,0.,1.));
#186 = ORIENTED_EDGE('',*,*,#187,.F.);
#187 = EDGE_CURVE('',#40,#180,#188,.T.);
#188 = B_SPLINE_CURVE_WITH_KNOTS('',3,(#189,#190,#191,#192,#193,#194,
    #195,#196,#197,#198,#199,#200,#201,#202,#203,#204,#205,#206,#207,
    #208,#209,#210),.UNSPECIFIED.,.F.,.F.,(4,1,1,1,1,1,1,1,1,1,1,1,1,1,1
    ,1,1,1,1,4),(0.,0.207044776933,0.402897944561,0.587559502897,
    0.761029451963,0.923307791781,1.074394522378,1.214289643791,
    1.342993156064,1.460505059252,1.566825353431,1.661954038703,
    1.745891115208,1.818636583153,1.880190442858,1.930552694856,
    1.969723340137,1.997702380876,2.014489823605,2.020085714038),
  .UNSPECIFIED.);
#189 = CARTESIAN_POINT('',(11.993030691987,0.408919088639,0.));
#190 = CARTESIAN_POINT('',(11.933439950462,0.443732248627,0.));
#191 = CARTESIAN_POINT('',(11.816381953245,0.509623733272,0.));
#192 = CARTESIAN_POINT('',(11.642580322436,0.599983246968,0.));
#193 = CARTESIAN_POINT('',(11.475973630113,0.67970010673,0.));
#194 = CARTESIAN_POINT('',(11.317066590743,0.749352036463,0.));
#195 = CARTESIAN_POINT('',(11.166332348548,0.809544411628,0.));
#196 = CARTESIAN_POINT('',(11.024212417191,0.860901022271,0.));
#197 = CARTESIAN_POINT('',(10.891115696574,0.904064531721,0.));
#198 = CARTESIAN_POINT('',(10.767417790364,0.939694536383,0.));
#199 = CARTESIAN_POINT('',(10.653460329537,0.968466157347,0.));
#200 = CARTESIAN_POINT('',(10.549550368138,0.991068518539,0.));
#201 = CARTESIAN_POINT('',(10.455959857382,1.008203071157,0.));
#202 = CARTESIAN_POINT('',(10.372925131717,1.02058240425,0.));
#203 = CARTESIAN_POINT('',(10.300646629509,1.028927434003,0.));
#204 = CARTESIAN_POINT('',(10.239288172493,1.03396940579,0.));
#205 = CARTESIAN_POINT('',(10.188977801964,1.036437719797,0.));
#206 = CARTESIAN_POINT('',(10.149804547596,1.037087055593,0.));
#207 = CARTESIAN_POINT('',(10.121826074391,1.036621693159,0.));
#208 = CARTESIAN_POINT('',(10.105051405468,1.035857293112,0.));
#209 = CARTESIAN_POINT('',(10.097614075156,1.035261788283,0.));
#210 = CARTESIAN_POINT('',(10.095755930396,1.035096187116,0.));
#211 = SURFACE_OF_LINEAR_EXTRUSION('',#212,#235);
#212 = B_SPLINE_CURVE_WITH_KNOTS('',3,(#213,#214,#215,#216,#217,#218,
    #219,#220,#221,#222,#223,#224,#225,#226,#227,#228,#229,#230,#231,
    #232,#233,#234),.UNSPECIFIED.,.F.,.F.,(4,1,1,1,1,1,1,1,1,1,1,1,1,1,1
    ,1,1,1,1,4),(0.,0.207044776933,0.402897944561,0.587559502897,
    0.761029451963,0.923307791781,1.074394522378,1.214289643791,
    1.342993156064,1.460505059252,1.566825353431,1.661954038703,
    1.745891115208,1.818636583153,1.880190442858,1.930552694856,
    1.969723340137,1.997702380876,2.014489823605,2.020085714038),
  .UNSPECIFIED.);
#213 = CARTESIAN_POINT('',(11.993030691987,0.408919088639,0.));
#214 = CARTESIAN_POINT('',(11.933439950462,0.443732248627,0.));
#215 = CARTESIAN_POINT('',(11.816381953245,0.509623733272,0.));
#216 = CARTESIAN_POINT('',(11.642580322436,0.599983246968,0.));
#217 = CARTESIAN_POINT('',(11.475973630113,0.67970010673,0.));
#218 = CARTESIAN_POINT('',(11.317066590743,0.749352036463,0.));
#219 = CARTESIAN_POINT('',(11.166332348548,0.809544411628,0.));
#220 = CARTESIAN_POINT('',(11.024212417191,0.860901022271,0.));
#221 = CARTESIAN_POINT('',(10.891115696574,0.904064531721,0.));
#222 = CARTESIAN_POINT('',(10.767417790364,0.939694536383,0.));
#223 = CARTESIAN_POINT('',(10.653460329537,0.968466157347,0.));
#224 = CARTESIAN_POINT('',(10.549550368138,0.991068518539,0.));
#225 = CARTESIAN_POINT('',(10.455959857382,1.008203071157,0.));
#226 = CARTESIAN_POINT('',(10.372925131717,1.02058240425,0.));
#227 = CARTESIAN_POINT('',(10.300646629509,1.028927434003,0.));
#228 = CARTESIAN_POINT('',(10.239288172493,1.03396940579,0.));
#229 = CARTESIAN_POINT('',(10.188977801964,1.036437719797,0.));
#230 = CARTESIAN_POINT('',(10.149804547596,1.037087055593,0.));
#231 = CARTESIAN_POINT('',(10.121826074391,1.036621693159,0.));
#232 = CARTESIAN_POINT('',(10.105051405468,1.035857293112,0.));
#233 = CARTESIAN_POINT('',(10.097614075156,1.035261788283,0.));
#234 = CARTESIAN_POINT('',(10.095755930396,1.035096187116,0.));
#235 = VECTOR('',#236,1.);
#236 = DIRECTION('',(-0.,-0.,-1.));
#237 = ADVANCED_FACE('',(#238,#1659),#1670,.F.);
#238 = FACE_BOUND('',#239,.F.);
#239 = EDGE_LOOP('',(#240,#241,#242,#250,#258,#266,#293,#300,#327,#334,
    #341,#348,#375,#382,#409,#416,#423,#430,#457,#464,#491,#498,#505,
    #512,#539,#546,#573,#580,#587,#594,#621,#628,#655,#662,#669,#676,
    #703,#710,#737,#744,#751,#758,#785,#792,#819,#826,#833,#840,#867,
    #874,#901,#908,#915,#922,#949,#956,#983,#990,#997,#1004,#1031,#1038,
    #1065,#1072,#1079,#1086,#1113,#1120,#1147,#1154,#1161,#1168,#1195,
    #1202,#1229,#1236,#1243,#1250,#1277,#1284,#1311,#1318,#1325,#1332,
    #1359,#1366,#1393,#1400,#1407,#1414,#1441,#1448,#1475,#1482,#1489,
    #1496,#1523,#1530,#1557,#1564,#1571,#1578,#1605,#1612,#1639,#1646,
    #1653,#1658));
#240 = ORIENTED_EDGE('',*,*,#47,.T.);
#241 = ORIENTED_EDGE('',*,*,#187,.T.);
#242 = ORIENTED_EDGE('',*,*,#243,.T.);
#243 = EDGE_CURVE('',#180,#244,#246,.T.);
#244 = VERTEX_POINT('',#245);
#245 = CARTESIAN_POINT('',(9.251501410598,0.948536583217,0.));
#246 = LINE('',#247,#248);
#247 = CARTESIAN_POINT('',(10.095755930396,1.035096187116,0.));
#248 = VECTOR('',#249,1.);
#249 = DIRECTION('',(-0.994785097914,-0.101993180991,0.));
#250 = ORIENTED_EDGE('',*,*,#251,.T.);
#251 = EDGE_CURVE('',#244,#252,#254,.T.);
#252 = VERTEX_POINT('',#253);
#253 = CARTESIAN_POINT('',(9.017986224871,2.272867010636,0.));
#254 = LINE('',#255,#256);
#255 = CARTESIAN_POINT('',(9.251501410598,0.948536583217,0.));
#256 = VECTOR('',#257,1.);
#257 = DIRECTION('',(-0.173648177667,0.984807753012,0.));
#258 = ORIENTED_EDGE('',*,*,#259,.T.);
#259 = EDGE_CURVE('',#252,#260,#262,.T.);
#260 = VERTEX_POINT('',#261);
#261 = CARTESIAN_POINT('',(9.840931095322,2.480279641458,0.));
#262 = LINE('',#263,#264);
#263 = CARTESIAN_POINT('',(9.017986224871,2.272867010636,0.));
#264 = VECTOR('',#265,1.);
#265 = DIRECTION('',(0.969675938158,0.244394302219,0.));
#266 = ORIENTED_EDGE('',*,*,#267,.T.);
#267 = EDGE_CURVE('',#260,#268,#270,.T.);
#268 = VERTEX_POINT('',#269);
#269 = CARTESIAN_POINT('',(11.409621007424,3.71759982609,0.));
#270 = B_SPLINE_CURVE_WITH_KNOTS('',3,(#271,#272,#273,#274,#275,#276,
    #277,#278,#279,#280,#281,#282,#283,#284,#285,#286,#287,#288,#289,
    #290,#291,#292),.UNSPECIFIED.,.F.,.F.,(4,1,1,1,1,1,1,1,1,1,1,1,1,1,1
    ,1,1,1,1,4),(0.,5.595890432166E-03,2.238333316142E-02,
    5.036237390098E-02,8.953301918139E-02,0.139895271179,0.201449130885,
    0.27419459883,0.358131675335,0.453260360606,0.559580654786,
    0.677092557974,0.805796070246,0.945691191659,1.096777922257,
    1.259056262075,1.43252621114,1.617187769477,1.813040937104,
    2.020085714038),.UNSPECIFIED.);
#271 = CARTESIAN_POINT('',(9.840931095322,2.480279641458,0.));
#272 = CARTESIAN_POINT('',(9.842733819177,2.480759550201,0.));
#273 = CARTESIAN_POINT('',(9.849926298236,2.482743675486,0.));
#274 = CARTESIAN_POINT('',(9.865950771052,2.487762649073,0.));
#275 = CARTESIAN_POINT('',(9.89240109919,2.496894552843,0.));
#276 = CARTESIAN_POINT('',(9.92898983133,2.510902770973,0.));
#277 = CARTESIAN_POINT('',(9.975421902154,2.53042938757,0.));
#278 = CARTESIAN_POINT('',(10.031355535522,2.556153119514,0.));
#279 = CARTESIAN_POINT('',(10.096420942416,2.588715586079,0.));
#280 = CARTESIAN_POINT('',(10.170214080114,2.628747902809,0.));
#281 = CARTESIAN_POINT('',(10.252300030304,2.676858955367,0.));
#282 = CARTESIAN_POINT('',(10.342212991443,2.733637527282,0.));
#283 = CARTESIAN_POINT('',(10.43945750254,2.799649754275,0.));
#284 = CARTESIAN_POINT('',(10.543509332911,2.875438182346,0.));
#285 = CARTESIAN_POINT('',(10.653816549437,2.961520373125,0.));
#286 = CARTESIAN_POINT('',(10.769800604867,3.058387680467,0.));
#287 = CARTESIAN_POINT('',(10.890857455176,3.166504158357,0.));
#288 = CARTESIAN_POINT('',(11.016358864473,3.286304971132,0.));
#289 = CARTESIAN_POINT('',(11.145653172021,3.418197160789,0.));
#290 = CARTESIAN_POINT('',(11.278068508148,3.562550987706,0.));
#291 = CARTESIAN_POINT('',(11.365530829314,3.664504922586,0.));
#292 = CARTESIAN_POINT('',(11.409621007424,3.71759982609,0.));
#293 = ORIENTED_EDGE('',*,*,#294,.T.);
#294 = EDGE_CURVE('',#268,#295,#297,.T.);
#295 = VERTEX_POINT('',#296);
#296 = CARTESIAN_POINT('',(11.129903876814,4.486116326275,0.));
#297 = B_SPLINE_CURVE_WITH_KNOTS('',1,(#298,#299),.UNSPECIFIED.,.F.,.F.,
  (2,2),(0.,0.817838177277),.PIECEWISE_BEZIER_KNOTS.);
#298 = CARTESIAN_POINT('',(11.409621007424,3.71759982609,0.));
#299 = CARTESIAN_POINT('',(11.129903876814,4.486116326275,0.));
#300 = ORIENTED_EDGE('',*,*,#301,.T.);
#301 = EDGE_CURVE('',#295,#302,#304,.T.);
#302 = VERTEX_POINT('',#303);
#303 = CARTESIAN_POINT('',(9.132883602775,4.425624139132,0.));
#304 = B_SPLINE_CURVE_WITH_KNOTS('',3,(#305,#306,#307,#308,#309,#310,
    #311,#312,#313,#314,#315,#316,#317,#318,#319,#320,#321,#322,#323,
    #324,#325,#326),.UNSPECIFIED.,.F.,.F.,(4,1,1,1,1,1,1,1,1,1,1,1,1,1,1
    ,1,1,1,1,4),(0.,0.207044776933,0.402897944561,0.587559502897,
    0.761029451963,0.923307791781,1.074394522378,1.214289643791,
    1.342993156064,1.460505059252,1.566825353431,1.661954038703,
    1.745891115208,1.818636583153,1.880190442858,1.930552694856,
    1.969723340137,1.997702380876,2.014489823605,2.020085714038),
  .UNSPECIFIED.);
#305 = CARTESIAN_POINT('',(11.129903876814,4.486116326275,0.));
#306 = CARTESIAN_POINT('',(11.062000094767,4.498448761864,0.));
#307 = CARTESIAN_POINT('',(10.929465343556,4.520330310773,0.));
#308 = CARTESIAN_POINT('',(10.735240459779,4.545796820331,0.));
#309 = CARTESIAN_POINT('',(10.551416608629,4.563723320414,0.));
#310 = CARTESIAN_POINT('',(10.378270473351,4.574825316427,0.));
#311 = CARTESIAN_POINT('',(10.21603961348,4.579833500078,0.));
#312 = CARTESIAN_POINT('',(10.064925567384,4.579485048835,0.));
#313 = CARTESIAN_POINT('',(9.925092771481,4.574523720691,0.));
#314 = CARTESIAN_POINT('',(9.796668582508,4.56569779754,0.));
#315 = CARTESIAN_POINT('',(9.679743123559,4.553758530363,0.));
#316 = CARTESIAN_POINT('',(9.574369236792,4.539458502496,0.));
#317 = CARTESIAN_POINT('',(9.480562562317,4.523549875249,0.));
#318 = CARTESIAN_POINT('',(9.398301462062,4.506783094434,0.));
#319 = CARTESIAN_POINT('',(9.327527718623,4.489904153629,0.));
#320 = CARTESIAN_POINT('',(9.268145173429,4.473656229048,0.));
#321 = CARTESIAN_POINT('',(9.220024676384,4.458768525367,0.));
#322 = CARTESIAN_POINT('',(9.1829917724,4.44598065935,0.));
#323 = CARTESIAN_POINT('',(9.156859770915,4.435974160289,0.));
#324 = CARTESIAN_POINT('',(9.141358178525,4.429518584536,0.));
#325 = CARTESIAN_POINT('',(9.13457304876,4.426415276263,0.));
#326 = CARTESIAN_POINT('',(9.132883602775,4.425624139132,0.));
#327 = ORIENTED_EDGE('',*,*,#328,.T.);
#328 = EDGE_CURVE('',#302,#329,#331,.T.);
#329 = VERTEX_POINT('',#330);
#330 = CARTESIAN_POINT('',(8.369148988588,4.055532666225,0.));
#331 = B_SPLINE_CURVE_WITH_KNOTS('',1,(#332,#333),.UNSPECIFIED.,.F.,.F.,
  (2,2),(0.,0.848680304488),.PIECEWISE_BEZIER_KNOTS.);
#332 = CARTESIAN_POINT('',(9.132883602775,4.425624139132,0.));
#333 = CARTESIAN_POINT('',(8.369148988588,4.055532666225,0.));
#334 = ORIENTED_EDGE('',*,*,#335,.T.);
#335 = EDGE_CURVE('',#329,#336,#338,.T.);
#336 = VERTEX_POINT('',#337);
#337 = CARTESIAN_POINT('',(7.696768809122,5.220129299061,0.));
#338 = B_SPLINE_CURVE_WITH_KNOTS('',1,(#339,#340),.UNSPECIFIED.,.F.,.F.,
  (2,2),(0.,1.344760358931),.PIECEWISE_BEZIER_KNOTS.);
#339 = CARTESIAN_POINT('',(8.369148988588,4.055532666225,0.));
#340 = CARTESIAN_POINT('',(7.696768809122,5.220129299061,0.));
#341 = ORIENTED_EDGE('',*,*,#342,.T.);
#342 = EDGE_CURVE('',#336,#343,#345,.T.);
#343 = VERTEX_POINT('',#344);
#344 = CARTESIAN_POINT('',(8.399144733477,5.696497140244,0.));
#345 = B_SPLINE_CURVE_WITH_KNOTS('',1,(#346,#347),.UNSPECIFIED.,.F.,.F.,
  (2,2),(0.,0.848680304488),.PIECEWISE_BEZIER_KNOTS.);
#346 = CARTESIAN_POINT('',(7.696768809122,5.220129299061,0.));
#347 = CARTESIAN_POINT('',(8.399144733477,5.696497140244,0.));
#348 = ORIENTED_EDGE('',*,*,#349,.T.);
#349 = EDGE_CURVE('',#343,#350,#352,.T.);
#350 = VERTEX_POINT('',#351);
#351 = CARTESIAN_POINT('',(9.450042641293,7.395721335863,0.));
#352 = B_SPLINE_CURVE_WITH_KNOTS('',3,(#353,#354,#355,#356,#357,#358,
    #359,#360,#361,#362,#363,#364,#365,#366,#367,#368,#369,#370,#371,
    #372,#373,#374),.UNSPECIFIED.,.F.,.F.,(4,1,1,1,1,1,1,1,1,1,1,1,1,1,1
    ,1,1,1,1,4),(0.,5.595890432166E-03,2.238333316142E-02,
    5.036237390098E-02,8.953301918139E-02,0.139895271179,0.201449130885,
    0.27419459883,0.358131675335,0.453260360606,0.559580654786,
    0.677092557974,0.805796070246,0.945691191659,1.096777922257,
    1.259056262075,1.43252621114,1.617187769477,1.813040937104,
    2.020085714038),.UNSPECIFIED.);
#353 = CARTESIAN_POINT('',(8.399144733477,5.696497140244,0.));
#354 = CARTESIAN_POINT('',(8.400674601324,5.697564674819,0.));
#355 = CARTESIAN_POINT('',(8.406754710006,5.701889115427,0.));
#356 = CARTESIAN_POINT('',(8.420096198799,5.71208610036,0.));
#357 = CARTESIAN_POINT('',(8.441828081931,5.729713827967,0.));
#358 = CARTESIAN_POINT('',(8.471419150754,5.755391330584,0.));
#359 = CARTESIAN_POINT('',(8.508372528868,5.789621051628,0.));
#360 = CARTESIAN_POINT('',(8.552134916911,5.832923882017,0.));
#361 = CARTESIAN_POINT('',(8.602139380157,5.885776271353,0.));
#362 = CARTESIAN_POINT('',(8.65779038841,5.94863308351,0.));
#363 = CARTESIAN_POINT('',(8.718471000983,6.021917733026,0.));
#364 = CARTESIAN_POINT('',(8.783542131774,6.106024181929,0.));
#365 = CARTESIAN_POINT('',(8.852344569926,6.201314966139,0.));
#366 = CARTESIAN_POINT('',(8.924200138074,6.308120614674,0.));
#367 = CARTESIAN_POINT('',(8.998413172234,6.426738704137,0.));
#368 = CARTESIAN_POINT('',(9.07427196291,6.557433081303,0.));
#369 = CARTESIAN_POINT('',(9.151050178578,6.700433219055,0.));
#370 = CARTESIAN_POINT('',(9.228008635636,6.855933168778,0.));
#371 = CARTESIAN_POINT('',(9.304395756738,7.024092543738,0.));
#372 = CARTESIAN_POINT('',(9.379453554404,7.205029481914,0.));
#373 = CARTESIAN_POINT('',(9.426770952781,7.330748717802,0.));
#374 = CARTESIAN_POINT('',(9.450042641293,7.395721335863,0.));
#375 = ORIENTED_EDGE('',*,*,#376,.T.);
#376 = EDGE_CURVE('',#350,#377,#379,.T.);
#377 = VERTEX_POINT('',#378);
#378 = CARTESIAN_POINT('',(8.924346394211,8.022221726937,0.));
#379 = B_SPLINE_CURVE_WITH_KNOTS('',1,(#380,#381),.UNSPECIFIED.,.F.,.F.,
  (2,2),(0.,0.817838177277),.PIECEWISE_BEZIER_KNOTS.);
#380 = CARTESIAN_POINT('',(9.450042641293,7.395721335863,0.));
#381 = CARTESIAN_POINT('',(8.924346394211,8.022221726937,0.));
#382 = ORIENTED_EDGE('',*,*,#383,.T.);
#383 = EDGE_CURVE('',#377,#384,#386,.T.);
#384 = VERTEX_POINT('',#385);
#385 = CARTESIAN_POINT('',(7.068450725653,7.282356504712,0.));
#386 = B_SPLINE_CURVE_WITH_KNOTS('',3,(#387,#388,#389,#390,#391,#392,
    #393,#394,#395,#396,#397,#398,#399,#400,#401,#402,#403,#404,#405,
    #406,#407,#408),.UNSPECIFIED.,.F.,.F.,(4,1,1,1,1,1,1,1,1,1,1,1,1,1,1
    ,1,1,1,1,4),(0.,0.207044776933,0.402897944561,0.587559502897,
    0.761029451963,0.923307791781,1.074394522378,1.214289643791,
    1.342993156064,1.460505059252,1.566825353431,1.661954038703,
    1.745891115208,1.818636583153,1.880190442858,1.930552694856,
    1.969723340137,1.997702380876,2.014489823605,2.020085714038),
  .UNSPECIFIED.);
#387 = CARTESIAN_POINT('',(8.924346394211,8.022221726937,0.));
#388 = CARTESIAN_POINT('',(8.85631976991,8.010585964388,0.));
#389 = CARTESIAN_POINT('',(8.724293911705,7.985818339824,0.));
#390 = CARTESIAN_POINT('',(8.533072162398,7.943320208346,0.));
#391 = CARTESIAN_POINT('',(8.354203021819,7.897294148274,0.));
#392 = CARTESIAN_POINT('',(8.187701769914,7.848507145999,0.));
#393 = CARTESIAN_POINT('',(8.033541728339,7.797727077274,0.));
#394 = CARTESIAN_POINT('',(7.89166015167,7.745715592509,0.));
#395 = CARTESIAN_POINT('',(7.761957179379,7.693227836166,0.));
#396 = CARTESIAN_POINT('',(7.644296560171,7.64101052179,0.));
#397 = CARTESIAN_POINT('',(7.538506039086,7.589800418298,0.));
#398 = CARTESIAN_POINT('',(7.444377872848,7.54032279578,0.));
#399 = CARTESIAN_POINT('',(7.361669504035,7.4932898039,0.));
#400 = CARTESIAN_POINT('',(7.290103931925,7.449399230394,0.));
#401 = CARTESIAN_POINT('',(7.229371305223,7.409332168399,0.));
#402 = CARTESIAN_POINT('',(7.179127083195,7.373754086948,0.));
#403 = CARTESIAN_POINT('',(7.13900050176,7.343306042363,0.));
#404 = CARTESIAN_POINT('',(7.108574662928,7.318623379903,0.));
#405 = CARTESIAN_POINT('',(7.08744103821,7.300282675682,0.));
#406 = CARTESIAN_POINT('',(7.075082243174,7.288914561933,0.));
#407 = CARTESIAN_POINT('',(7.069767700743,7.283677754995,0.));
#408 = CARTESIAN_POINT('',(7.068450725653,7.282356504712,0.));
#409 = ORIENTED_EDGE('',*,*,#410,.T.);
#410 = EDGE_CURVE('',#384,#411,#413,.T.);
#411 = VERTEX_POINT('',#412);
#412 = CARTESIAN_POINT('',(6.47735368307,6.673371656399,0.));
#413 = B_SPLINE_CURVE_WITH_KNOTS('',1,(#414,#415),.UNSPECIFIED.,.F.,.F.,
  (2,2),(0.,0.848680304488),.PIECEWISE_BEZIER_KNOTS.);
#414 = CARTESIAN_POINT('',(7.068450725653,7.282356504712,0.));
#415 = CARTESIAN_POINT('',(6.47735368307,6.673371656399,0.));
#416 = ORIENTED_EDGE('',*,*,#417,.T.);
#417 = EDGE_CURVE('',#411,#418,#420,.T.);
#418 = VERTEX_POINT('',#419);
#419 = CARTESIAN_POINT('',(5.447207482784,7.537766953117,0.));
#420 = B_SPLINE_CURVE_WITH_KNOTS('',1,(#421,#422),.UNSPECIFIED.,.F.,.F.,
  (2,2),(0.,1.344760358931),.PIECEWISE_BEZIER_KNOTS.);
#421 = CARTESIAN_POINT('',(6.47735368307,6.673371656399,0.));
#422 = CARTESIAN_POINT('',(5.447207482784,7.537766953117,0.));
#423 = ORIENTED_EDGE('',*,*,#424,.T.);
#424 = EDGE_CURVE('',#418,#425,#427,.T.);
#425 = VERTEX_POINT('',#426);
#426 = CARTESIAN_POINT('',(5.944297558601,8.225633012572,0.));
#427 = B_SPLINE_CURVE_WITH_KNOTS('',1,(#428,#429),.UNSPECIFIED.,.F.,.F.,
  (2,2),(0.,0.848680304488),.PIECEWISE_BEZIER_KNOTS.);
#428 = CARTESIAN_POINT('',(5.447207482784,7.537766953117,0.));
#429 = CARTESIAN_POINT('',(5.944297558601,8.225633012572,0.));
#430 = ORIENTED_EDGE('',*,*,#431,.T.);
#431 = EDGE_CURVE('',#425,#432,#434,.T.);
#432 = VERTEX_POINT('',#433);
#433 = CARTESIAN_POINT('',(6.350649664847,10.181809703308,0.));
#434 = B_SPLINE_CURVE_WITH_KNOTS('',3,(#435,#436,#437,#438,#439,#440,
    #441,#442,#443,#444,#445,#446,#447,#448,#449,#450,#451,#452,#453,
    #454,#455,#456),.UNSPECIFIED.,.F.,.F.,(4,1,1,1,1,1,1,1,1,1,1,1,1,1,1
    ,1,1,1,1,4),(0.,5.595890432166E-03,2.238333316142E-02,
    5.036237390098E-02,8.953301918139E-02,0.139895271179,0.201449130885,
    0.27419459883,0.358131675335,0.453260360606,0.559580654786,
    0.677092557974,0.805796070246,0.945691191659,1.096777922257,
    1.259056262075,1.43252621114,1.617187769477,1.813040937104,
    2.020085714038),.UNSPECIFIED.);
#435 = CARTESIAN_POINT('',(5.944297558601,8.225633012572,0.));
#436 = CARTESIAN_POINT('',(5.945370045799,8.227159412555,0.));
#437 = CARTESIAN_POINT('',(5.949604433265,8.233302577127,0.));
#438 = CARTESIAN_POINT('',(5.958653757585,8.247447666531,0.));
#439 = CARTESIAN_POINT('',(5.973046009878,8.271445053868,0.));
#440 = CARTESIAN_POINT('',(5.992070295766,8.305694755198,0.));
#441 = CARTESIAN_POINT('',(6.015087858396,8.350498971153,0.));
#442 = CARTESIAN_POINT('',(6.041400611252,8.406157939559,0.));
#443 = CARTESIAN_POINT('',(6.070312854594,8.472925473496,0.));
#444 = CARTESIAN_POINT('',(6.101109400487,8.551025321865,0.));
#445 = CARTESIAN_POINT('',(6.133065698015,8.640644358041,0.));
#446 = CARTESIAN_POINT('',(6.165446459737,8.741934204915,0.));
#447 = CARTESIAN_POINT('',(6.197508235487,8.855010071424,0.));
#448 = CARTESIAN_POINT('',(6.228500699418,8.979950602928,0.));
#449 = CARTESIAN_POINT('',(6.257668364026,9.116797498868,0.));
#450 = CARTESIAN_POINT('',(6.284252200235,9.265555275128,0.));
#451 = CARTESIAN_POINT('',(6.307491195326,9.426191145672,0.));
#452 = CARTESIAN_POINT('',(6.326624374439,9.598634643473,0.));
#453 = CARTESIAN_POINT('',(6.340890894937,9.782778701346,0.));
#454 = CARTESIAN_POINT('',(6.349538076008,9.978475085694,0.));
#455 = CARTESIAN_POINT('',(6.35100337502,10.112796027323,0.));
#456 = CARTESIAN_POINT('',(6.350649664847,10.181809703308,0.));
#457 = ORIENTED_EDGE('',*,*,#458,.T.);
#458 = EDGE_CURVE('',#432,#459,#461,.T.);
#459 = VERTEX_POINT('',#460);
#460 = CARTESIAN_POINT('',(5.64238102714,10.590728791947,0.));
#461 = B_SPLINE_CURVE_WITH_KNOTS('',1,(#462,#463),.UNSPECIFIED.,.F.,.F.,
  (2,2),(0.,0.817838177277),.PIECEWISE_BEZIER_KNOTS.);
#462 = CARTESIAN_POINT('',(6.350649664847,10.181809703308,0.));
#463 = CARTESIAN_POINT('',(5.64238102714,10.590728791947,0.));
#464 = ORIENTED_EDGE('',*,*,#465,.T.);
#465 = EDGE_CURVE('',#459,#466,#468,.T.);
#466 = VERTEX_POINT('',#467);
#467 = CARTESIAN_POINT('',(4.151458371795,9.260729199688,0.));
#468 = B_SPLINE_CURVE_WITH_KNOTS('',3,(#469,#470,#471,#472,#473,#474,
    #475,#476,#477,#478,#479,#480,#481,#482,#483,#484,#485,#486,#487,
    #488,#489,#490),.UNSPECIFIED.,.F.,.F.,(4,1,1,1,1,1,1,1,1,1,1,1,1,1,1
    ,1,1,1,1,4),(0.,0.207044776933,0.402897944561,0.587559502897,
    0.761029451963,0.923307791781,1.074394522378,1.214289643791,
    1.342993156064,1.460505059252,1.566825353431,1.661954038703,
    1.745891115208,1.818636583153,1.880190442858,1.930552694856,
    1.969723340137,1.997702380876,2.014489823605,2.020085714038),
  .UNSPECIFIED.);
#469 = CARTESIAN_POINT('',(5.64238102714,10.590728791947,0.));
#470 = CARTESIAN_POINT('',(5.582436575442,10.55652827595,0.));
#471 = CARTESIAN_POINT('',(5.466843877237,10.488098818966,0.));
#472 = CARTESIAN_POINT('',(5.301689427499,10.382761948314,0.));
#473 = CARTESIAN_POINT('',(5.149349255674,10.278334750203,0.));
#474 = CARTESIAN_POINT('',(5.009575395417,10.175543182135,0.));
#475 = CARTESIAN_POINT('',(4.882080148312,10.075099686756,0.));
#476 = CARTESIAN_POINT('',(4.766544053165,9.977698521139,0.));
#477 = CARTESIAN_POINT('',(4.662614997156,9.884015134649,0.));
#478 = CARTESIAN_POINT('',(4.569909554877,9.794704607807,0.));
#479 = CARTESIAN_POINT('',(4.4880138698,9.710400362262,0.));
#480 = CARTESIAN_POINT('',(4.416484670123,9.63171287658,0.));
#481 = CARTESIAN_POINT('',(4.354850456896,9.559228393022,0.));
#482 = CARTESIAN_POINT('',(4.302612277123,9.493507877746,0.));
#483 = CARTESIAN_POINT('',(4.259246018257,9.435085373563,0.));
#484 = CARTESIAN_POINT('',(4.224200314097,9.384468376943,0.));
#485 = CARTESIAN_POINT('',(4.196907506198,9.342132474995,0.));
#486 = CARTESIAN_POINT('',(4.176758537718,9.308532109462,0.));
#487 = CARTESIAN_POINT('',(4.163172316806,9.28406935969,0.));
#488 = CARTESIAN_POINT('',(4.155446972203,9.269159870239,0.));
#489 = CARTESIAN_POINT('',(4.152244029358,9.262421200838,0.));
#490 = CARTESIAN_POINT('',(4.151458371795,9.260729199688,0.));
#491 = ORIENTED_EDGE('',*,*,#492,.T.);
#492 = EDGE_CURVE('',#466,#493,#495,.T.);
#493 = VERTEX_POINT('',#494);
#494 = CARTESIAN_POINT('',(3.804293927814,8.486303536334,0.));
#495 = B_SPLINE_CURVE_WITH_KNOTS('',1,(#496,#497),.UNSPECIFIED.,.F.,.F.,
  (2,2),(0.,0.848680304488),.PIECEWISE_BEZIER_KNOTS.);
#496 = CARTESIAN_POINT('',(4.151458371795,9.260729199688,0.));
#497 = CARTESIAN_POINT('',(3.804293927814,8.486303536334,0.));
#498 = ORIENTED_EDGE('',*,*,#499,.T.);
#499 = EDGE_CURVE('',#493,#500,#502,.T.);
#500 = VERTEX_POINT('',#501);
#501 = CARTESIAN_POINT('',(2.540632541801,8.946238667034,0.));
#502 = B_SPLINE_CURVE_WITH_KNOTS('',1,(#503,#504),.UNSPECIFIED.,.F.,.F.,
  (2,2),(0.,1.344760358931),.PIECEWISE_BEZIER_KNOTS.);
#503 = CARTESIAN_POINT('',(3.804293927814,8.486303536334,0.));
#504 = CARTESIAN_POINT('',(2.540632541801,8.946238667034,0.));
#505 = ORIENTED_EDGE('',*,*,#506,.T.);
#506 = EDGE_CURVE('',#500,#507,#509,.T.);
#507 = VERTEX_POINT('',#508);
#508 = CARTESIAN_POINT('',(2.772480369669,9.76263614617,0.));
#509 = B_SPLINE_CURVE_WITH_KNOTS('',1,(#510,#511),.UNSPECIFIED.,.F.,.F.,
  (2,2),(0.,0.848680304488),.PIECEWISE_BEZIER_KNOTS.);
#510 = CARTESIAN_POINT('',(2.540632541801,8.946238667034,0.));
#511 = CARTESIAN_POINT('',(2.772480369669,9.76263614617,0.));
#512 = ORIENTED_EDGE('',*,*,#513,.T.);
#513 = EDGE_CURVE('',#507,#514,#516,.T.);
#514 = VERTEX_POINT('',#515);
#515 = CARTESIAN_POINT('',(2.485274613213,11.739821553027,0.));
#516 = B_SPLINE_CURVE_WITH_KNOTS('',3,(#517,#518,#519,#520,#521,#522,
    #523,#524,#525,#526,#527,#528,#529,#530,#531,#532,#533,#534,#535,
    #536,#537,#538),.UNSPECIFIED.,.F.,.F.,(4,1,1,1,1,1,1,1,1,1,1,1,1,1,1
    ,1,1,1,1,4),(0.,5.595890432166E-03,2.238333316142E-02,
    5.036237390098E-02,8.953301918139E-02,0.139895271179,0.201449130885,
    0.27419459883,0.358131675335,0.453260360606,0.559580654786,
    0.677092557974,0.805796070246,0.945691191659,1.096777922257,
    1.259056262075,1.43252621114,1.617187769477,1.813040937104,
    2.020085714038),.UNSPECIFIED.);
#517 = CARTESIAN_POINT('',(2.772480369669,9.76263614617,0.));
#518 = CARTESIAN_POINT('',(2.772966118433,9.764437305196,0.));
#519 = CARTESIAN_POINT('',(2.774844055061,9.77165823742,0.));
#520 = CARTESIAN_POINT('',(2.778509732843,9.788045324755,0.));
#521 = CARTESIAN_POINT('',(2.783826436263,9.815517932745,0.));
#522 = CARTESIAN_POINT('',(2.78998932957,9.854208813335,0.));
#523 = CARTESIAN_POINT('',(2.796294818959,9.904183474518,0.));
#524 = CARTESIAN_POINT('',(2.801984230299,9.965485287913,0.));
#525 = CARTESIAN_POINT('',(2.806317010491,10.038114816473,0.));
#526 = CARTESIAN_POINT('',(2.808544576079,10.12203770671,0.));
#527 = CARTESIAN_POINT('',(2.807922157456,10.217181751147,0.));
#528 = CARTESIAN_POINT('',(2.803706952357,10.32343794558,0.));
#529 = CARTESIAN_POINT('',(2.795160942369,10.440660276065,0.));
#530 = CARTESIAN_POINT('',(2.781552153532,10.568666018512,0.));
#531 = CARTESIAN_POINT('',(2.762156397767,10.707235965634,0.));
#532 = CARTESIAN_POINT('',(2.736258876528,10.856114757741,0.));
#533 = CARTESIAN_POINT('',(2.703155685262,11.015011304356,0.));
#534 = CARTESIAN_POINT('',(2.662155842653,11.183599119405,0.));
#535 = CARTESIAN_POINT('',(2.612581009623,11.361517369135,0.));
#536 = CARTESIAN_POINT('',(2.553774596443,11.54836932753,0.));
#537 = CARTESIAN_POINT('',(2.509211059405,11.675090886975,0.));
#538 = CARTESIAN_POINT('',(2.485274613213,11.739821553027,0.));
#539 = ORIENTED_EDGE('',*,*,#540,.T.);
#540 = EDGE_CURVE('',#514,#541,#543,.T.);
#541 = VERTEX_POINT('',#542);
#542 = CARTESIAN_POINT('',(1.679861235521,11.881837662138,0.));
#543 = B_SPLINE_CURVE_WITH_KNOTS('',1,(#544,#545),.UNSPECIFIED.,.F.,.F.,
  (2,2),(0.,0.817838177277),.PIECEWISE_BEZIER_KNOTS.);
#544 = CARTESIAN_POINT('',(2.485274613213,11.739821553027,0.));
#545 = CARTESIAN_POINT('',(1.679861235521,11.881837662138,0.));
#546 = ORIENTED_EDGE('',*,*,#547,.T.);
#547 = EDGE_CURVE('',#541,#548,#550,.T.);
#548 = VERTEX_POINT('',#549);
#549 = CARTESIAN_POINT('',(0.733738869298,10.122121279375,0.));
#550 = B_SPLINE_CURVE_WITH_KNOTS('',3,(#551,#552,#553,#554,#555,#556,
    #557,#558,#559,#560,#561,#562,#563,#564,#565,#566,#567,#568,#569,
    #570,#571,#572),.UNSPECIFIED.,.F.,.F.,(4,1,1,1,1,1,1,1,1,1,1,1,1,1,1
    ,1,1,1,1,4),(0.,0.207044776933,0.402897944561,0.587559502897,
    0.761029451963,0.923307791781,1.074394522378,1.214289643791,
    1.342993156064,1.460505059252,1.566825353431,1.661954038703,
    1.745891115208,1.818636583153,1.880190442858,1.930552694856,
    1.969723340137,1.997702380876,2.014489823605,2.020085714038),
  .UNSPECIFIED.);
#551 = CARTESIAN_POINT('',(1.679861235521,11.881837662138,0.));
#552 = CARTESIAN_POINT('',(1.635229141986,11.829197479667,0.));
#553 = CARTESIAN_POINT('',(1.550011789152,11.725359792687,0.));
#554 = CARTESIAN_POINT('',(1.430844703041,11.569889364068,0.));
#555 = CARTESIAN_POINT('',(1.323407972992,11.419656489192,0.));
#556 = CARTESIAN_POINT('',(1.227220294774,11.275258535482,0.));
#557 = CARTESIAN_POINT('',(1.14176765057,11.13726658138,0.));
#558 = CARTESIAN_POINT('',(1.06651239515,11.006223752972,0.));
#559 = CARTESIAN_POINT('',(1.000892633407,10.882644335365,0.));
#560 = CARTESIAN_POINT('',(0.944324012582,10.767012763678,0.));
#561 = CARTESIAN_POINT('',(0.896200991785,10.659782712291,0.));
#562 = CARTESIAN_POINT('',(0.855898235809,10.561376235522,0.));
#563 = CARTESIAN_POINT('',(0.822772173907,10.472182958759,0.));
#564 = CARTESIAN_POINT('',(0.796162081905,10.392559365787,0.));
#565 = CARTESIAN_POINT('',(0.775392801712,10.322828035646,0.));
#566 = CARTESIAN_POINT('',(0.759772644561,10.263277280676,0.));
#567 = CARTESIAN_POINT('',(0.74860552563,10.214159855951,0.));
#568 = CARTESIAN_POINT('',(0.741163690469,10.175694487317,0.));
#569 = CARTESIAN_POINT('',(0.736763572116,10.148060260649,0.));
#570 = CARTESIAN_POINT('',(0.734603468519,10.131407699964,0.));
#571 = CARTESIAN_POINT('',(0.733898447437,10.123979951083,0.));
#572 = CARTESIAN_POINT('',(0.733738869298,10.122121279375,0.));
#573 = ORIENTED_EDGE('',*,*,#574,.T.);
#574 = EDGE_CURVE('',#548,#575,#577,.T.);
#575 = VERTEX_POINT('',#576);
#576 = CARTESIAN_POINT('',(0.672380179465,9.275661965286,0.));
#577 = B_SPLINE_CURVE_WITH_KNOTS('',1,(#578,#579),.UNSPECIFIED.,.F.,.F.,
  (2,2),(0.,0.848680304488),.PIECEWISE_BEZIER_KNOTS.);
#578 = CARTESIAN_POINT('',(0.733738869298,10.122121279375,0.));
#579 = CARTESIAN_POINT('',(0.672380179465,9.275661965286,0.));
#580 = ORIENTED_EDGE('',*,*,#581,.T.);
#581 = EDGE_CURVE('',#575,#582,#584,.T.);
#582 = VERTEX_POINT('',#583);
#583 = CARTESIAN_POINT('',(-0.672380179465,9.275661965286,0.));
#584 = B_SPLINE_CURVE_WITH_KNOTS('',1,(#585,#586),.UNSPECIFIED.,.F.,.F.,
  (2,2),(0.,1.344760358931),.PIECEWISE_BEZIER_KNOTS.);
#585 = CARTESIAN_POINT('',(0.672380179465,9.275661965286,0.));
#586 = CARTESIAN_POINT('',(-0.672380179465,9.275661965286,0.));
#587 = ORIENTED_EDGE('',*,*,#588,.T.);
#588 = EDGE_CURVE('',#582,#589,#591,.T.);
#589 = VERTEX_POINT('',#590);
#590 = CARTESIAN_POINT('',(-0.733738869298,10.122121279375,0.));
#591 = B_SPLINE_CURVE_WITH_KNOTS('',1,(#592,#593),.UNSPECIFIED.,.F.,.F.,
  (2,2),(0.,0.848680304488),.PIECEWISE_BEZIER_KNOTS.);
#592 = CARTESIAN_POINT('',(-0.672380179465,9.275661965286,0.));
#593 = CARTESIAN_POINT('',(-0.733738869298,10.122121279375,0.));
#594 = ORIENTED_EDGE('',*,*,#595,.T.);
#595 = EDGE_CURVE('',#589,#596,#598,.T.);
#596 = VERTEX_POINT('',#597);
#597 = CARTESIAN_POINT('',(-1.679861235521,11.881837662138,0.));
#598 = B_SPLINE_CURVE_WITH_KNOTS('',3,(#599,#600,#601,#602,#603,#604,
    #605,#606,#607,#608,#609,#610,#611,#612,#613,#614,#615,#616,#617,
    #618,#619,#620),.UNSPECIFIED.,.F.,.F.,(4,1,1,1,1,1,1,1,1,1,1,1,1,1,1
    ,1,1,1,1,4),(0.,5.595890432166E-03,2.238333316142E-02,
    5.036237390098E-02,8.953301918139E-02,0.139895271179,0.201449130885,
    0.27419459883,0.358131675335,0.453260360606,0.559580654786,
    0.677092557974,0.805796070246,0.945691191659,1.096777922257,
    1.259056262075,1.43252621114,1.617187769477,1.813040937104,
    2.020085714038),.UNSPECIFIED.);
#599 = CARTESIAN_POINT('',(-0.733738869298,10.122121279375,0.));
#600 = CARTESIAN_POINT('',(-0.733898447437,10.123979951083,0.));
#601 = CARTESIAN_POINT('',(-0.734603468519,10.131407699964,0.));
#602 = CARTESIAN_POINT('',(-0.736763572116,10.148060260649,0.));
#603 = CARTESIAN_POINT('',(-0.741163690469,10.175694487317,0.));
#604 = CARTESIAN_POINT('',(-0.74860552563,10.214159855951,0.));
#605 = CARTESIAN_POINT('',(-0.759772644561,10.263277280676,0.));
#606 = CARTESIAN_POINT('',(-0.775392801712,10.322828035646,0.));
#607 = CARTESIAN_POINT('',(-0.796162081905,10.392559365787,0.));
#608 = CARTESIAN_POINT('',(-0.822772173907,10.472182958759,0.));
#609 = CARTESIAN_POINT('',(-0.855898235809,10.561376235522,0.));
#610 = CARTESIAN_POINT('',(-0.896200991785,10.659782712291,0.));
#611 = CARTESIAN_POINT('',(-0.944324012582,10.767012763678,0.));
#612 = CARTESIAN_POINT('',(-1.000892633407,10.882644335365,0.));
#613 = CARTESIAN_POINT('',(-1.06651239515,11.006223752972,0.));
#614 = CARTESIAN_POINT('',(-1.14176765057,11.13726658138,0.));
#615 = CARTESIAN_POINT('',(-1.227220294774,11.275258535482,0.));
#616 = CARTESIAN_POINT('',(-1.323407972992,11.419656489192,0.));
#617 = CARTESIAN_POINT('',(-1.430844703041,11.569889364068,0.));
#618 = CARTESIAN_POINT('',(-1.550011789152,11.725359792687,0.));
#619 = CARTESIAN_POINT('',(-1.635229141986,11.829197479667,0.));
#620 = CARTESIAN_POINT('',(-1.679861235521,11.881837662138,0.));
#621 = ORIENTED_EDGE('',*,*,#622,.T.);
#622 = EDGE_CURVE('',#596,#623,#625,.T.);
#623 = VERTEX_POINT('',#624);
#624 = CARTESIAN_POINT('',(-2.485274613213,11.739821553027,0.));
#625 = B_SPLINE_CURVE_WITH_KNOTS('',1,(#626,#627),.UNSPECIFIED.,.F.,.F.,
  (2,2),(0.,0.817838177277),.PIECEWISE_BEZIER_KNOTS.);
#626 = CARTESIAN_POINT('',(-1.679861235521,11.881837662138,0.));
#627 = CARTESIAN_POINT('',(-2.485274613213,11.739821553027,0.));
#628 = ORIENTED_EDGE('',*,*,#629,.T.);
#629 = EDGE_CURVE('',#623,#630,#632,.T.);
#630 = VERTEX_POINT('',#631);
#631 = CARTESIAN_POINT('',(-2.772480369669,9.76263614617,0.));
#632 = B_SPLINE_CURVE_WITH_KNOTS('',3,(#633,#634,#635,#636,#637,#638,
    #639,#640,#641,#642,#643,#644,#645,#646,#647,#648,#649,#650,#651,
    #652,#653,#654),.UNSPECIFIED.,.F.,.F.,(4,1,1,1,1,1,1,1,1,1,1,1,1,1,1
    ,1,1,1,1,4),(0.,0.207044776933,0.402897944561,0.587559502897,
    0.761029451963,0.923307791781,1.074394522378,1.214289643791,
    1.342993156064,1.460505059252,1.566825353431,1.661954038703,
    1.745891115208,1.818636583153,1.880190442858,1.930552694856,
    1.969723340137,1.997702380876,2.014489823605,2.020085714038),
  .UNSPECIFIED.);
#633 = CARTESIAN_POINT('',(-2.485274613213,11.739821553027,0.));
#634 = CARTESIAN_POINT('',(-2.509211059405,11.675090886975,0.));
#635 = CARTESIAN_POINT('',(-2.553774596443,11.54836932753,0.));
#636 = CARTESIAN_POINT('',(-2.612581009623,11.361517369135,0.));
#637 = CARTESIAN_POINT('',(-2.662155842653,11.183599119405,0.));
#638 = CARTESIAN_POINT('',(-2.703155685262,11.015011304356,0.));
#639 = CARTESIAN_POINT('',(-2.736258876528,10.856114757741,0.));
#640 = CARTESIAN_POINT('',(-2.762156397767,10.707235965634,0.));
#641 = CARTESIAN_POINT('',(-2.781552153532,10.568666018512,0.));
#642 = CARTESIAN_POINT('',(-2.795160942369,10.440660276065,0.));
#643 = CARTESIAN_POINT('',(-2.803706952357,10.32343794558,0.));
#644 = CARTESIAN_POINT('',(-2.807922157456,10.217181751147,0.));
#645 = CARTESIAN_POINT('',(-2.808544576079,10.12203770671,0.));
#646 = CARTESIAN_POINT('',(-2.806317010491,10.038114816473,0.));
#647 = CARTESIAN_POINT('',(-2.801984230299,9.965485287913,0.));
#648 = CARTESIAN_POINT('',(-2.796294818959,9.904183474518,0.));
#649 = CARTESIAN_POINT('',(-2.78998932957,9.854208813335,0.));
#650 = CARTESIAN_POINT('',(-2.783826436263,9.815517932745,0.));
#651 = CARTESIAN_POINT('',(-2.778509732843,9.788045324755,0.));
#652 = CARTESIAN_POINT('',(-2.774844055061,9.77165823742,0.));
#653 = CARTESIAN_POINT('',(-2.772966118433,9.764437305196,0.));
#654 = CARTESIAN_POINT('',(-2.772480369669,9.76263614617,0.));
#655 = ORIENTED_EDGE('',*,*,#656,.T.);
#656 = EDGE_CURVE('',#630,#657,#659,.T.);
#657 = VERTEX_POINT('',#658);
#658 = CARTESIAN_POINT('',(-2.540632541801,8.946238667034,0.));
#659 = B_SPLINE_CURVE_WITH_KNOTS('',1,(#660,#661),.UNSPECIFIED.,.F.,.F.,
  (2,2),(0.,0.848680304488),.PIECEWISE_BEZIER_KNOTS.);
#660 = CARTESIAN_POINT('',(-2.772480369669,9.76263614617,0.));
#661 = CARTESIAN_POINT('',(-2.540632541801,8.946238667034,0.));
#662 = ORIENTED_EDGE('',*,*,#663,.T.);
#663 = EDGE_CURVE('',#657,#664,#666,.T.);
#664 = VERTEX_POINT('',#665);
#665 = CARTESIAN_POINT('',(-3.804293927814,8.486303536334,0.));
#666 = B_SPLINE_CURVE_WITH_KNOTS('',1,(#667,#668),.UNSPECIFIED.,.F.,.F.,
  (2,2),(0.,1.344760358931),.PIECEWISE_BEZIER_KNOTS.);
#667 = CARTESIAN_POINT('',(-2.540632541801,8.946238667034,0.));
#668 = CARTESIAN_POINT('',(-3.804293927814,8.486303536334,0.));
#669 = ORIENTED_EDGE('',*,*,#670,.T.);
#670 = EDGE_CURVE('',#664,#671,#673,.T.);
#671 = VERTEX_POINT('',#672);
#672 = CARTESIAN_POINT('',(-4.151458371795,9.260729199688,0.));
#673 = B_SPLINE_CURVE_WITH_KNOTS('',1,(#674,#675),.UNSPECIFIED.,.F.,.F.,
  (2,2),(0.,0.848680304488),.PIECEWISE_BEZIER_KNOTS.);
#674 = CARTESIAN_POINT('',(-3.804293927814,8.486303536334,0.));
#675 = CARTESIAN_POINT('',(-4.151458371795,9.260729199688,0.));
#676 = ORIENTED_EDGE('',*,*,#677,.T.);
#677 = EDGE_CURVE('',#671,#678,#680,.T.);
#678 = VERTEX_POINT('',#679);
#679 = CARTESIAN_POINT('',(-5.64238102714,10.590728791947,0.));
#680 = B_SPLINE_CURVE_WITH_KNOTS('',3,(#681,#682,#683,#684,#685,#686,
    #687,#688,#689,#690,#691,#692,#693,#694,#695,#696,#697,#698,#699,
    #700,#701,#702),.UNSPECIFIED.,.F.,.F.,(4,1,1,1,1,1,1,1,1,1,1,1,1,1,1
    ,1,1,1,1,4),(0.,5.595890432166E-03,2.238333316142E-02,
    5.036237390098E-02,8.953301918139E-02,0.139895271179,0.201449130885,
    0.27419459883,0.358131675335,0.453260360606,0.559580654786,
    0.677092557974,0.805796070246,0.945691191659,1.096777922257,
    1.259056262075,1.43252621114,1.617187769477,1.813040937104,
    2.020085714038),.UNSPECIFIED.);
#681 = CARTESIAN_POINT('',(-4.151458371795,9.260729199688,0.));
#682 = CARTESIAN_POINT('',(-4.152244029358,9.262421200838,0.));
#683 = CARTESIAN_POINT('',(-4.155446972203,9.269159870239,0.));
#684 = CARTESIAN_POINT('',(-4.163172316806,9.28406935969,0.));
#685 = CARTESIAN_POINT('',(-4.176758537718,9.308532109462,0.));
#686 = CARTESIAN_POINT('',(-4.196907506198,9.342132474995,0.));
#687 = CARTESIAN_POINT('',(-4.224200314097,9.384468376943,0.));
#688 = CARTESIAN_POINT('',(-4.259246018257,9.435085373563,0.));
#689 = CARTESIAN_POINT('',(-4.302612277123,9.493507877746,0.));
#690 = CARTESIAN_POINT('',(-4.354850456896,9.559228393022,0.));
#691 = CARTESIAN_POINT('',(-4.416484670123,9.63171287658,0.));
#692 = CARTESIAN_POINT('',(-4.4880138698,9.710400362262,0.));
#693 = CARTESIAN_POINT('',(-4.569909554877,9.794704607807,0.));
#694 = CARTESIAN_POINT('',(-4.662614997156,9.884015134649,0.));
#695 = CARTESIAN_POINT('',(-4.766544053165,9.977698521139,0.));
#696 = CARTESIAN_POINT('',(-4.882080148312,10.075099686756,0.));
#697 = CARTESIAN_POINT('',(-5.009575395417,10.175543182135,0.));
#698 = CARTESIAN_POINT('',(-5.149349255674,10.278334750203,0.));
#699 = CARTESIAN_POINT('',(-5.301689427499,10.382761948314,0.));
#700 = CARTESIAN_POINT('',(-5.466843877237,10.488098818966,0.));
#701 = CARTESIAN_POINT('',(-5.582436575442,10.55652827595,0.));
#702 = CARTESIAN_POINT('',(-5.64238102714,10.590728791947,0.));
#703 = ORIENTED_EDGE('',*,*,#704,.T.);
#704 = EDGE_CURVE('',#678,#705,#707,.T.);
#705 = VERTEX_POINT('',#706);
#706 = CARTESIAN_POINT('',(-6.350649664847,10.181809703308,0.));
#707 = B_SPLINE_CURVE_WITH_KNOTS('',1,(#708,#709),.UNSPECIFIED.,.F.,.F.,
  (2,2),(0.,0.817838177277),.PIECEWISE_BEZIER_KNOTS.);
#708 = CARTESIAN_POINT('',(-5.64238102714,10.590728791947,0.));
#709 = CARTESIAN_POINT('',(-6.350649664847,10.181809703308,0.));
#710 = ORIENTED_EDGE('',*,*,#711,.T.);
#711 = EDGE_CURVE('',#705,#712,#714,.T.);
#712 = VERTEX_POINT('',#713);
#713 = CARTESIAN_POINT('',(-5.944297558601,8.225633012572,0.));
#714 = B_SPLINE_CURVE_WITH_KNOTS('',3,(#715,#716,#717,#718,#719,#720,
    #721,#722,#723,#724,#725,#726,#727,#728,#729,#730,#731,#732,#733,
    #734,#735,#736),.UNSPECIFIED.,.F.,.F.,(4,1,1,1,1,1,1,1,1,1,1,1,1,1,1
    ,1,1,1,1,4),(0.,0.207044776933,0.402897944561,0.587559502897,
    0.761029451963,0.923307791781,1.074394522378,1.214289643791,
    1.342993156064,1.460505059252,1.566825353431,1.661954038703,
    1.745891115208,1.818636583153,1.880190442858,1.930552694856,
    1.969723340137,1.997702380876,2.014489823605,2.020085714038),
  .UNSPECIFIED.);
#715 = CARTESIAN_POINT('',(-6.350649664847,10.181809703308,0.));
#716 = CARTESIAN_POINT('',(-6.35100337502,10.112796027323,0.));
#717 = CARTESIAN_POINT('',(-6.349538076008,9.978475085694,0.));
#718 = CARTESIAN_POINT('',(-6.340890894937,9.782778701346,0.));
#719 = CARTESIAN_POINT('',(-6.326624374439,9.598634643473,0.));
#720 = CARTESIAN_POINT('',(-6.307491195326,9.426191145672,0.));
#721 = CARTESIAN_POINT('',(-6.284252200235,9.265555275128,0.));
#722 = CARTESIAN_POINT('',(-6.257668364026,9.116797498868,0.));
#723 = CARTESIAN_POINT('',(-6.228500699418,8.979950602928,0.));
#724 = CARTESIAN_POINT('',(-6.197508235487,8.855010071424,0.));
#725 = CARTESIAN_POINT('',(-6.165446459737,8.741934204915,0.));
#726 = CARTESIAN_POINT('',(-6.133065698015,8.640644358041,0.));
#727 = CARTESIAN_POINT('',(-6.101109400487,8.551025321865,0.));
#728 = CARTESIAN_POINT('',(-6.070312854594,8.472925473496,0.));
#729 = CARTESIAN_POINT('',(-6.041400611252,8.406157939559,0.));
#730 = CARTESIAN_POINT('',(-6.015087858396,8.350498971153,0.));
#731 = CARTESIAN_POINT('',(-5.992070295766,8.305694755198,0.));
#732 = CARTESIAN_POINT('',(-5.973046009878,8.271445053868,0.));
#733 = CARTESIAN_POINT('',(-5.958653757585,8.247447666531,0.));
#734 = CARTESIAN_POINT('',(-5.949604433265,8.233302577127,0.));
#735 = CARTESIAN_POINT('',(-5.945370045799,8.227159412555,0.));
#736 = CARTESIAN_POINT('',(-5.944297558601,8.225633012572,0.));
#737 = ORIENTED_EDGE('',*,*,#738,.T.);
#738 = EDGE_CURVE('',#712,#739,#741,.T.);
#739 = VERTEX_POINT('',#740);
#740 = CARTESIAN_POINT('',(-5.447207482784,7.537766953117,0.));
#741 = B_SPLINE_CURVE_WITH_KNOTS('',1,(#742,#743),.UNSPECIFIED.,.F.,.F.,
  (2,2),(0.,0.848680304488),.PIECEWISE_BEZIER_KNOTS.);
#742 = CARTESIAN_POINT('',(-5.944297558601,8.225633012572,0.));
#743 = CARTESIAN_POINT('',(-5.447207482784,7.537766953117,0.));
#744 = ORIENTED_EDGE('',*,*,#745,.T.);
#745 = EDGE_CURVE('',#739,#746,#748,.T.);
#746 = VERTEX_POINT('',#747);
#747 = CARTESIAN_POINT('',(-6.47735368307,6.673371656399,0.));
#748 = B_SPLINE_CURVE_WITH_KNOTS('',1,(#749,#750),.UNSPECIFIED.,.F.,.F.,
  (2,2),(0.,1.344760358931),.PIECEWISE_BEZIER_KNOTS.);
#749 = CARTESIAN_POINT('',(-5.447207482784,7.537766953117,0.));
#750 = CARTESIAN_POINT('',(-6.47735368307,6.673371656399,0.));
#751 = ORIENTED_EDGE('',*,*,#752,.T.);
#752 = EDGE_CURVE('',#746,#753,#755,.T.);
#753 = VERTEX_POINT('',#754);
#754 = CARTESIAN_POINT('',(-7.068450725653,7.282356504712,0.));
#755 = B_SPLINE_CURVE_WITH_KNOTS('',1,(#756,#757),.UNSPECIFIED.,.F.,.F.,
  (2,2),(0.,0.848680304488),.PIECEWISE_BEZIER_KNOTS.);
#756 = CARTESIAN_POINT('',(-6.47735368307,6.673371656399,0.));
#757 = CARTESIAN_POINT('',(-7.068450725653,7.282356504712,0.));
#758 = ORIENTED_EDGE('',*,*,#759,.T.);
#759 = EDGE_CURVE('',#753,#760,#762,.T.);
#760 = VERTEX_POINT('',#761);
#761 = CARTESIAN_POINT('',(-8.924346394211,8.022221726937,0.));
#762 = B_SPLINE_CURVE_WITH_KNOTS('',3,(#763,#764,#765,#766,#767,#768,
    #769,#770,#771,#772,#773,#774,#775,#776,#777,#778,#779,#780,#781,
    #782,#783,#784),.UNSPECIFIED.,.F.,.F.,(4,1,1,1,1,1,1,1,1,1,1,1,1,1,1
    ,1,1,1,1,4),(0.,5.595890432166E-03,2.238333316142E-02,
    5.036237390098E-02,8.953301918139E-02,0.139895271179,0.201449130885,
    0.27419459883,0.358131675335,0.453260360606,0.559580654786,
    0.677092557974,0.805796070246,0.945691191659,1.096777922257,
    1.259056262075,1.43252621114,1.617187769477,1.813040937104,
    2.020085714038),.UNSPECIFIED.);
#763 = CARTESIAN_POINT('',(-7.068450725653,7.282356504712,0.));
#764 = CARTESIAN_POINT('',(-7.069767700743,7.283677754995,0.));
#765 = CARTESIAN_POINT('',(-7.075082243174,7.288914561933,0.));
#766 = CARTESIAN_POINT('',(-7.08744103821,7.300282675682,0.));
#767 = CARTESIAN_POINT('',(-7.108574662928,7.318623379903,0.));
#768 = CARTESIAN_POINT('',(-7.13900050176,7.343306042363,0.));
#769 = CARTESIAN_POINT('',(-7.179127083195,7.373754086948,0.));
#770 = CARTESIAN_POINT('',(-7.229371305223,7.409332168399,0.));
#771 = CARTESIAN_POINT('',(-7.290103931925,7.449399230394,0.));
#772 = CARTESIAN_POINT('',(-7.361669504035,7.4932898039,0.));
#773 = CARTESIAN_POINT('',(-7.444377872848,7.54032279578,0.));
#774 = CARTESIAN_POINT('',(-7.538506039086,7.589800418298,0.));
#775 = CARTESIAN_POINT('',(-7.644296560171,7.64101052179,0.));
#776 = CARTESIAN_POINT('',(-7.761957179379,7.693227836166,0.));
#777 = CARTESIAN_POINT('',(-7.89166015167,7.745715592509,0.));
#778 = CARTESIAN_POINT('',(-8.033541728339,7.797727077274,0.));
#779 = CARTESIAN_POINT('',(-8.187701769914,7.848507145999,0.));
#780 = CARTESIAN_POINT('',(-8.354203021819,7.897294148274,0.));
#781 = CARTESIAN_POINT('',(-8.533072162398,7.943320208346,0.));
#782 = CARTESIAN_POINT('',(-8.724293911705,7.985818339824,0.));
#783 = CARTESIAN_POINT('',(-8.85631976991,8.010585964388,0.));
#784 = CARTESIAN_POINT('',(-8.924346394211,8.022221726937,0.));
#785 = ORIENTED_EDGE('',*,*,#786,.T.);
#786 = EDGE_CURVE('',#760,#787,#789,.T.);
#787 = VERTEX_POINT('',#788);
#788 = CARTESIAN_POINT('',(-9.450042641293,7.395721335863,0.));
#789 = B_SPLINE_CURVE_WITH_KNOTS('',1,(#790,#791),.UNSPECIFIED.,.F.,.F.,
  (2,2),(0.,0.817838177277),.PIECEWISE_BEZIER_KNOTS.);
#790 = CARTESIAN_POINT('',(-8.924346394211,8.022221726937,0.));
#791 = CARTESIAN_POINT('',(-9.450042641293,7.395721335863,0.));
#792 = ORIENTED_EDGE('',*,*,#793,.T.);
#793 = EDGE_CURVE('',#787,#794,#796,.T.);
#794 = VERTEX_POINT('',#795);
#795 = CARTESIAN_POINT('',(-8.399144733477,5.696497140244,0.));
#796 = B_SPLINE_CURVE_WITH_KNOTS('',3,(#797,#798,#799,#800,#801,#802,
    #803,#804,#805,#806,#807,#808,#809,#810,#811,#812,#813,#814,#815,
    #816,#817,#818),.UNSPECIFIED.,.F.,.F.,(4,1,1,1,1,1,1,1,1,1,1,1,1,1,1
    ,1,1,1,1,4),(0.,0.207044776933,0.402897944561,0.587559502897,
    0.761029451963,0.923307791781,1.074394522378,1.214289643791,
    1.342993156064,1.460505059252,1.566825353431,1.661954038703,
    1.745891115208,1.818636583153,1.880190442858,1.930552694856,
    1.969723340137,1.997702380876,2.014489823605,2.020085714038),
  .UNSPECIFIED.);
#797 = CARTESIAN_POINT('',(-9.450042641293,7.395721335863,0.));
#798 = CARTESIAN_POINT('',(-9.426770952781,7.330748717802,0.));
#799 = CARTESIAN_POINT('',(-9.379453554404,7.205029481914,0.));
#800 = CARTESIAN_POINT('',(-9.304395756738,7.024092543738,0.));
#801 = CARTESIAN_POINT('',(-9.228008635636,6.855933168778,0.));
#802 = CARTESIAN_POINT('',(-9.151050178578,6.700433219055,0.));
#803 = CARTESIAN_POINT('',(-9.07427196291,6.557433081303,0.));
#804 = CARTESIAN_POINT('',(-8.998413172234,6.426738704137,0.));
#805 = CARTESIAN_POINT('',(-8.924200138074,6.308120614674,0.));
#806 = CARTESIAN_POINT('',(-8.852344569926,6.201314966139,0.));
#807 = CARTESIAN_POINT('',(-8.783542131774,6.106024181929,0.));
#808 = CARTESIAN_POINT('',(-8.718471000983,6.021917733026,0.));
#809 = CARTESIAN_POINT('',(-8.65779038841,5.94863308351,0.));
#810 = CARTESIAN_POINT('',(-8.602139380157,5.885776271353,0.));
#811 = CARTESIAN_POINT('',(-8.552134916911,5.832923882017,0.));
#812 = CARTESIAN_POINT('',(-8.508372528868,5.789621051628,0.));
#813 = CARTESIAN_POINT('',(-8.471419150754,5.755391330584,0.));
#814 = CARTESIAN_POINT('',(-8.441828081931,5.729713827967,0.));
#815 = CARTESIAN_POINT('',(-8.420096198799,5.71208610036,0.));
#816 = CARTESIAN_POINT('',(-8.406754710006,5.701889115427,0.));
#817 = CARTESIAN_POINT('',(-8.400674601324,5.697564674819,0.));
#818 = CARTESIAN_POINT('',(-8.399144733477,5.696497140244,0.));
#819 = ORIENTED_EDGE('',*,*,#820,.T.);
#820 = EDGE_CURVE('',#794,#821,#823,.T.);
#821 = VERTEX_POINT('',#822);
#822 = CARTESIAN_POINT('',(-7.696768809122,5.220129299061,0.));
#823 = B_SPLINE_CURVE_WITH_KNOTS('',1,(#824,#825),.UNSPECIFIED.,.F.,.F.,
  (2,2),(0.,0.848680304488),.PIECEWISE_BEZIER_KNOTS.);
#824 = CARTESIAN_POINT('',(-8.399144733477,5.696497140244,0.));
#825 = CARTESIAN_POINT('',(-7.696768809122,5.220129299061,0.));
#826 = ORIENTED_EDGE('',*,*,#827,.T.);
#827 = EDGE_CURVE('',#821,#828,#830,.T.);
#828 = VERTEX_POINT('',#829);
#829 = CARTESIAN_POINT('',(-8.369148988588,4.055532666225,0.));
#830 = B_SPLINE_CURVE_WITH_KNOTS('',1,(#831,#832),.UNSPECIFIED.,.F.,.F.,
  (2,2),(0.,1.344760358931),.PIECEWISE_BEZIER_KNOTS.);
#831 = CARTESIAN_POINT('',(-7.696768809122,5.220129299061,0.));
#832 = CARTESIAN_POINT('',(-8.369148988588,4.055532666225,0.));
#833 = ORIENTED_EDGE('',*,*,#834,.T.);
#834 = EDGE_CURVE('',#828,#835,#837,.T.);
#835 = VERTEX_POINT('',#836);
#836 = CARTESIAN_POINT('',(-9.132883602775,4.425624139132,0.));
#837 = B_SPLINE_CURVE_WITH_KNOTS('',1,(#838,#839),.UNSPECIFIED.,.F.,.F.,
  (2,2),(0.,0.848680304488),.PIECEWISE_BEZIER_KNOTS.);
#838 = CARTESIAN_POINT('',(-8.369148988588,4.055532666225,0.));
#839 = CARTESIAN_POINT('',(-9.132883602775,4.425624139132,0.));
#840 = ORIENTED_EDGE('',*,*,#841,.T.);
#841 = EDGE_CURVE('',#835,#842,#844,.T.);
#842 = VERTEX_POINT('',#843);
#843 = CARTESIAN_POINT('',(-11.12990387681,4.486116326275,0.));
#844 = B_SPLINE_CURVE_WITH_KNOTS('',3,(#845,#846,#847,#848,#849,#850,
    #851,#852,#853,#854,#855,#856,#857,#858,#859,#860,#861,#862,#863,
    #864,#865,#866),.UNSPECIFIED.,.F.,.F.,(4,1,1,1,1,1,1,1,1,1,1,1,1,1,1
    ,1,1,1,1,4),(0.,5.595890432166E-03,2.238333316142E-02,
    5.036237390098E-02,8.953301918139E-02,0.139895271179,0.201449130885,
    0.27419459883,0.358131675335,0.453260360606,0.559580654786,
    0.677092557974,0.805796070246,0.945691191659,1.096777922257,
    1.259056262075,1.43252621114,1.617187769477,1.813040937104,
    2.020085714038),.UNSPECIFIED.);
#845 = CARTESIAN_POINT('',(-9.132883602775,4.425624139132,0.));
#846 = CARTESIAN_POINT('',(-9.13457304876,4.426415276263,0.));
#847 = CARTESIAN_POINT('',(-9.141358178525,4.429518584536,0.));
#848 = CARTESIAN_POINT('',(-9.156859770915,4.435974160289,0.));
#849 = CARTESIAN_POINT('',(-9.1829917724,4.44598065935,0.));
#850 = CARTESIAN_POINT('',(-9.220024676384,4.458768525367,0.));
#851 = CARTESIAN_POINT('',(-9.268145173429,4.473656229048,0.));
#852 = CARTESIAN_POINT('',(-9.327527718623,4.489904153629,0.));
#853 = CARTESIAN_POINT('',(-9.398301462062,4.506783094434,0.));
#854 = CARTESIAN_POINT('',(-9.480562562317,4.523549875249,0.));
#855 = CARTESIAN_POINT('',(-9.574369236792,4.539458502496,0.));
#856 = CARTESIAN_POINT('',(-9.679743123559,4.553758530363,0.));
#857 = CARTESIAN_POINT('',(-9.796668582508,4.56569779754,0.));
#858 = CARTESIAN_POINT('',(-9.925092771481,4.574523720691,0.));
#859 = CARTESIAN_POINT('',(-10.06492556738,4.579485048835,0.));
#860 = CARTESIAN_POINT('',(-10.21603961348,4.579833500078,0.));
#861 = CARTESIAN_POINT('',(-10.37827047335,4.574825316427,0.));
#862 = CARTESIAN_POINT('',(-10.55141660862,4.563723320414,0.));
#863 = CARTESIAN_POINT('',(-10.73524045977,4.545796820331,0.));
#864 = CARTESIAN_POINT('',(-10.92946534355,4.520330310773,0.));
#865 = CARTESIAN_POINT('',(-11.06200009476,4.498448761864,0.));
#866 = CARTESIAN_POINT('',(-11.12990387681,4.486116326275,0.));
#867 = ORIENTED_EDGE('',*,*,#868,.T.);
#868 = EDGE_CURVE('',#842,#869,#871,.T.);
#869 = VERTEX_POINT('',#870);
#870 = CARTESIAN_POINT('',(-11.40962100742,3.71759982609,0.));
#871 = B_SPLINE_CURVE_WITH_KNOTS('',1,(#872,#873),.UNSPECIFIED.,.F.,.F.,
  (2,2),(0.,0.817838177277),.PIECEWISE_BEZIER_KNOTS.);
#872 = CARTESIAN_POINT('',(-11.12990387681,4.486116326275,0.));
#873 = CARTESIAN_POINT('',(-11.40962100742,3.71759982609,0.));
#874 = ORIENTED_EDGE('',*,*,#875,.T.);
#875 = EDGE_CURVE('',#869,#876,#878,.T.);
#876 = VERTEX_POINT('',#877);
#877 = CARTESIAN_POINT('',(-9.840931095322,2.480279641458,0.));
#878 = B_SPLINE_CURVE_WITH_KNOTS('',3,(#879,#880,#881,#882,#883,#884,
    #885,#886,#887,#888,#889,#890,#891,#892,#893,#894,#895,#896,#897,
    #898,#899,#900),.UNSPECIFIED.,.F.,.F.,(4,1,1,1,1,1,1,1,1,1,1,1,1,1,1
    ,1,1,1,1,4),(0.,0.207044776933,0.402897944561,0.587559502897,
    0.761029451963,0.923307791781,1.074394522378,1.214289643791,
    1.342993156064,1.460505059252,1.566825353431,1.661954038703,
    1.745891115208,1.818636583153,1.880190442858,1.930552694856,
    1.969723340137,1.997702380876,2.014489823605,2.020085714038),
  .UNSPECIFIED.);
#879 = CARTESIAN_POINT('',(-11.40962100742,3.71759982609,0.));
#880 = CARTESIAN_POINT('',(-11.36553082931,3.664504922586,0.));
#881 = CARTESIAN_POINT('',(-11.27806850814,3.562550987706,0.));
#882 = CARTESIAN_POINT('',(-11.14565317202,3.418197160789,0.));
#883 = CARTESIAN_POINT('',(-11.01635886447,3.286304971132,0.));
#884 = CARTESIAN_POINT('',(-10.89085745517,3.166504158357,0.));
#885 = CARTESIAN_POINT('',(-10.76980060486,3.058387680467,0.));
#886 = CARTESIAN_POINT('',(-10.65381654943,2.961520373125,0.));
#887 = CARTESIAN_POINT('',(-10.54350933291,2.875438182346,0.));
#888 = CARTESIAN_POINT('',(-10.43945750254,2.799649754275,0.));
#889 = CARTESIAN_POINT('',(-10.34221299144,2.733637527282,0.));
#890 = CARTESIAN_POINT('',(-10.2523000303,2.676858955367,0.));
#891 = CARTESIAN_POINT('',(-10.17021408011,2.628747902809,0.));
#892 = CARTESIAN_POINT('',(-10.09642094241,2.588715586079,0.));
#893 = CARTESIAN_POINT('',(-10.03135553552,2.556153119514,0.));
#894 = CARTESIAN_POINT('',(-9.975421902154,2.53042938757,0.));
#895 = CARTESIAN_POINT('',(-9.92898983133,2.510902770973,0.));
#896 = CARTESIAN_POINT('',(-9.89240109919,2.496894552843,0.));
#897 = CARTESIAN_POINT('',(-9.865950771052,2.487762649073,0.));
#898 = CARTESIAN_POINT('',(-9.849926298236,2.482743675486,0.));
#899 = CARTESIAN_POINT('',(-9.842733819177,2.480759550201,0.));
#900 = CARTESIAN_POINT('',(-9.840931095322,2.480279641458,0.));
#901 = ORIENTED_EDGE('',*,*,#902,.T.);
#902 = EDGE_CURVE('',#876,#903,#905,.T.);
#903 = VERTEX_POINT('',#904);
#904 = CARTESIAN_POINT('',(-9.017986224871,2.272867010636,0.));
#905 = B_SPLINE_CURVE_WITH_KNOTS('',1,(#906,#907),.UNSPECIFIED.,.F.,.F.,
  (2,2),(0.,0.848680304488),.PIECEWISE_BEZIER_KNOTS.);
#906 = CARTESIAN_POINT('',(-9.840931095322,2.480279641458,0.));
#907 = CARTESIAN_POINT('',(-9.017986224871,2.272867010636,0.));
#908 = ORIENTED_EDGE('',*,*,#909,.T.);
#909 = EDGE_CURVE('',#903,#910,#912,.T.);
#910 = VERTEX_POINT('',#911);
#911 = CARTESIAN_POINT('',(-9.251501410598,0.948536583217,0.));
#912 = B_SPLINE_CURVE_WITH_KNOTS('',1,(#913,#914),.UNSPECIFIED.,.F.,.F.,
  (2,2),(0.,1.344760358931),.PIECEWISE_BEZIER_KNOTS.);
#913 = CARTESIAN_POINT('',(-9.017986224871,2.272867010636,0.));
#914 = CARTESIAN_POINT('',(-9.251501410598,0.948536583217,0.));
#915 = ORIENTED_EDGE('',*,*,#916,.T.);
#916 = EDGE_CURVE('',#910,#917,#919,.T.);
#917 = VERTEX_POINT('',#918);
#918 = CARTESIAN_POINT('',(-10.09575593039,1.035096187116,0.));
#919 = B_SPLINE_CURVE_WITH_KNOTS('',1,(#920,#921),.UNSPECIFIED.,.F.,.F.,
  (2,2),(0.,0.848680304488),.PIECEWISE_BEZIER_KNOTS.);
#920 = CARTESIAN_POINT('',(-9.251501410598,0.948536583217,0.));
#921 = CARTESIAN_POINT('',(-10.09575593039,1.035096187116,0.));
#922 = ORIENTED_EDGE('',*,*,#923,.T.);
#923 = EDGE_CURVE('',#917,#924,#926,.T.);
#924 = VERTEX_POINT('',#925);
#925 = CARTESIAN_POINT('',(-11.99303069198,0.408919088639,0.));
#926 = B_SPLINE_CURVE_WITH_KNOTS('',3,(#927,#928,#929,#930,#931,#932,
    #933,#934,#935,#936,#937,#938,#939,#940,#941,#942,#943,#944,#945,
    #946,#947,#948),.UNSPECIFIED.,.F.,.F.,(4,1,1,1,1,1,1,1,1,1,1,1,1,1,1
    ,1,1,1,1,4),(0.,5.595890432166E-03,2.238333316142E-02,
    5.036237390098E-02,8.953301918139E-02,0.139895271179,0.201449130885,
    0.27419459883,0.358131675335,0.453260360606,0.559580654786,
    0.677092557974,0.805796070246,0.945691191659,1.096777922257,
    1.259056262075,1.43252621114,1.617187769477,1.813040937104,
    2.020085714038),.UNSPECIFIED.);
#927 = CARTESIAN_POINT('',(-10.09575593039,1.035096187116,0.));
#928 = CARTESIAN_POINT('',(-10.09761407515,1.035261788283,0.));
#929 = CARTESIAN_POINT('',(-10.10505140546,1.035857293112,0.));
#930 = CARTESIAN_POINT('',(-10.12182607439,1.036621693159,0.));
#931 = CARTESIAN_POINT('',(-10.14980454759,1.037087055593,0.));
#932 = CARTESIAN_POINT('',(-10.18897780196,1.036437719797,0.));
#933 = CARTESIAN_POINT('',(-10.23928817249,1.03396940579,0.));
#934 = CARTESIAN_POINT('',(-10.3006466295,1.028927434003,0.));
#935 = CARTESIAN_POINT('',(-10.37292513171,1.02058240425,0.));
#936 = CARTESIAN_POINT('',(-10.45595985738,1.008203071157,0.));
#937 = CARTESIAN_POINT('',(-10.54955036813,0.991068518539,0.));
#938 = CARTESIAN_POINT('',(-10.65346032953,0.968466157347,0.));
#939 = CARTESIAN_POINT('',(-10.76741779036,0.939694536383,0.));
#940 = CARTESIAN_POINT('',(-10.89111569657,0.904064531721,0.));
#941 = CARTESIAN_POINT('',(-11.02421241719,0.860901022271,0.));
#942 = CARTESIAN_POINT('',(-11.16633234854,0.809544411628,0.));
#943 = CARTESIAN_POINT('',(-11.31706659074,0.749352036463,0.));
#944 = CARTESIAN_POINT('',(-11.47597363011,0.67970010673,0.));
#945 = CARTESIAN_POINT('',(-11.64258032243,0.599983246968,0.));
#946 = CARTESIAN_POINT('',(-11.81638195324,0.509623733272,0.));
#947 = CARTESIAN_POINT('',(-11.93343995046,0.443732248627,0.));
#948 = CARTESIAN_POINT('',(-11.99303069198,0.408919088639,0.));
#949 = ORIENTED_EDGE('',*,*,#950,.T.);
#950 = EDGE_CURVE('',#924,#951,#953,.T.);
#951 = VERTEX_POINT('',#952);
#952 = CARTESIAN_POINT('',(-11.99303069198,-0.408919088639,0.));
#953 = B_SPLINE_CURVE_WITH_KNOTS('',1,(#954,#955),.UNSPECIFIED.,.F.,.F.,
  (2,2),(0.,0.817838177277),.PIECEWISE_BEZIER_KNOTS.);
#954 = CARTESIAN_POINT('',(-11.99303069198,0.408919088639,0.));
#955 = CARTESIAN_POINT('',(-11.99303069198,-0.408919088639,0.));
#956 = ORIENTED_EDGE('',*,*,#957,.T.);
#957 = EDGE_CURVE('',#951,#958,#960,.T.);
#958 = VERTEX_POINT('',#959);
#959 = CARTESIAN_POINT('',(-10.09575593039,-1.035096187116,0.));
#960 = B_SPLINE_CURVE_WITH_KNOTS('',3,(#961,#962,#963,#964,#965,#966,
    #967,#968,#969,#970,#971,#972,#973,#974,#975,#976,#977,#978,#979,
    #980,#981,#982),.UNSPECIFIED.,.F.,.F.,(4,1,1,1,1,1,1,1,1,1,1,1,1,1,1
    ,1,1,1,1,4),(0.,0.207044776933,0.402897944561,0.587559502897,
    0.761029451963,0.923307791781,1.074394522378,1.214289643791,
    1.342993156064,1.460505059252,1.566825353431,1.661954038703,
    1.745891115208,1.818636583153,1.880190442858,1.930552694856,
    1.969723340137,1.997702380876,2.014489823605,2.020085714038),
  .UNSPECIFIED.);
#961 = CARTESIAN_POINT('',(-11.99303069198,-0.408919088639,0.));
#962 = CARTESIAN_POINT('',(-11.93343995046,-0.443732248627,0.));
#963 = CARTESIAN_POINT('',(-11.81638195324,-0.509623733272,0.));
#964 = CARTESIAN_POINT('',(-11.64258032243,-0.599983246968,0.));
#965 = CARTESIAN_POINT('',(-11.47597363011,-0.67970010673,0.));
#966 = CARTESIAN_POINT('',(-11.31706659074,-0.749352036463,0.));
#967 = CARTESIAN_POINT('',(-11.16633234854,-0.809544411628,0.));
#968 = CARTESIAN_POINT('',(-11.02421241719,-0.860901022271,0.));
#969 = CARTESIAN_POINT('',(-10.89111569657,-0.904064531721,0.));
#970 = CARTESIAN_POINT('',(-10.76741779036,-0.939694536383,0.));
#971 = CARTESIAN_POINT('',(-10.65346032953,-0.968466157347,0.));
#972 = CARTESIAN_POINT('',(-10.54955036813,-0.991068518539,0.));
#973 = CARTESIAN_POINT('',(-10.45595985738,-1.008203071157,0.));
#974 = CARTESIAN_POINT('',(-10.37292513171,-1.02058240425,0.));
#975 = CARTESIAN_POINT('',(-10.3006466295,-1.028927434003,0.));
#976 = CARTESIAN_POINT('',(-10.23928817249,-1.03396940579,0.));
#977 = CARTESIAN_POINT('',(-10.18897780196,-1.036437719797,0.));
#978 = CARTESIAN_POINT('',(-10.14980454759,-1.037087055593,0.));
#979 = CARTESIAN_POINT('',(-10.12182607439,-1.036621693159,0.));
#980 = CARTESIAN_POINT('',(-10.10505140546,-1.035857293112,0.));
#981 = CARTESIAN_POINT('',(-10.09761407515,-1.035261788283,0.));
#982 = CARTESIAN_POINT('',(-10.09575593039,-1.035096187116,0.));
#983 = ORIENTED_EDGE('',*,*,#984,.T.);
#984 = EDGE_CURVE('',#958,#985,#987,.T.);
#985 = VERTEX_POINT('',#986);
#986 = CARTESIAN_POINT('',(-9.251501410598,-0.948536583217,0.));
#987 = B_SPLINE_CURVE_WITH_KNOTS('',1,(#988,#989),.UNSPECIFIED.,.F.,.F.,
  (2,2),(0.,0.848680304488),.PIECEWISE_BEZIER_KNOTS.);
#988 = CARTESIAN_POINT('',(-10.09575593039,-1.035096187116,0.));
#989 = CARTESIAN_POINT('',(-9.251501410598,-0.948536583217,0.));
#990 = ORIENTED_EDGE('',*,*,#991,.T.);
#991 = EDGE_CURVE('',#985,#992,#994,.T.);
#992 = VERTEX_POINT('',#993);
#993 = CARTESIAN_POINT('',(-9.017986224871,-2.272867010636,0.));
#994 = B_SPLINE_CURVE_WITH_KNOTS('',1,(#995,#996),.UNSPECIFIED.,.F.,.F.,
  (2,2),(0.,1.344760358931),.PIECEWISE_BEZIER_KNOTS.);
#995 = CARTESIAN_POINT('',(-9.251501410598,-0.948536583217,0.));
#996 = CARTESIAN_POINT('',(-9.017986224871,-2.272867010636,0.));
#997 = ORIENTED_EDGE('',*,*,#998,.T.);
#998 = EDGE_CURVE('',#992,#999,#1001,.T.);
#999 = VERTEX_POINT('',#1000);
#1000 = CARTESIAN_POINT('',(-9.840931095322,-2.480279641458,0.));
#1001 = B_SPLINE_CURVE_WITH_KNOTS('',1,(#1002,#1003),.UNSPECIFIED.,.F.,
  .F.,(2,2),(0.,0.848680304488),.PIECEWISE_BEZIER_KNOTS.);
#1002 = CARTESIAN_POINT('',(-9.017986224871,-2.272867010636,0.));
#1003 = CARTESIAN_POINT('',(-9.840931095322,-2.480279641458,0.));
#1004 = ORIENTED_EDGE('',*,*,#1005,.T.);
#1005 = EDGE_CURVE('',#999,#1006,#1008,.T.);
#1006 = VERTEX_POINT('',#1007);
#1007 = CARTESIAN_POINT('',(-11.40962100742,-3.71759982609,0.));
#1008 = B_SPLINE_CURVE_WITH_KNOTS('',3,(#1009,#1010,#1011,#1012,#1013,
    #1014,#1015,#1016,#1017,#1018,#1019,#1020,#1021,#1022,#1023,#1024,
    #1025,#1026,#1027,#1028,#1029,#1030),.UNSPECIFIED.,.F.,.F.,(4,1,1,1,
    1,1,1,1,1,1,1,1,1,1,1,1,1,1,1,4),(0.,5.595890432166E-03,
    2.238333316142E-02,5.036237390098E-02,8.953301918139E-02,
    0.139895271179,0.201449130885,0.27419459883,0.358131675335,
    0.453260360606,0.559580654786,0.677092557974,0.805796070246,
    0.945691191659,1.096777922257,1.259056262075,1.43252621114,
    1.617187769477,1.813040937104,2.020085714038),.UNSPECIFIED.);
#1009 = CARTESIAN_POINT('',(-9.840931095322,-2.480279641458,0.));
#1010 = CARTESIAN_POINT('',(-9.842733819177,-2.480759550201,0.));
#1011 = CARTESIAN_POINT('',(-9.849926298236,-2.482743675486,0.));
#1012 = CARTESIAN_POINT('',(-9.865950771052,-2.487762649073,0.));
#1013 = CARTESIAN_POINT('',(-9.89240109919,-2.496894552843,0.));
#1014 = CARTESIAN_POINT('',(-9.92898983133,-2.510902770973,0.));
#1015 = CARTESIAN_POINT('',(-9.975421902154,-2.53042938757,0.));
#1016 = CARTESIAN_POINT('',(-10.03135553552,-2.556153119514,0.));
#1017 = CARTESIAN_POINT('',(-10.09642094241,-2.588715586079,0.));
#1018 = CARTESIAN_POINT('',(-10.17021408011,-2.628747902809,0.));
#1019 = CARTESIAN_POINT('',(-10.2523000303,-2.676858955367,0.));
#1020 = CARTESIAN_POINT('',(-10.34221299144,-2.733637527282,0.));
#1021 = CARTESIAN_POINT('',(-10.43945750254,-2.799649754275,0.));
#1022 = CARTESIAN_POINT('',(-10.54350933291,-2.875438182346,0.));
#1023 = CARTESIAN_POINT('',(-10.65381654943,-2.961520373125,0.));
#1024 = CARTESIAN_POINT('',(-10.76980060486,-3.058387680467,0.));
#1025 = CARTESIAN_POINT('',(-10.89085745517,-3.166504158357,0.));
#1026 = CARTESIAN_POINT('',(-11.01635886447,-3.286304971132,0.));
#1027 = CARTESIAN_POINT('',(-11.14565317202,-3.418197160789,0.));
#1028 = CARTESIAN_POINT('',(-11.27806850814,-3.562550987706,0.));
#1029 = CARTESIAN_POINT('',(-11.36553082931,-3.664504922586,0.));
#1030 = CARTESIAN_POINT('',(-11.40962100742,-3.71759982609,0.));
#1031 = ORIENTED_EDGE('',*,*,#1032,.T.);
#1032 = EDGE_CURVE('',#1006,#1033,#1035,.T.);
#1033 = VERTEX_POINT('',#1034);
#1034 = CARTESIAN_POINT('',(-11.12990387681,-4.486116326275,0.));
#1035 = B_SPLINE_CURVE_WITH_KNOTS('',1,(#1036,#1037),.UNSPECIFIED.,.F.,
  .F.,(2,2),(0.,0.817838177277),.PIECEWISE_BEZIER_KNOTS.);
#1036 = CARTESIAN_POINT('',(-11.40962100742,-3.71759982609,0.));
#1037 = CARTESIAN_POINT('',(-11.12990387681,-4.486116326275,0.));
#1038 = ORIENTED_EDGE('',*,*,#1039,.T.);
#1039 = EDGE_CURVE('',#1033,#1040,#1042,.T.);
#1040 = VERTEX_POINT('',#1041);
#1041 = CARTESIAN_POINT('',(-9.132883602775,-4.425624139132,0.));
#1042 = B_SPLINE_CURVE_WITH_KNOTS('',3,(#1043,#1044,#1045,#1046,#1047,
    #1048,#1049,#1050,#1051,#1052,#1053,#1054,#1055,#1056,#1057,#1058,
    #1059,#1060,#1061,#1062,#1063,#1064),.UNSPECIFIED.,.F.,.F.,(4,1,1,1,
    1,1,1,1,1,1,1,1,1,1,1,1,1,1,1,4),(0.,0.207044776933,0.402897944561,
    0.587559502897,0.761029451963,0.923307791781,1.074394522378,
    1.214289643791,1.342993156064,1.460505059252,1.566825353431,
    1.661954038703,1.745891115208,1.818636583153,1.880190442858,
    1.930552694856,1.969723340137,1.997702380876,2.014489823605,
    2.020085714038),.UNSPECIFIED.);
#1043 = CARTESIAN_POINT('',(-11.12990387681,-4.486116326275,0.));
#1044 = CARTESIAN_POINT('',(-11.06200009476,-4.498448761864,0.));
#1045 = CARTESIAN_POINT('',(-10.92946534355,-4.520330310773,0.));
#1046 = CARTESIAN_POINT('',(-10.73524045977,-4.545796820331,0.));
#1047 = CARTESIAN_POINT('',(-10.55141660862,-4.563723320414,0.));
#1048 = CARTESIAN_POINT('',(-10.37827047335,-4.574825316427,0.));
#1049 = CARTESIAN_POINT('',(-10.21603961348,-4.579833500078,0.));
#1050 = CARTESIAN_POINT('',(-10.06492556738,-4.579485048835,0.));
#1051 = CARTESIAN_POINT('',(-9.925092771481,-4.574523720691,0.));
#1052 = CARTESIAN_POINT('',(-9.796668582508,-4.56569779754,0.));
#1053 = CARTESIAN_POINT('',(-9.679743123559,-4.553758530363,0.));
#1054 = CARTESIAN_POINT('',(-9.574369236792,-4.539458502496,0.));
#1055 = CARTESIAN_POINT('',(-9.480562562317,-4.523549875249,0.));
#1056 = CARTESIAN_POINT('',(-9.398301462062,-4.506783094434,0.));
#1057 = CARTESIAN_POINT('',(-9.327527718623,-4.489904153629,0.));
#1058 = CARTESIAN_POINT('',(-9.268145173429,-4.473656229048,0.));
#1059 = CARTESIAN_POINT('',(-9.220024676384,-4.458768525367,0.));
#1060 = CARTESIAN_POINT('',(-9.1829917724,-4.44598065935,0.));
#1061 = CARTESIAN_POINT('',(-9.156859770915,-4.435974160289,0.));
#1062 = CARTESIAN_POINT('',(-9.141358178525,-4.429518584536,0.));
#1063 = CARTESIAN_POINT('',(-9.13457304876,-4.426415276263,0.));
#1064 = CARTESIAN_POINT('',(-9.132883602775,-4.425624139132,0.));
#1065 = ORIENTED_EDGE('',*,*,#1066,.T.);
#1066 = EDGE_CURVE('',#1040,#1067,#1069,.T.);
#1067 = VERTEX_POINT('',#1068);
#1068 = CARTESIAN_POINT('',(-8.369148988588,-4.055532666225,0.));
#1069 = B_SPLINE_CURVE_WITH_KNOTS('',1,(#1070,#1071),.UNSPECIFIED.,.F.,
  .F.,(2,2),(0.,0.848680304488),.PIECEWISE_BEZIER_KNOTS.);
#1070 = CARTESIAN_POINT('',(-9.132883602775,-4.425624139132,0.));
#1071 = CARTESIAN_POINT('',(-8.369148988588,-4.055532666225,0.));
#1072 = ORIENTED_EDGE('',*,*,#1073,.T.);
#1073 = EDGE_CURVE('',#1067,#1074,#1076,.T.);
#1074 = VERTEX_POINT('',#1075);
#1075 = CARTESIAN_POINT('',(-7.696768809122,-5.220129299061,0.));
#1076 = B_SPLINE_CURVE_WITH_KNOTS('',1,(#1077,#1078),.UNSPECIFIED.,.F.,
  .F.,(2,2),(0.,1.344760358931),.PIECEWISE_BEZIER_KNOTS.);
#1077 = CARTESIAN_POINT('',(-8.369148988588,-4.055532666225,0.));
#1078 = CARTESIAN_POINT('',(-7.696768809122,-5.220129299061,0.));
#1079 = ORIENTED_EDGE('',*,*,#1080,.T.);
#1080 = EDGE_CURVE('',#1074,#1081,#1083,.T.);
#1081 = VERTEX_POINT('',#1082);
#1082 = CARTESIAN_POINT('',(-8.399144733477,-5.696497140244,0.));
#1083 = B_SPLINE_CURVE_WITH_KNOTS('',1,(#1084,#1085),.UNSPECIFIED.,.F.,
  .F.,(2,2),(0.,0.848680304488),.PIECEWISE_BEZIER_KNOTS.);
#1084 = CARTESIAN_POINT('',(-7.696768809122,-5.220129299061,0.));
#1085 = CARTESIAN_POINT('',(-8.399144733477,-5.696497140244,0.));
#1086 = ORIENTED_EDGE('',*,*,#1087,.T.);
#1087 = EDGE_CURVE('',#1081,#1088,#1090,.T.);
#1088 = VERTEX_POINT('',#1089);
#1089 = CARTESIAN_POINT('',(-9.450042641293,-7.395721335863,0.));
#1090 = B_SPLINE_CURVE_WITH_KNOTS('',3,(#1091,#1092,#1093,#1094,#1095,
    #1096,#1097,#1098,#1099,#1100,#1101,#1102,#1103,#1104,#1105,#1106,
    #1107,#1108,#1109,#1110,#1111,#1112),.UNSPECIFIED.,.F.,.F.,(4,1,1,1,
    1,1,1,1,1,1,1,1,1,1,1,1,1,1,1,4),(0.,5.595890432166E-03,
    2.238333316142E-02,5.036237390098E-02,8.953301918139E-02,
    0.139895271179,0.201449130885,0.27419459883,0.358131675335,
    0.453260360606,0.559580654786,0.677092557974,0.805796070246,
    0.945691191659,1.096777922257,1.259056262075,1.43252621114,
    1.617187769477,1.813040937104,2.020085714038),.UNSPECIFIED.);
#1091 = CARTESIAN_POINT('',(-8.399144733477,-5.696497140244,0.));
#1092 = CARTESIAN_POINT('',(-8.400674601324,-5.697564674819,0.));
#1093 = CARTESIAN_POINT('',(-8.406754710006,-5.701889115427,0.));
#1094 = CARTESIAN_POINT('',(-8.420096198799,-5.71208610036,0.));
#1095 = CARTESIAN_POINT('',(-8.441828081931,-5.729713827967,0.));
#1096 = CARTESIAN_POINT('',(-8.471419150754,-5.755391330584,0.));
#1097 = CARTESIAN_POINT('',(-8.508372528868,-5.789621051628,0.));
#1098 = CARTESIAN_POINT('',(-8.552134916911,-5.832923882017,0.));
#1099 = CARTESIAN_POINT('',(-8.602139380157,-5.885776271353,0.));
#1100 = CARTESIAN_POINT('',(-8.65779038841,-5.94863308351,0.));
#1101 = CARTESIAN_POINT('',(-8.718471000983,-6.021917733026,0.));
#1102 = CARTESIAN_POINT('',(-8.783542131774,-6.106024181929,0.));
#1103 = CARTESIAN_POINT('',(-8.852344569926,-6.201314966139,0.));
#1104 = CARTESIAN_POINT('',(-8.924200138074,-6.308120614674,0.));
#1105 = CARTESIAN_POINT('',(-8.998413172234,-6.426738704137,0.));
#1106 = CARTESIAN_POINT('',(-9.07427196291,-6.557433081303,0.));
#1107 = CARTESIAN_POINT('',(-9.151050178578,-6.700433219055,0.));
#1108 = CARTESIAN_POINT('',(-9.228008635636,-6.855933168778,0.));
#1109 = CARTESIAN_POINT('',(-9.304395756738,-7.024092543738,0.));
#1110 = CARTESIAN_POINT('',(-9.379453554404,-7.205029481914,0.));
#1111 = CARTESIAN_POINT('',(-9.426770952781,-7.330748717802,0.));
#1112 = CARTESIAN_POINT('',(-9.450042641293,-7.395721335863,0.));
#1113 = ORIENTED_EDGE('',*,*,#1114,.T.);
#1114 = EDGE_CURVE('',#1088,#1115,#1117,.T.);
#1115 = VERTEX_POINT('',#1116);
#1116 = CARTESIAN_POINT('',(-8.924346394211,-8.022221726937,0.));
#1117 = B_SPLINE_CURVE_WITH_KNOTS('',1,(#1118,#1119),.UNSPECIFIED.,.F.,
  .F.,(2,2),(0.,0.817838177277),.PIECEWISE_BEZIER_KNOTS.);
#1118 = CARTESIAN_POINT('',(-9.450042641293,-7.395721335863,0.));
#1119 = CARTESIAN_POINT('',(-8.924346394211,-8.022221726937,0.));
#1120 = ORIENTED_EDGE('',*,*,#1121,.T.);
#1121 = EDGE_CURVE('',#1115,#1122,#1124,.T.);
#1122 = VERTEX_POINT('',#1123);
#1123 = CARTESIAN_POINT('',(-7.068450725653,-7.282356504712,0.));
#1124 = B_SPLINE_CURVE_WITH_KNOTS('',3,(#1125,#1126,#1127,#1128,#1129,
    #1130,#1131,#1132,#1133,#1134,#1135,#1136,#1137,#1138,#1139,#1140,
    #1141,#1142,#1143,#1144,#1145,#1146),.UNSPECIFIED.,.F.,.F.,(4,1,1,1,
    1,1,1,1,1,1,1,1,1,1,1,1,1,1,1,4),(0.,0.207044776933,0.402897944561,
    0.587559502897,0.761029451963,0.923307791781,1.074394522378,
    1.214289643791,1.342993156064,1.460505059252,1.566825353431,
    1.661954038703,1.745891115208,1.818636583153,1.880190442858,
    1.930552694856,1.969723340137,1.997702380876,2.014489823605,
    2.020085714038),.UNSPECIFIED.);
#1125 = CARTESIAN_POINT('',(-8.924346394211,-8.022221726937,0.));
#1126 = CARTESIAN_POINT('',(-8.85631976991,-8.010585964388,0.));
#1127 = CARTESIAN_POINT('',(-8.724293911705,-7.985818339824,0.));
#1128 = CARTESIAN_POINT('',(-8.533072162398,-7.943320208346,0.));
#1129 = CARTESIAN_POINT('',(-8.354203021819,-7.897294148274,0.));
#1130 = CARTESIAN_POINT('',(-8.187701769914,-7.848507145999,0.));
#1131 = CARTESIAN_POINT('',(-8.033541728339,-7.797727077274,0.));
#1132 = CARTESIAN_POINT('',(-7.89166015167,-7.745715592509,0.));
#1133 = CARTESIAN_POINT('',(-7.761957179379,-7.693227836166,0.));
#1134 = CARTESIAN_POINT('',(-7.644296560171,-7.64101052179,0.));
#1135 = CARTESIAN_POINT('',(-7.538506039086,-7.589800418298,0.));
#1136 = CARTESIAN_POINT('',(-7.444377872848,-7.54032279578,0.));
#1137 = CARTESIAN_POINT('',(-7.361669504035,-7.4932898039,0.));
#1138 = CARTESIAN_POINT('',(-7.290103931925,-7.449399230394,0.));
#1139 = CARTESIAN_POINT('',(-7.229371305223,-7.409332168399,0.));
#1140 = CARTESIAN_POINT('',(-7.179127083195,-7.373754086948,0.));
#1141 = CARTESIAN_POINT('',(-7.13900050176,-7.343306042363,0.));
#1142 = CARTESIAN_POINT('',(-7.108574662928,-7.318623379903,0.));
#1143 = CARTESIAN_POINT('',(-7.08744103821,-7.300282675682,0.));
#1144 = CARTESIAN_POINT('',(-7.075082243174,-7.288914561933,0.));
#1145 = CARTESIAN_POINT('',(-7.069767700743,-7.283677754995,0.));
#1146 = CARTESIAN_POINT('',(-7.068450725653,-7.282356504712,0.));
#1147 = ORIENTED_EDGE('',*,*,#1148,.T.);
#1148 = EDGE_CURVE('',#1122,#1149,#1151,.T.);
#1149 = VERTEX_POINT('',#1150);
#1150 = CARTESIAN_POINT('',(-6.47735368307,-6.673371656399,0.));
#1151 = B_SPLINE_CURVE_WITH_KNOTS('',1,(#1152,#1153),.UNSPECIFIED.,.F.,
  .F.,(2,2),(0.,0.848680304488),.PIECEWISE_BEZIER_KNOTS.);
#1152 = CARTESIAN_POINT('',(-7.068450725653,-7.282356504712,0.));
#1153 = CARTESIAN_POINT('',(-6.47735368307,-6.673371656399,0.));
#1154 = ORIENTED_EDGE('',*,*,#1155,.T.);
#1155 = EDGE_CURVE('',#1149,#1156,#1158,.T.);
#1156 = VERTEX_POINT('',#1157);
#1157 = CARTESIAN_POINT('',(-5.447207482784,-7.537766953117,0.));
#1158 = B_SPLINE_CURVE_WITH_KNOTS('',1,(#1159,#1160),.UNSPECIFIED.,.F.,
  .F.,(2,2),(0.,1.344760358931),.PIECEWISE_BEZIER_KNOTS.);
#1159 = CARTESIAN_POINT('',(-6.47735368307,-6.673371656399,0.));
#1160 = CARTESIAN_POINT('',(-5.447207482784,-7.537766953117,0.));
#1161 = ORIENTED_EDGE('',*,*,#1162,.T.);
#1162 = EDGE_CURVE('',#1156,#1163,#1165,.T.);
#1163 = VERTEX_POINT('',#1164);
#1164 = CARTESIAN_POINT('',(-5.944297558601,-8.225633012572,0.));
#1165 = B_SPLINE_CURVE_WITH_KNOTS('',1,(#1166,#1167),.UNSPECIFIED.,.F.,
  .F.,(2,2),(0.,0.848680304488),.PIECEWISE_BEZIER_KNOTS.);
#1166 = CARTESIAN_POINT('',(-5.447207482784,-7.537766953117,0.));
#1167 = CARTESIAN_POINT('',(-5.944297558601,-8.225633012572,0.));
#1168 = ORIENTED_EDGE('',*,*,#1169,.T.);
#1169 = EDGE_CURVE('',#1163,#1170,#1172,.T.);
#1170 = VERTEX_POINT('',#1171);
#1171 = CARTESIAN_POINT('',(-6.350649664847,-10.1818097033,0.));
#1172 = B_SPLINE_CURVE_WITH_KNOTS('',3,(#1173,#1174,#1175,#1176,#1177,
    #1178,#1179,#1180,#1181,#1182,#1183,#1184,#1185,#1186,#1187,#1188,
    #1189,#1190,#1191,#1192,#1193,#1194),.UNSPECIFIED.,.F.,.F.,(4,1,1,1,
    1,1,1,1,1,1,1,1,1,1,1,1,1,1,1,4),(0.,5.595890432166E-03,
    2.238333316142E-02,5.036237390098E-02,8.953301918139E-02,
    0.139895271179,0.201449130885,0.27419459883,0.358131675335,
    0.453260360606,0.559580654786,0.677092557974,0.805796070246,
    0.945691191659,1.096777922257,1.259056262075,1.43252621114,
    1.617187769477,1.813040937104,2.020085714038),.UNSPECIFIED.);
#1173 = CARTESIAN_POINT('',(-5.944297558601,-8.225633012572,0.));
#1174 = CARTESIAN_POINT('',(-5.945370045799,-8.227159412555,0.));
#1175 = CARTESIAN_POINT('',(-5.949604433265,-8.233302577127,0.));
#1176 = CARTESIAN_POINT('',(-5.958653757585,-8.247447666531,0.));
#1177 = CARTESIAN_POINT('',(-5.973046009878,-8.271445053868,0.));
#1178 = CARTESIAN_POINT('',(-5.992070295766,-8.305694755198,0.));
#1179 = CARTESIAN_POINT('',(-6.015087858396,-8.350498971153,0.));
#1180 = CARTESIAN_POINT('',(-6.041400611252,-8.406157939559,0.));
#1181 = CARTESIAN_POINT('',(-6.070312854594,-8.472925473496,0.));
#1182 = CARTESIAN_POINT('',(-6.101109400487,-8.551025321865,0.));
#1183 = CARTESIAN_POINT('',(-6.133065698015,-8.640644358041,0.));
#1184 = CARTESIAN_POINT('',(-6.165446459737,-8.741934204915,0.));
#1185 = CARTESIAN_POINT('',(-6.197508235487,-8.855010071424,0.));
#1186 = CARTESIAN_POINT('',(-6.228500699418,-8.979950602928,0.));
#1187 = CARTESIAN_POINT('',(-6.257668364026,-9.116797498868,0.));
#1188 = CARTESIAN_POINT('',(-6.284252200235,-9.265555275128,0.));
#1189 = CARTESIAN_POINT('',(-6.307491195326,-9.426191145672,0.));
#1190 = CARTESIAN_POINT('',(-6.326624374439,-9.598634643473,0.));
#1191 = CARTESIAN_POINT('',(-6.340890894937,-9.782778701346,0.));
#1192 = CARTESIAN_POINT('',(-6.349538076008,-9.978475085694,0.));
#1193 = CARTESIAN_POINT('',(-6.35100337502,-10.11279602732,0.));
#1194 = CARTESIAN_POINT('',(-6.350649664847,-10.1818097033,0.));
#1195 = ORIENTED_EDGE('',*,*,#1196,.T.);
#1196 = EDGE_CURVE('',#1170,#1197,#1199,.T.);
#1197 = VERTEX_POINT('',#1198);
#1198 = CARTESIAN_POINT('',(-5.64238102714,-10.59072879194,0.));
#1199 = B_SPLINE_CURVE_WITH_KNOTS('',1,(#1200,#1201),.UNSPECIFIED.,.F.,
  .F.,(2,2),(0.,0.817838177277),.PIECEWISE_BEZIER_KNOTS.);
#1200 = CARTESIAN_POINT('',(-6.350649664847,-10.1818097033,0.));
#1201 = CARTESIAN_POINT('',(-5.64238102714,-10.59072879194,0.));
#1202 = ORIENTED_EDGE('',*,*,#1203,.T.);
#1203 = EDGE_CURVE('',#1197,#1204,#1206,.T.);
#1204 = VERTEX_POINT('',#1205);
#1205 = CARTESIAN_POINT('',(-4.151458371795,-9.260729199688,0.));
#1206 = B_SPLINE_CURVE_WITH_KNOTS('',3,(#1207,#1208,#1209,#1210,#1211,
    #1212,#1213,#1214,#1215,#1216,#1217,#1218,#1219,#1220,#1221,#1222,
    #1223,#1224,#1225,#1226,#1227,#1228),.UNSPECIFIED.,.F.,.F.,(4,1,1,1,
    1,1,1,1,1,1,1,1,1,1,1,1,1,1,1,4),(0.,0.207044776933,0.402897944561,
    0.587559502897,0.761029451963,0.923307791781,1.074394522378,
    1.214289643791,1.342993156064,1.460505059252,1.566825353431,
    1.661954038703,1.745891115208,1.818636583153,1.880190442858,
    1.930552694856,1.969723340137,1.997702380876,2.014489823605,
    2.020085714038),.UNSPECIFIED.);
#1207 = CARTESIAN_POINT('',(-5.64238102714,-10.59072879194,0.));
#1208 = CARTESIAN_POINT('',(-5.582436575442,-10.55652827595,0.));
#1209 = CARTESIAN_POINT('',(-5.466843877237,-10.48809881896,0.));
#1210 = CARTESIAN_POINT('',(-5.301689427499,-10.38276194831,0.));
#1211 = CARTESIAN_POINT('',(-5.149349255674,-10.2783347502,0.));
#1212 = CARTESIAN_POINT('',(-5.009575395417,-10.17554318213,0.));
#1213 = CARTESIAN_POINT('',(-4.882080148312,-10.07509968675,0.));
#1214 = CARTESIAN_POINT('',(-4.766544053165,-9.977698521139,0.));
#1215 = CARTESIAN_POINT('',(-4.662614997156,-9.884015134649,0.));
#1216 = CARTESIAN_POINT('',(-4.569909554877,-9.794704607807,0.));
#1217 = CARTESIAN_POINT('',(-4.4880138698,-9.710400362262,0.));
#1218 = CARTESIAN_POINT('',(-4.416484670123,-9.63171287658,0.));
#1219 = CARTESIAN_POINT('',(-4.354850456896,-9.559228393022,0.));
#1220 = CARTESIAN_POINT('',(-4.302612277123,-9.493507877746,0.));
#1221 = CARTESIAN_POINT('',(-4.259246018257,-9.435085373563,0.));
#1222 = CARTESIAN_POINT('',(-4.224200314097,-9.384468376943,0.));
#1223 = CARTESIAN_POINT('',(-4.196907506198,-9.342132474995,0.));
#1224 = CARTESIAN_POINT('',(-4.176758537718,-9.308532109462,0.));
#1225 = CARTESIAN_POINT('',(-4.163172316806,-9.28406935969,0.));
#1226 = CARTESIAN_POINT('',(-4.155446972203,-9.269159870239,0.));
#1227 = CARTESIAN_POINT('',(-4.152244029358,-9.262421200838,0.));
#1228 = CARTESIAN_POINT('',(-4.151458371795,-9.260729199688,0.));
#1229 = ORIENTED_EDGE('',*,*,#1230,.T.);
#1230 = EDGE_CURVE('',#1204,#1231,#1233,.T.);
#1231 = VERTEX_POINT('',#1232);
#1232 = CARTESIAN_POINT('',(-3.804293927814,-8.486303536334,0.));
#1233 = B_SPLINE_CURVE_WITH_KNOTS('',1,(#1234,#1235),.UNSPECIFIED.,.F.,
  .F.,(2,2),(0.,0.848680304488),.PIECEWISE_BEZIER_KNOTS.);
#1234 = CARTESIAN_POINT('',(-4.151458371795,-9.260729199688,0.));
#1235 = CARTESIAN_POINT('',(-3.804293927814,-8.486303536334,0.));
#1236 = ORIENTED_EDGE('',*,*,#1237,.T.);
#1237 = EDGE_CURVE('',#1231,#1238,#1240,.T.);
#1238 = VERTEX_POINT('',#1239);
#1239 = CARTESIAN_POINT('',(-2.540632541801,-8.946238667034,0.));
#1240 = B_SPLINE_CURVE_WITH_KNOTS('',1,(#1241,#1242),.UNSPECIFIED.,.F.,
  .F.,(2,2),(0.,1.344760358931),.PIECEWISE_BEZIER_KNOTS.);
#1241 = CARTESIAN_POINT('',(-3.804293927814,-8.486303536334,0.));
#1242 = CARTESIAN_POINT('',(-2.540632541801,-8.946238667034,0.));
#1243 = ORIENTED_EDGE('',*,*,#1244,.T.);
#1244 = EDGE_CURVE('',#1238,#1245,#1247,.T.);
#1245 = VERTEX_POINT('',#1246);
#1246 = CARTESIAN_POINT('',(-2.772480369669,-9.76263614617,0.));
#1247 = B_SPLINE_CURVE_WITH_KNOTS('',1,(#1248,#1249),.UNSPECIFIED.,.F.,
  .F.,(2,2),(0.,0.848680304488),.PIECEWISE_BEZIER_KNOTS.);
#1248 = CARTESIAN_POINT('',(-2.540632541801,-8.946238667034,0.));
#1249 = CARTESIAN_POINT('',(-2.772480369669,-9.76263614617,0.));
#1250 = ORIENTED_EDGE('',*,*,#1251,.T.);
#1251 = EDGE_CURVE('',#1245,#1252,#1254,.T.);
#1252 = VERTEX_POINT('',#1253);
#1253 = CARTESIAN_POINT('',(-2.485274613213,-11.73982155302,0.));
#1254 = B_SPLINE_CURVE_WITH_KNOTS('',3,(#1255,#1256,#1257,#1258,#1259,
    #1260,#1261,#1262,#1263,#1264,#1265,#1266,#1267,#1268,#1269,#1270,
    #1271,#1272,#1273,#1274,#1275,#1276),.UNSPECIFIED.,.F.,.F.,(4,1,1,1,
    1,1,1,1,1,1,1,1,1,1,1,1,1,1,1,4),(0.,5.595890432166E-03,
    2.238333316142E-02,5.036237390098E-02,8.953301918139E-02,
    0.139895271179,0.201449130885,0.27419459883,0.358131675335,
    0.453260360606,0.559580654786,0.677092557974,0.805796070246,
    0.945691191659,1.096777922257,1.259056262075,1.43252621114,
    1.617187769477,1.813040937104,2.020085714038),.UNSPECIFIED.);
#1255 = CARTESIAN_POINT('',(-2.772480369669,-9.76263614617,0.));
#1256 = CARTESIAN_POINT('',(-2.772966118433,-9.764437305196,0.));
#1257 = CARTESIAN_POINT('',(-2.774844055061,-9.77165823742,0.));
#1258 = CARTESIAN_POINT('',(-2.778509732843,-9.788045324755,0.));
#1259 = CARTESIAN_POINT('',(-2.783826436263,-9.815517932745,0.));
#1260 = CARTESIAN_POINT('',(-2.78998932957,-9.854208813335,0.));
#1261 = CARTESIAN_POINT('',(-2.796294818959,-9.904183474518,0.));
#1262 = CARTESIAN_POINT('',(-2.801984230299,-9.965485287913,0.));
#1263 = CARTESIAN_POINT('',(-2.806317010491,-10.03811481647,0.));
#1264 = CARTESIAN_POINT('',(-2.808544576079,-10.12203770671,0.));
#1265 = CARTESIAN_POINT('',(-2.807922157456,-10.21718175114,0.));
#1266 = CARTESIAN_POINT('',(-2.803706952357,-10.32343794558,0.));
#1267 = CARTESIAN_POINT('',(-2.795160942369,-10.44066027606,0.));
#1268 = CARTESIAN_POINT('',(-2.781552153532,-10.56866601851,0.));
#1269 = CARTESIAN_POINT('',(-2.762156397767,-10.70723596563,0.));
#1270 = CARTESIAN_POINT('',(-2.736258876528,-10.85611475774,0.));
#1271 = CARTESIAN_POINT('',(-2.703155685262,-11.01501130435,0.));
#1272 = CARTESIAN_POINT('',(-2.662155842653,-11.1835991194,0.));
#1273 = CARTESIAN_POINT('',(-2.612581009623,-11.36151736913,0.));
#1274 = CARTESIAN_POINT('',(-2.553774596443,-11.54836932753,0.));
#1275 = CARTESIAN_POINT('',(-2.509211059405,-11.67509088697,0.));
#1276 = CARTESIAN_POINT('',(-2.485274613213,-11.73982155302,0.));
#1277 = ORIENTED_EDGE('',*,*,#1278,.T.);
#1278 = EDGE_CURVE('',#1252,#1279,#1281,.T.);
#1279 = VERTEX_POINT('',#1280);
#1280 = CARTESIAN_POINT('',(-1.679861235521,-11.88183766213,0.));
#1281 = B_SPLINE_CURVE_WITH_KNOTS('',1,(#1282,#1283),.UNSPECIFIED.,.F.,
  .F.,(2,2),(0.,0.817838177277),.PIECEWISE_BEZIER_KNOTS.);
#1282 = CARTESIAN_POINT('',(-2.485274613213,-11.73982155302,0.));
#1283 = CARTESIAN_POINT('',(-1.679861235521,-11.88183766213,0.));
#1284 = ORIENTED_EDGE('',*,*,#1285,.T.);
#1285 = EDGE_CURVE('',#1279,#1286,#1288,.T.);
#1286 = VERTEX_POINT('',#1287);
#1287 = CARTESIAN_POINT('',(-0.733738869298,-10.12212127937,0.));
#1288 = B_SPLINE_CURVE_WITH_KNOTS('',3,(#1289,#1290,#1291,#1292,#1293,
    #1294,#1295,#1296,#1297,#1298,#1299,#1300,#1301,#1302,#1303,#1304,
    #1305,#1306,#1307,#1308,#1309,#1310),.UNSPECIFIED.,.F.,.F.,(4,1,1,1,
    1,1,1,1,1,1,1,1,1,1,1,1,1,1,1,4),(0.,0.207044776933,0.402897944561,
    0.587559502897,0.761029451963,0.923307791781,1.074394522378,
    1.214289643791,1.342993156064,1.460505059252,1.566825353431,
    1.661954038703,1.745891115208,1.818636583153,1.880190442858,
    1.930552694856,1.969723340137,1.997702380876,2.014489823605,
    2.020085714038),.UNSPECIFIED.);
#1289 = CARTESIAN_POINT('',(-1.679861235521,-11.88183766213,0.));
#1290 = CARTESIAN_POINT('',(-1.635229141986,-11.82919747966,0.));
#1291 = CARTESIAN_POINT('',(-1.550011789152,-11.72535979268,0.));
#1292 = CARTESIAN_POINT('',(-1.430844703041,-11.56988936406,0.));
#1293 = CARTESIAN_POINT('',(-1.323407972992,-11.41965648919,0.));
#1294 = CARTESIAN_POINT('',(-1.227220294774,-11.27525853548,0.));
#1295 = CARTESIAN_POINT('',(-1.14176765057,-11.13726658138,0.));
#1296 = CARTESIAN_POINT('',(-1.06651239515,-11.00622375297,0.));
#1297 = CARTESIAN_POINT('',(-1.000892633407,-10.88264433536,0.));
#1298 = CARTESIAN_POINT('',(-0.944324012582,-10.76701276367,0.));
#1299 = CARTESIAN_POINT('',(-0.896200991785,-10.65978271229,0.));
#1300 = CARTESIAN_POINT('',(-0.855898235809,-10.56137623552,0.));
#1301 = CARTESIAN_POINT('',(-0.822772173907,-10.47218295875,0.));
#1302 = CARTESIAN_POINT('',(-0.796162081905,-10.39255936578,0.));
#1303 = CARTESIAN_POINT('',(-0.775392801712,-10.32282803564,0.));
#1304 = CARTESIAN_POINT('',(-0.759772644561,-10.26327728067,0.));
#1305 = CARTESIAN_POINT('',(-0.74860552563,-10.21415985595,0.));
#1306 = CARTESIAN_POINT('',(-0.741163690469,-10.17569448731,0.));
#1307 = CARTESIAN_POINT('',(-0.736763572116,-10.14806026064,0.));
#1308 = CARTESIAN_POINT('',(-0.734603468519,-10.13140769996,0.));
#1309 = CARTESIAN_POINT('',(-0.733898447437,-10.12397995108,0.));
#1310 = CARTESIAN_POINT('',(-0.733738869298,-10.12212127937,0.));
#1311 = ORIENTED_EDGE('',*,*,#1312,.T.);
#1312 = EDGE_CURVE('',#1286,#1313,#1315,.T.);
#1313 = VERTEX_POINT('',#1314);
#1314 = CARTESIAN_POINT('',(-0.672380179465,-9.275661965286,0.));
#1315 = B_SPLINE_CURVE_WITH_KNOTS('',1,(#1316,#1317),.UNSPECIFIED.,.F.,
  .F.,(2,2),(0.,0.848680304488),.PIECEWISE_BEZIER_KNOTS.);
#1316 = CARTESIAN_POINT('',(-0.733738869298,-10.12212127937,0.));
#1317 = CARTESIAN_POINT('',(-0.672380179465,-9.275661965286,0.));
#1318 = ORIENTED_EDGE('',*,*,#1319,.T.);
#1319 = EDGE_CURVE('',#1313,#1320,#1322,.T.);
#1320 = VERTEX_POINT('',#1321);
#1321 = CARTESIAN_POINT('',(0.672380179465,-9.275661965286,0.));
#1322 = B_SPLINE_CURVE_WITH_KNOTS('',1,(#1323,#1324),.UNSPECIFIED.,.F.,
  .F.,(2,2),(0.,1.344760358931),.PIECEWISE_BEZIER_KNOTS.);
#1323 = CARTESIAN_POINT('',(-0.672380179465,-9.275661965286,0.));
#1324 = CARTESIAN_POINT('',(0.672380179465,-9.275661965286,0.));
#1325 = ORIENTED_EDGE('',*,*,#1326,.T.);
#1326 = EDGE_CURVE('',#1320,#1327,#1329,.T.);
#1327 = VERTEX_POINT('',#1328);
#1328 = CARTESIAN_POINT('',(0.733738869298,-10.12212127937,0.));
#1329 = B_SPLINE_CURVE_WITH_KNOTS('',1,(#1330,#1331),.UNSPECIFIED.,.F.,
  .F.,(2,2),(0.,0.848680304488),.PIECEWISE_BEZIER_KNOTS.);
#1330 = CARTESIAN_POINT('',(0.672380179465,-9.275661965286,0.));
#1331 = CARTESIAN_POINT('',(0.733738869298,-10.12212127937,0.));
#1332 = ORIENTED_EDGE('',*,*,#1333,.T.);
#1333 = EDGE_CURVE('',#1327,#1334,#1336,.T.);
#1334 = VERTEX_POINT('',#1335);
#1335 = CARTESIAN_POINT('',(1.679861235521,-11.88183766213,0.));
#1336 = B_SPLINE_CURVE_WITH_KNOTS('',3,(#1337,#1338,#1339,#1340,#1341,
    #1342,#1343,#1344,#1345,#1346,#1347,#1348,#1349,#1350,#1351,#1352,
    #1353,#1354,#1355,#1356,#1357,#1358),.UNSPECIFIED.,.F.,.F.,(4,1,1,1,
    1,1,1,1,1,1,1,1,1,1,1,1,1,1,1,4),(0.,5.595890432166E-03,
    2.238333316142E-02,5.036237390098E-02,8.953301918139E-02,
    0.139895271179,0.201449130885,0.27419459883,0.358131675335,
    0.453260360606,0.559580654786,0.677092557974,0.805796070246,
    0.945691191659,1.096777922257,1.259056262075,1.43252621114,
    1.617187769477,1.813040937104,2.020085714038),.UNSPECIFIED.);
#1337 = CARTESIAN_POINT('',(0.733738869298,-10.12212127937,0.));
#1338 = CARTESIAN_POINT('',(0.733898447437,-10.12397995108,0.));
#1339 = CARTESIAN_POINT('',(0.734603468519,-10.13140769996,0.));
#1340 = CARTESIAN_POINT('',(0.736763572116,-10.14806026064,0.));
#1341 = CARTESIAN_POINT('',(0.741163690469,-10.17569448731,0.));
#1342 = CARTESIAN_POINT('',(0.74860552563,-10.21415985595,0.));
#1343 = CARTESIAN_POINT('',(0.759772644561,-10.26327728067,0.));
#1344 = CARTESIAN_POINT('',(0.775392801712,-10.32282803564,0.));
#1345 = CARTESIAN_POINT('',(0.796162081905,-10.39255936578,0.));
#1346 = CARTESIAN_POINT('',(0.822772173907,-10.47218295875,0.));
#1347 = CARTESIAN_POINT('',(0.855898235809,-10.56137623552,0.));
#1348 = CARTESIAN_POINT('',(0.896200991785,-10.65978271229,0.));
#1349 = CARTESIAN_POINT('',(0.944324012582,-10.76701276367,0.));
#1350 = CARTESIAN_POINT('',(1.000892633407,-10.88264433536,0.));
#1351 = CARTESIAN_POINT('',(1.06651239515,-11.00622375297,0.));
#1352 = CARTESIAN_POINT('',(1.14176765057,-11.13726658138,0.));
#1353 = CARTESIAN_POINT('',(1.227220294774,-11.27525853548,0.));
#1354 = CARTESIAN_POINT('',(1.323407972992,-11.41965648919,0.));
#1355 = CARTESIAN_POINT('',(1.430844703041,-11.56988936406,0.));
#1356 = CARTESIAN_POINT('',(1.550011789152,-11.72535979268,0.));
#1357 = CARTESIAN_POINT('',(1.635229141986,-11.82919747966,0.));
#1358 = CARTESIAN_POINT('',(1.679861235521,-11.88183766213,0.));
#1359 = ORIENTED_EDGE('',*,*,#1360,.T.);
#1360 = EDGE_CURVE('',#1334,#1361,#1363,.T.);
#1361 = VERTEX_POINT('',#1362);
#1362 = CARTESIAN_POINT('',(2.485274613213,-11.73982155302,0.));
#1363 = B_SPLINE_CURVE_WITH_KNOTS('',1,(#1364,#1365),.UNSPECIFIED.,.F.,
  .F.,(2,2),(0.,0.817838177277),.PIECEWISE_BEZIER_KNOTS.);
#1364 = CARTESIAN_POINT('',(1.679861235521,-11.88183766213,0.));
#1365 = CARTESIAN_POINT('',(2.485274613213,-11.73982155302,0.));
#1366 = ORIENTED_EDGE('',*,*,#1367,.T.);
#1367 = EDGE_CURVE('',#1361,#1368,#1370,.T.);
#1368 = VERTEX_POINT('',#1369);
#1369 = CARTESIAN_POINT('',(2.772480369669,-9.76263614617,0.));
#1370 = B_SPLINE_CURVE_WITH_KNOTS('',3,(#1371,#1372,#1373,#1374,#1375,
    #1376,#1377,#1378,#1379,#1380,#1381,#1382,#1383,#1384,#1385,#1386,
    #1387,#1388,#1389,#1390,#1391,#1392),.UNSPECIFIED.,.F.,.F.,(4,1,1,1,
    1,1,1,1,1,1,1,1,1,1,1,1,1,1,1,4),(0.,0.207044776933,0.402897944561,
    0.587559502897,0.761029451963,0.923307791781,1.074394522378,
    1.214289643791,1.342993156064,1.460505059252,1.566825353431,
    1.661954038703,1.745891115208,1.818636583153,1.880190442858,
    1.930552694856,1.969723340137,1.997702380876,2.014489823605,
    2.020085714038),.UNSPECIFIED.);
#1371 = CARTESIAN_POINT('',(2.485274613213,-11.73982155302,0.));
#1372 = CARTESIAN_POINT('',(2.509211059405,-11.67509088697,0.));
#1373 = CARTESIAN_POINT('',(2.553774596443,-11.54836932753,0.));
#1374 = CARTESIAN_POINT('',(2.612581009623,-11.36151736913,0.));
#1375 = CARTESIAN_POINT('',(2.662155842653,-11.1835991194,0.));
#1376 = CARTESIAN_POINT('',(2.703155685262,-11.01501130435,0.));
#1377 = CARTESIAN_POINT('',(2.736258876528,-10.85611475774,0.));
#1378 = CARTESIAN_POINT('',(2.762156397767,-10.70723596563,0.));
#1379 = CARTESIAN_POINT('',(2.781552153532,-10.56866601851,0.));
#1380 = CARTESIAN_POINT('',(2.795160942369,-10.44066027606,0.));
#1381 = CARTESIAN_POINT('',(2.803706952357,-10.32343794558,0.));
#1382 = CARTESIAN_POINT('',(2.807922157456,-10.21718175114,0.));
#1383 = CARTESIAN_POINT('',(2.808544576079,-10.12203770671,0.));
#1384 = CARTESIAN_POINT('',(2.806317010491,-10.03811481647,0.));
#1385 = CARTESIAN_POINT('',(2.801984230299,-9.965485287913,0.));
#1386 = CARTESIAN_POINT('',(2.796294818959,-9.904183474518,0.));
#1387 = CARTESIAN_POINT('',(2.78998932957,-9.854208813335,0.));
#1388 = CARTESIAN_POINT('',(2.783826436263,-9.815517932745,0.));
#1389 = CARTESIAN_POINT('',(2.778509732843,-9.788045324755,0.));
#1390 = CARTESIAN_POINT('',(2.774844055061,-9.77165823742,0.));
#1391 = CARTESIAN_POINT('',(2.772966118433,-9.764437305196,0.));
#1392 = CARTESIAN_POINT('',(2.772480369669,-9.76263614617,0.));
#1393 = ORIENTED_EDGE('',*,*,#1394,.T.);
#1394 = EDGE_CURVE('',#1368,#1395,#1397,.T.);
#1395 = VERTEX_POINT('',#1396);
#1396 = CARTESIAN_POINT('',(2.540632541801,-8.946238667034,0.));
#1397 = B_SPLINE_CURVE_WITH_KNOTS('',1,(#1398,#1399),.UNSPECIFIED.,.F.,
  .F.,(2,2),(0.,0.848680304488),.PIECEWISE_BEZIER_KNOTS.);
#1398 = CARTESIAN_POINT('',(2.772480369669,-9.76263614617,0.));
#1399 = CARTESIAN_POINT('',(2.540632541801,-8.946238667034,0.));
#1400 = ORIENTED_EDGE('',*,*,#1401,.T.);
#1401 = EDGE_CURVE('',#1395,#1402,#1404,.T.);
#1402 = VERTEX_POINT('',#1403);
#1403 = CARTESIAN_POINT('',(3.804293927814,-8.486303536334,0.));
#1404 = B_SPLINE_CURVE_WITH_KNOTS('',1,(#1405,#1406),.UNSPECIFIED.,.F.,
  .F.,(2,2),(0.,1.344760358931),.PIECEWISE_BEZIER_KNOTS.);
#1405 = CARTESIAN_POINT('',(2.540632541801,-8.946238667034,0.));
#1406 = CARTESIAN_POINT('',(3.804293927814,-8.486303536334,0.));
#1407 = ORIENTED_EDGE('',*,*,#1408,.T.);
#1408 = EDGE_CURVE('',#1402,#1409,#1411,.T.);
#1409 = VERTEX_POINT('',#1410);
#1410 = CARTESIAN_POINT('',(4.151458371795,-9.260729199688,0.));
#1411 = B_SPLINE_CURVE_WITH_KNOTS('',1,(#1412,#1413),.UNSPECIFIED.,.F.,
  .F.,(2,2),(0.,0.848680304488),.PIECEWISE_BEZIER_KNOTS.);
#1412 = CARTESIAN_POINT('',(3.804293927814,-8.486303536334,0.));
#1413 = CARTESIAN_POINT('',(4.151458371795,-9.260729199688,0.));
#1414 = ORIENTED_EDGE('',*,*,#1415,.T.);
#1415 = EDGE_CURVE('',#1409,#1416,#1418,.T.);
#1416 = VERTEX_POINT('',#1417);
#1417 = CARTESIAN_POINT('',(5.64238102714,-10.59072879194,0.));
#1418 = B_SPLINE_CURVE_WITH_KNOTS('',3,(#1419,#1420,#1421,#1422,#1423,
    #1424,#1425,#1426,#1427,#1428,#1429,#1430,#1431,#1432,#1433,#1434,
    #1435,#1436,#1437,#1438,#1439,#1440),.UNSPECIFIED.,.F.,.F.,(4,1,1,1,
    1,1,1,1,1,1,1,1,1,1,1,1,1,1,1,4),(0.,5.595890432166E-03,
    2.238333316142E-02,5.036237390098E-02,8.953301918139E-02,
    0.139895271179,0.201449130885,0.27419459883,0.358131675335,
    0.453260360606,0.559580654786,0.677092557974,0.805796070246,
    0.945691191659,1.096777922257,1.259056262075,1.43252621114,
    1.617187769477,1.813040937104,2.020085714038),.UNSPECIFIED.);
#1419 = CARTESIAN_POINT('',(4.151458371795,-9.260729199688,0.));
#1420 = CARTESIAN_POINT('',(4.152244029358,-9.262421200838,0.));
#1421 = CARTESIAN_POINT('',(4.155446972203,-9.269159870239,0.));
#1422 = CARTESIAN_POINT('',(4.163172316806,-9.28406935969,0.));
#1423 = CARTESIAN_POINT('',(4.176758537718,-9.308532109462,0.));
#1424 = CARTESIAN_POINT('',(4.196907506198,-9.342132474995,0.));
#1425 = CARTESIAN_POINT('',(4.224200314097,-9.384468376943,0.));
#1426 = CARTESIAN_POINT('',(4.259246018257,-9.435085373563,0.));
#1427 = CARTESIAN_POINT('',(4.302612277123,-9.493507877746,0.));
#1428 = CARTESIAN_POINT('',(4.354850456896,-9.559228393022,0.));
#1429 = CARTESIAN_POINT('',(4.416484670123,-9.63171287658,0.));
#1430 = CARTESIAN_POINT('',(4.4880138698,-9.710400362262,0.));
#1431 = CARTESIAN_POINT('',(4.569909554877,-9.794704607807,0.));
#1432 = CARTESIAN_POINT('',(4.662614997156,-9.884015134649,0.));
#1433 = CARTESIAN_POINT('',(4.766544053165,-9.977698521139,0.));
#1434 = CARTESIAN_POINT('',(4.882080148312,-10.07509968675,0.));
#1435 = CARTESIAN_POINT('',(5.009575395417,-10.17554318213,0.));
#1436 = CARTESIAN_POINT('',(5.149349255674,-10.2783347502,0.));
#1437 = CARTESIAN_POINT('',(5.301689427499,-10.38276194831,0.));
#1438 = CARTESIAN_POINT('',(5.466843877237,-10.48809881896,0.));
#1439 = CARTESIAN_POINT('',(5.582436575442,-10.55652827595,0.));
#1440 = CARTESIAN_POINT('',(5.64238102714,-10.59072879194,0.));
#1441 = ORIENTED_EDGE('',*,*,#1442,.T.);
#1442 = EDGE_CURVE('',#1416,#1443,#1445,.T.);
#1443 = VERTEX_POINT('',#1444);
#1444 = CARTESIAN_POINT('',(6.350649664847,-10.1818097033,0.));
#1445 = B_SPLINE_CURVE_WITH_KNOTS('',1,(#1446,#1447),.UNSPECIFIED.,.F.,
  .F.,(2,2),(0.,0.817838177277),.PIECEWISE_BEZIER_KNOTS.);
#1446 = CARTESIAN_POINT('',(5.64238102714,-10.59072879194,0.));
#1447 = CARTESIAN_POINT('',(6.350649664847,-10.1818097033,0.));
#1448 = ORIENTED_EDGE('',*,*,#1449,.T.);
#1449 = EDGE_CURVE('',#1443,#1450,#1452,.T.);
#1450 = VERTEX_POINT('',#1451);
#1451 = CARTESIAN_POINT('',(5.944297558601,-8.225633012572,0.));
#1452 = B_SPLINE_CURVE_WITH_KNOTS('',3,(#1453,#1454,#1455,#1456,#1457,
    #1458,#1459,#1460,#1461,#1462,#1463,#1464,#1465,#1466,#1467,#1468,
    #1469,#1470,#1471,#1472,#1473,#1474),.UNSPECIFIED.,.F.,.F.,(4,1,1,1,
    1,1,1,1,1,1,1,1,1,1,1,1,1,1,1,4),(0.,0.207044776933,0.402897944561,
    0.587559502897,0.761029451963,0.923307791781,1.074394522378,
    1.214289643791,1.342993156064,1.460505059252,1.566825353431,
    1.661954038703,1.745891115208,1.818636583153,1.880190442858,
    1.930552694856,1.969723340137,1.997702380876,2.014489823605,
    2.020085714038),.UNSPECIFIED.);
#1453 = CARTESIAN_POINT('',(6.350649664847,-10.1818097033,0.));
#1454 = CARTESIAN_POINT('',(6.35100337502,-10.11279602732,0.));
#1455 = CARTESIAN_POINT('',(6.349538076008,-9.978475085694,0.));
#1456 = CARTESIAN_POINT('',(6.340890894937,-9.782778701346,0.));
#1457 = CARTESIAN_POINT('',(6.326624374439,-9.598634643473,0.));
#1458 = CARTESIAN_POINT('',(6.307491195326,-9.426191145672,0.));
#1459 = CARTESIAN_POINT('',(6.284252200235,-9.265555275128,0.));
#1460 = CARTESIAN_POINT('',(6.257668364026,-9.116797498868,0.));
#1461 = CARTESIAN_POINT('',(6.228500699418,-8.979950602928,0.));
#1462 = CARTESIAN_POINT('',(6.197508235487,-8.855010071424,0.));
#1463 = CARTESIAN_POINT('',(6.165446459737,-8.741934204915,0.));
#1464 = CARTESIAN_POINT('',(6.133065698015,-8.640644358041,0.));
#1465 = CARTESIAN_POINT('',(6.101109400487,-8.551025321865,0.));
#1466 = CARTESIAN_POINT('',(6.070312854594,-8.472925473496,0.));
#1467 = CARTESIAN_POINT('',(6.041400611252,-8.406157939559,0.));
#1468 = CARTESIAN_POINT('',(6.015087858396,-8.350498971153,0.));
#1469 = CARTESIAN_POINT('',(5.992070295766,-8.305694755198,0.));
#1470 = CARTESIAN_POINT('',(5.973046009878,-8.271445053868,0.));
#1471 = CARTESIAN_POINT('',(5.958653757585,-8.247447666531,0.));
#1472 = CARTESIAN_POINT('',(5.949604433265,-8.233302577127,0.));
#1473 = CARTESIAN_POINT('',(5.945370045799,-8.227159412555,0.));
#1474 = CARTESIAN_POINT('',(5.944297558601,-8.225633012572,0.));
#1475 = ORIENTED_EDGE('',*,*,#1476,.T.);
#1476 = EDGE_CURVE('',#1450,#1477,#1479,.T.);
#1477 = VERTEX_POINT('',#1478);
#1478 = CARTESIAN_POINT('',(5.447207482784,-7.537766953117,0.));
#1479 = B_SPLINE_CURVE_WITH_KNOTS('',1,(#1480,#1481),.UNSPECIFIED.,.F.,
  .F.,(2,2),(0.,0.848680304488),.PIECEWISE_BEZIER_KNOTS.);
#1480 = CARTESIAN_POINT('',(5.944297558601,-8.225633012572,0.));
#1481 = CARTESIAN_POINT('',(5.447207482784,-7.537766953117,0.));
#1482 = ORIENTED_EDGE('',*,*,#1483,.T.);
#1483 = EDGE_CURVE('',#1477,#1484,#1486,.T.);
#1484 = VERTEX_POINT('',#1485);
#1485 = CARTESIAN_POINT('',(6.47735368307,-6.673371656399,0.));
#1486 = B_SPLINE_CURVE_WITH_KNOTS('',1,(#1487,#1488),.UNSPECIFIED.,.F.,
  .F.,(2,2),(0.,1.344760358931),.PIECEWISE_BEZIER_KNOTS.);
#1487 = CARTESIAN_POINT('',(5.447207482784,-7.537766953117,0.));
#1488 = CARTESIAN_POINT('',(6.47735368307,-6.673371656399,0.));
#1489 = ORIENTED_EDGE('',*,*,#1490,.T.);
#1490 = EDGE_CURVE('',#1484,#1491,#1493,.T.);
#1491 = VERTEX_POINT('',#1492);
#1492 = CARTESIAN_POINT('',(7.068450725653,-7.282356504712,0.));
#1493 = B_SPLINE_CURVE_WITH_KNOTS('',1,(#1494,#1495),.UNSPECIFIED.,.F.,
  .F.,(2,2),(0.,0.848680304488),.PIECEWISE_BEZIER_KNOTS.);
#1494 = CARTESIAN_POINT('',(6.47735368307,-6.673371656399,0.));
#1495 = CARTESIAN_POINT('',(7.068450725653,-7.282356504712,0.));
#1496 = ORIENTED_EDGE('',*,*,#1497,.T.);
#1497 = EDGE_CURVE('',#1491,#1498,#1500,.T.);
#1498 = VERTEX_POINT('',#1499);
#1499 = CARTESIAN_POINT('',(8.924346394211,-8.022221726937,0.));
#1500 = B_SPLINE_CURVE_WITH_KNOTS('',3,(#1501,#1502,#1503,#1504,#1505,
    #1506,#1507,#1508,#1509,#1510,#1511,#1512,#1513,#1514,#1515,#1516,
    #1517,#1518,#1519,#1520,#1521,#1522),.UNSPECIFIED.,.F.,.F.,(4,1,1,1,
    1,1,1,1,1,1,1,1,1,1,1,1,1,1,1,4),(0.,5.595890432166E-03,
    2.238333316142E-02,5.036237390098E-02,8.953301918139E-02,
    0.139895271179,0.201449130885,0.27419459883,0.358131675335,
    0.453260360606,0.559580654786,0.677092557974,0.805796070246,
    0.945691191659,1.096777922257,1.259056262075,1.43252621114,
    1.617187769477,1.813040937104,2.020085714038),.UNSPECIFIED.);
#1501 = CARTESIAN_POINT('',(7.068450725653,-7.282356504712,0.));
#1502 = CARTESIAN_POINT('',(7.069767700743,-7.283677754995,0.));
#1503 = CARTESIAN_POINT('',(7.075082243174,-7.288914561933,0.));
#1504 = CARTESIAN_POINT('',(7.08744103821,-7.300282675682,0.));
#1505 = CARTESIAN_POINT('',(7.108574662928,-7.318623379903,0.));
#1506 = CARTESIAN_POINT('',(7.13900050176,-7.343306042363,0.));
#1507 = CARTESIAN_POINT('',(7.179127083195,-7.373754086948,0.));
#1508 = CARTESIAN_POINT('',(7.229371305223,-7.409332168399,0.));
#1509 = CARTESIAN_POINT('',(7.290103931925,-7.449399230394,0.));
#1510 = CARTESIAN_POINT('',(7.361669504035,-7.4932898039,0.));
#1511 = CARTESIAN_POINT('',(7.444377872848,-7.54032279578,0.));
#1512 = CARTESIAN_POINT('',(7.538506039086,-7.589800418298,0.));
#1513 = CARTESIAN_POINT('',(7.644296560171,-7.64101052179,0.));
#1514 = CARTESIAN_POINT('',(7.761957179379,-7.693227836166,0.));
#1515 = CARTESIAN_POINT('',(7.89166015167,-7.745715592509,0.));
#1516 = CARTESIAN_POINT('',(8.033541728339,-7.797727077274,0.));
#1517 = CARTESIAN_POINT('',(8.187701769914,-7.848507145999,0.));
#1518 = CARTESIAN_POINT('',(8.354203021819,-7.897294148274,0.));
#1519 = CARTESIAN_POINT('',(8.533072162398,-7.943320208346,0.));
#1520 = CARTESIAN_POINT('',(8.724293911705,-7.985818339824,0.));
#1521 = CARTESIAN_POINT('',(8.85631976991,-8.010585964388,0.));
#1522 = CARTESIAN_POINT('',(8.924346394211,-8.022221726937,0.));
#1523 = ORIENTED_EDGE('',*,*,#1524,.T.);
#1524 = EDGE_CURVE('',#1498,#1525,#1527,.T.);
#1525 = VERTEX_POINT('',#1526);
#1526 = CARTESIAN_POINT('',(9.450042641293,-7.395721335863,0.));
#1527 = B_SPLINE_CURVE_WITH_KNOTS('',1,(#1528,#1529),.UNSPECIFIED.,.F.,
  .F.,(2,2),(0.,0.817838177277),.PIECEWISE_BEZIER_KNOTS.);
#1528 = CARTESIAN_POINT('',(8.924346394211,-8.022221726937,0.));
#1529 = CARTESIAN_POINT('',(9.450042641293,-7.395721335863,0.));
#1530 = ORIENTED_EDGE('',*,*,#1531,.T.);
#1531 = EDGE_CURVE('',#1525,#1532,#1534,.T.);
#1532 = VERTEX_POINT('',#1533);
#1533 = CARTESIAN_POINT('',(8.399144733477,-5.696497140244,0.));
#1534 = B_SPLINE_CURVE_WITH_KNOTS('',3,(#1535,#1536,#1537,#1538,#1539,
    #1540,#1541,#1542,#1543,#1544,#1545,#1546,#1547,#1548,#1549,#1550,
    #1551,#1552,#1553,#1554,#1555,#1556),.UNSPECIFIED.,.F.,.F.,(4,1,1,1,
    1,1,1,1,1,1,1,1,1,1,1,1,1,1,1,4),(0.,0.207044776933,0.402897944561,
    0.587559502897,0.761029451963,0.923307791781,1.074394522378,
    1.214289643791,1.342993156064,1.460505059252,1.566825353431,
    1.661954038703,1.745891115208,1.818636583153,1.880190442858,
    1.930552694856,1.969723340137,1.997702380876,2.014489823605,
    2.020085714038),.UNSPECIFIED.);
#1535 = CARTESIAN_POINT('',(9.450042641293,-7.395721335863,0.));
#1536 = CARTESIAN_POINT('',(9.426770952781,-7.330748717802,0.));
#1537 = CARTESIAN_POINT('',(9.379453554404,-7.205029481914,0.));
#1538 = CARTESIAN_POINT('',(9.304395756738,-7.024092543738,0.));
#1539 = CARTESIAN_POINT('',(9.228008635636,-6.855933168778,0.));
#1540 = CARTESIAN_POINT('',(9.151050178578,-6.700433219055,0.));
#1541 = CARTESIAN_POINT('',(9.07427196291,-6.557433081303,0.));
#1542 = CARTESIAN_POINT('',(8.998413172234,-6.426738704137,0.));
#1543 = CARTESIAN_POINT('',(8.924200138074,-6.308120614674,0.));
#1544 = CARTESIAN_POINT('',(8.852344569926,-6.201314966139,0.));
#1545 = CARTESIAN_POINT('',(8.783542131774,-6.106024181929,0.));
#1546 = CARTESIAN_POINT('',(8.718471000983,-6.021917733026,0.));
#1547 = CARTESIAN_POINT('',(8.65779038841,-5.94863308351,0.));
#1548 = CARTESIAN_POINT('',(8.602139380157,-5.885776271353,0.));
#1549 = CARTESIAN_POINT('',(8.552134916911,-5.832923882017,0.));
#1550 = CARTESIAN_POINT('',(8.508372528868,-5.789621051628,0.));
#1551 = CARTESIAN_POINT('',(8.471419150754,-5.755391330584,0.));
#1552 = CARTESIAN_POINT('',(8.441828081931,-5.729713827967,0.));
#1553 = CARTESIAN_POINT('',(8.420096198799,-5.71208610036,0.));
#1554 = CARTESIAN_POINT('',(8.406754710006,-5.701889115427,0.));
#1555 = CARTESIAN_POINT('',(8.400674601324,-5.697564674819,0.));
#1556 = CARTESIAN_POINT('',(8.399144733477,-5.696497140244,0.));
#1557 = ORIENTED_EDGE('',*,*,#1558,.T.);
#1558 = EDGE_CURVE('',#1532,#1559,#1561,.T.);
#1559 = VERTEX_POINT('',#1560);
#1560 = CARTESIAN_POINT('',(7.696768809122,-5.220129299061,0.));
#1561 = B_SPLINE_CURVE_WITH_KNOTS('',1,(#1562,#1563),.UNSPECIFIED.,.F.,
  .F.,(2,2),(0.,0.848680304488),.PIECEWISE_BEZIER_KNOTS.);
#1562 = CARTESIAN_POINT('',(8.399144733477,-5.696497140244,0.));
#1563 = CARTESIAN_POINT('',(7.696768809122,-5.220129299061,0.));
#1564 = ORIENTED_EDGE('',*,*,#1565,.T.);
#1565 = EDGE_CURVE('',#1559,#1566,#1568,.T.);
#1566 = VERTEX_POINT('',#1567);
#1567 = CARTESIAN_POINT('',(8.369148988588,-4.055532666225,0.));
#1568 = B_SPLINE_CURVE_WITH_KNOTS('',1,(#1569,#1570),.UNSPECIFIED.,.F.,
  .F.,(2,2),(0.,1.344760358931),.PIECEWISE_BEZIER_KNOTS.);
#1569 = CARTESIAN_POINT('',(7.696768809122,-5.220129299061,0.));
#1570 = CARTESIAN_POINT('',(8.369148988588,-4.055532666225,0.));
#1571 = ORIENTED_EDGE('',*,*,#1572,.T.);
#1572 = EDGE_CURVE('',#1566,#1573,#1575,.T.);
#1573 = VERTEX_POINT('',#1574);
#1574 = CARTESIAN_POINT('',(9.132883602775,-4.425624139132,0.));
#1575 = B_SPLINE_CURVE_WITH_KNOTS('',1,(#1576,#1577),.UNSPECIFIED.,.F.,
  .F.,(2,2),(0.,0.848680304488),.PIECEWISE_BEZIER_KNOTS.);
#1576 = CARTESIAN_POINT('',(8.369148988588,-4.055532666225,0.));
#1577 = CARTESIAN_POINT('',(9.132883602775,-4.425624139132,0.));
#1578 = ORIENTED_EDGE('',*,*,#1579,.T.);
#1579 = EDGE_CURVE('',#1573,#1580,#1582,.T.);
#1580 = VERTEX_POINT('',#1581);
#1581 = CARTESIAN_POINT('',(11.129903876814,-4.486116326275,0.));
#1582 = B_SPLINE_CURVE_WITH_KNOTS('',3,(#1583,#1584,#1585,#1586,#1587,
    #1588,#1589,#1590,#1591,#1592,#1593,#1594,#1595,#1596,#1597,#1598,
    #1599,#1600,#1601,#1602,#1603,#1604),.UNSPECIFIED.,.F.,.F.,(4,1,1,1,
    1,1,1,1,1,1,1,1,1,1,1,1,1,1,1,4),(0.,5.595890432166E-03,
    2.238333316142E-02,5.036237390098E-02,8.953301918139E-02,
    0.139895271179,0.201449130885,0.27419459883,0.358131675335,
    0.453260360606,0.559580654786,0.677092557974,0.805796070246,
    0.945691191659,1.096777922257,1.259056262075,1.43252621114,
    1.617187769477,1.813040937104,2.020085714038),.UNSPECIFIED.);
#1583 = CARTESIAN_POINT('',(9.132883602775,-4.425624139132,0.));
#1584 = CARTESIAN_POINT('',(9.13457304876,-4.426415276263,0.));
#1585 = CARTESIAN_POINT('',(9.141358178525,-4.429518584536,0.));
#1586 = CARTESIAN_POINT('',(9.156859770915,-4.435974160289,0.));
#1587 = CARTESIAN_POINT('',(9.1829917724,-4.44598065935,0.));
#1588 = CARTESIAN_POINT('',(9.220024676384,-4.458768525367,0.));
#1589 = CARTESIAN_POINT('',(9.268145173429,-4.473656229048,0.));
#1590 = CARTESIAN_POINT('',(9.327527718623,-4.489904153629,0.));
#1591 = CARTESIAN_POINT('',(9.398301462062,-4.506783094434,0.));
#1592 = CARTESIAN_POINT('',(9.480562562317,-4.523549875249,0.));
#1593 = CARTESIAN_POINT('',(9.574369236792,-4.539458502496,0.));
#1594 = CARTESIAN_POINT('',(9.679743123559,-4.553758530363,0.));
#1595 = CARTESIAN_POINT('',(9.796668582508,-4.56569779754,0.));
#1596 = CARTESIAN_POINT('',(9.925092771481,-4.574523720691,0.));
#1597 = CARTESIAN_POINT('',(10.064925567384,-4.579485048835,0.));
#1598 = CARTESIAN_POINT('',(10.21603961348,-4.579833500078,0.));
#1599 = CARTESIAN_POINT('',(10.378270473351,-4.574825316427,0.));
#1600 = CARTESIAN_POINT('',(10.551416608629,-4.563723320414,0.));
#1601 = CARTESIAN_POINT('',(10.735240459779,-4.545796820331,0.));
#1602 = CARTESIAN_POINT('',(10.929465343556,-4.520330310773,0.));
#1603 = CARTESIAN_POINT('',(11.062000094767,-4.498448761864,0.));
#1604 = CARTESIAN_POINT('',(11.129903876814,-4.486116326275,0.));
#1605 = ORIENTED_EDGE('',*,*,#1606,.T.);
#1606 = EDGE_CURVE('',#1580,#1607,#1609,.T.);
#1607 = VERTEX_POINT('',#1608);
#1608 = CARTESIAN_POINT('',(11.409621007424,-3.71759982609,0.));
#1609 = B_SPLINE_CURVE_WITH_KNOTS('',1,(#1610,#1611),.UNSPECIFIED.,.F.,
  .F.,(2,2),(0.,0.817838177277),.PIECEWISE_BEZIER_KNOTS.);
#1610 = CARTESIAN_POINT('',(11.129903876814,-4.486116326275,0.));
#1611 = CARTESIAN_POINT('',(11.409621007424,-3.71759982609,0.));
#1612 = ORIENTED_EDGE('',*,*,#1613,.T.);
#1613 = EDGE_CURVE('',#1607,#1614,#1616,.T.);
#1614 = VERTEX_POINT('',#1615);
#1615 = CARTESIAN_POINT('',(9.840931095322,-2.480279641458,0.));
#1616 = B_SPLINE_CURVE_WITH_KNOTS('',3,(#1617,#1618,#1619,#1620,#1621,
    #1622,#1623,#1624,#1625,#1626,#1627,#1628,#1629,#1630,#1631,#1632,
    #1633,#1634,#1635,#1636,#1637,#1638),.UNSPECIFIED.,.F.,.F.,(4,1,1,1,
    1,1,1,1,1,1,1,1,1,1,1,1,1,1,1,4),(0.,0.207044776933,0.402897944561,
    0.587559502897,0.761029451963,0.923307791781,1.074394522378,
    1.214289643791,1.342993156064,1.460505059252,1.566825353431,
    1.661954038703,1.745891115208,1.818636583153,1.880190442858,
    1.930552694856,1.969723340137,1.997702380876,2.014489823605,
    2.020085714038),.UNSPECIFIED.);
#1617 = CARTESIAN_POINT('',(11.409621007424,-3.71759982609,0.));
#1618 = CARTESIAN_POINT('',(11.365530829314,-3.664504922586,0.));
#1619 = CARTESIAN_POINT('',(11.278068508148,-3.562550987706,0.));
#1620 = CARTESIAN_POINT('',(11.145653172021,-3.418197160789,0.));
#1621 = CARTESIAN_POINT('',(11.016358864473,-3.286304971132,0.));
#1622 = CARTESIAN_POINT('',(10.890857455176,-3.166504158357,0.));
#1623 = CARTESIAN_POINT('',(10.769800604867,-3.058387680467,0.));
#1624 = CARTESIAN_POINT('',(10.653816549437,-2.961520373125,0.));
#1625 = CARTESIAN_POINT('',(10.543509332911,-2.875438182346,0.));
#1626 = CARTESIAN_POINT('',(10.43945750254,-2.799649754275,0.));
#1627 = CARTESIAN_POINT('',(10.342212991443,-2.733637527282,0.));
#1628 = CARTESIAN_POINT('',(10.252300030304,-2.676858955367,0.));
#1629 = CARTESIAN_POINT('',(10.170214080114,-2.628747902809,0.));
#1630 = CARTESIAN_POINT('',(10.096420942416,-2.588715586079,0.));
#1631 = CARTESIAN_POINT('',(10.031355535522,-2.556153119514,0.));
#1632 = CARTESIAN_POINT('',(9.975421902154,-2.53042938757,0.));
#1633 = CARTESIAN_POINT('',(9.92898983133,-2.510902770973,0.));
#1634 = CARTESIAN_POINT('',(9.89240109919,-2.496894552843,0.));
#1635 = CARTESIAN_POINT('',(9.865950771052,-2.487762649073,0.));
#1636 = CARTESIAN_POINT('',(9.849926298236,-2.482743675486,0.));
#1637 = CARTESIAN_POINT('',(9.842733819177,-2.480759550201,0.));
#1638 = CARTESIAN_POINT('',(9.840931095322,-2.480279641458,0.));
#1639 = ORIENTED_EDGE('',*,*,#1640,.T.);
#1640 = EDGE_CURVE('',#1614,#1641,#1643,.T.);
#1641 = VERTEX_POINT('',#1642);
#1642 = CARTESIAN_POINT('',(9.017986224871,-2.272867010636,0.));
#1643 = B_SPLINE_CURVE_WITH_KNOTS('',1,(#1644,#1645),.UNSPECIFIED.,.F.,
  .F.,(2,2),(0.,0.848680304488),.PIECEWISE_BEZIER_KNOTS.);
#1644 = CARTESIAN_POINT('',(9.840931095322,-2.480279641458,0.));
#1645 = CARTESIAN_POINT('',(9.017986224871,-2.272867010636,0.));
#1646 = ORIENTED_EDGE('',*,*,#1647,.T.);
#1647 = EDGE_CURVE('',#1641,#1648,#1650,.T.);
#1648 = VERTEX_POINT('',#1649);
#1649 = CARTESIAN_POINT('',(9.251501410598,-0.948536583217,0.));
#1650 = B_SPLINE_CURVE_WITH_KNOTS('',1,(#1651,#1652),.UNSPECIFIED.,.F.,
  .F.,(2,2),(0.,1.344760358931),.PIECEWISE_BEZIER_KNOTS.);
#1651 = CARTESIAN_POINT('',(9.017986224871,-2.272867010636,0.));
#1652 = CARTESIAN_POINT('',(9.251501410598,-0.948536583217,0.));
#1653 = ORIENTED_EDGE('',*,*,#1654,.T.);
#1654 = EDGE_CURVE('',#1648,#62,#1655,.T.);
#1655 = B_SPLINE_CURVE_WITH_KNOTS('',1,(#1656,#1657),.UNSPECIFIED.,.F.,
  .F.,(2,2),(0.,0.848680304488),.PIECEWISE_BEZIER_KNOTS.);
#1656 = CARTESIAN_POINT('',(9.251501410598,-0.948536583217,0.));
#1657 = CARTESIAN_POINT('',(10.095755930396,-1.035096187116,0.));
#1658 = ORIENTED_EDGE('',*,*,#97,.T.);
#1659 = FACE_BOUND('',#1660,.F.);
#1660 = EDGE_LOOP('',(#1661));
#1661 = ORIENTED_EDGE('',*,*,#1662,.T.);
#1662 = EDGE_CURVE('',#1663,#1663,#1665,.T.);
#1663 = VERTEX_POINT('',#1664);
#1664 = CARTESIAN_POINT('',(5.,0.,0.));
#1665 = CIRCLE('',#1666,5.);
#1666 = AXIS2_PLACEMENT_3D('',#1667,#1668,#1669);
#1667 = CARTESIAN_POINT('',(0.,0.,0.));
#1668 = DIRECTION('',(0.,0.,-1.));
#1669 = DIRECTION('',(1.,0.,0.));
#1670 = PLANE('',#1671);
#1671 = AXIS2_PLACEMENT_3D('',#1672,#1673,#1674);
#1672 = CARTESIAN_POINT('',(-4.334938721823E-15,-3.241835420987E-15,0.)
  );
#1673 = DIRECTION('',(0.,0.,1.));
#1674 = DIRECTION('',(1.,0.,0.));
#1675 = ADVANCED_FACE('',(#1676,#3097),#3108,.T.);
#1676 = FACE_BOUND('',#1677,.T.);
#1677 = EDGE_LOOP('',(#1678,#1679,#1680,#1688,#1696,#1704,#1731,#1738,
    #1765,#1772,#1779,#1786,#1813,#1820,#1847,#1854,#1861,#1868,#1895,
    #1902,#1929,#1936,#1943,#1950,#1977,#1984,#2011,#2018,#2025,#2032,
    #2059,#2066,#2093,#2100,#2107,#2114,#2141,#2148,#2175,#2182,#2189,
    #2196,#2223,#2230,#2257,#2264,#2271,#2278,#2305,#2312,#2339,#2346,
    #2353,#2360,#2387,#2394,#2421,#2428,#2435,#2442,#2469,#2476,#2503,
    #2510,#2517,#2524,#2551,#2558,#2585,#2592,#2599,#2606,#2633,#2640,
    #2667,#2674,#2681,#2688,#2715,#2722,#2749,#2756,#2763,#2770,#2797,
    #2804,#2831,#2838,#2845,#2852,#2879,#2886,#2913,#2920,#2927,#2934,
    #2961,#2968,#2995,#3002,#3009,#3016,#3043,#3050,#3077,#3084,#3091,
    #3096));
#1678 = ORIENTED_EDGE('',*,*,#31,.T.);
#1679 = ORIENTED_EDGE('',*,*,#152,.T.);
#1680 = ORIENTED_EDGE('',*,*,#1681,.T.);
#1681 = EDGE_CURVE('',#153,#1682,#1684,.T.);
#1682 = VERTEX_POINT('',#1683);
#1683 = CARTESIAN_POINT('',(9.251501410598,0.948536583217,10.));
#1684 = LINE('',#1685,#1686);
#1685 = CARTESIAN_POINT('',(10.095755930396,1.035096187116,10.));
#1686 = VECTOR('',#1687,1.);
#1687 = DIRECTION('',(-0.994785097914,-0.101993180991,0.));
#1688 = ORIENTED_EDGE('',*,*,#1689,.T.);
#1689 = EDGE_CURVE('',#1682,#1690,#1692,.T.);
#1690 = VERTEX_POINT('',#1691);
#1691 = CARTESIAN_POINT('',(9.017986224871,2.272867010636,10.));
#1692 = LINE('',#1693,#1694);
#1693 = CARTESIAN_POINT('',(9.251501410598,0.948536583217,10.));
#1694 = VECTOR('',#1695,1.);
#1695 = DIRECTION('',(-0.173648177667,0.984807753012,0.));
#1696 = ORIENTED_EDGE('',*,*,#1697,.T.);
#1697 = EDGE_CURVE('',#1690,#1698,#1700,.T.);
#1698 = VERTEX_POINT('',#1699);
#1699 = CARTESIAN_POINT('',(9.840931095322,2.480279641458,10.));
#1700 = LINE('',#1701,#1702);
#1701 = CARTESIAN_POINT('',(9.017986224871,2.272867010636,10.));
#1702 = VECTOR('',#1703,1.);
#1703 = DIRECTION('',(0.969675938158,0.244394302219,0.));
#1704 = ORIENTED_EDGE('',*,*,#1705,.T.);
#1705 = EDGE_CURVE('',#1698,#1706,#1708,.T.);
#1706 = VERTEX_POINT('',#1707);
#1707 = CARTESIAN_POINT('',(11.409621007424,3.71759982609,10.));
#1708 = B_SPLINE_CURVE_WITH_KNOTS('',3,(#1709,#1710,#1711,#1712,#1713,
    #1714,#1715,#1716,#1717,#1718,#1719,#1720,#1721,#1722,#1723,#1724,
    #1725,#1726,#1727,#1728,#1729,#1730),.UNSPECIFIED.,.F.,.F.,(4,1,1,1,
    1,1,1,1,1,1,1,1,1,1,1,1,1,1,1,4),(0.,5.595890432166E-03,
    2.238333316142E-02,5.036237390098E-02,8.953301918139E-02,
    0.139895271179,0.201449130885,0.27419459883,0.358131675335,
    0.453260360606,0.559580654786,0.677092557974,0.805796070246,
    0.945691191659,1.096777922257,1.259056262075,1.43252621114,
    1.617187769477,1.813040937104,2.020085714038),.UNSPECIFIED.);
#1709 = CARTESIAN_POINT('',(9.840931095322,2.480279641458,10.));
#1710 = CARTESIAN_POINT('',(9.842733819177,2.480759550201,10.));
#1711 = CARTESIAN_POINT('',(9.849926298236,2.482743675486,10.));
#1712 = CARTESIAN_POINT('',(9.865950771052,2.487762649073,10.));
#1713 = CARTESIAN_POINT('',(9.89240109919,2.496894552843,10.));
#1714 = CARTESIAN_POINT('',(9.92898983133,2.510902770973,10.));
#1715 = CARTESIAN_POINT('',(9.975421902154,2.53042938757,10.));
#1716 = CARTESIAN_POINT('',(10.031355535522,2.556153119514,10.));
#1717 = CARTESIAN_POINT('',(10.096420942416,2.588715586079,10.));
#1718 = CARTESIAN_POINT('',(10.170214080114,2.628747902809,10.));
#1719 = CARTESIAN_POINT('',(10.252300030304,2.676858955367,10.));
#1720 = CARTESIAN_POINT('',(10.342212991443,2.733637527282,10.));
#1721 = CARTESIAN_POINT('',(10.43945750254,2.799649754275,10.));
#1722 = CARTESIAN_POINT('',(10.543509332911,2.875438182346,10.));
#1723 = CARTESIAN_POINT('',(10.653816549437,2.961520373125,10.));
#1724 = CARTESIAN_POINT('',(10.769800604867,3.058387680467,10.));
#1725 = CARTESIAN_POINT('',(10.890857455176,3.166504158357,10.));
#1726 = CARTESIAN_POINT('',(11.016358864473,3.286304971132,10.));
#1727 = CARTESIAN_POINT('',(11.145653172021,3.418197160789,10.));
#1728 = CARTESIAN_POINT('',(11.278068508148,3.562550987706,10.));
#1729 = CARTESIAN_POINT('',(11.365530829314,3.664504922586,10.));
#1730 = CARTESIAN_POINT('',(11.409621007424,3.71759982609,10.));
#1731 = ORIENTED_EDGE('',*,*,#1732,.T.);
#1732 = EDGE_CURVE('',#1706,#1733,#1735,.T.);
#1733 = VERTEX_POINT('',#1734);
#1734 = CARTESIAN_POINT('',(11.129903876814,4.486116326275,10.));
#1735 = B_SPLINE_CURVE_WITH_KNOTS('',1,(#1736,#1737),.UNSPECIFIED.,.F.,
  .F.,(2,2),(0.,0.817838177277),.PIECEWISE_BEZIER_KNOTS.);
#1736 = CARTESIAN_POINT('',(11.409621007424,3.71759982609,10.));
#1737 = CARTESIAN_POINT('',(11.129903876814,4.486116326275,10.));
#1738 = ORIENTED_EDGE('',*,*,#1739,.T.);
#1739 = EDGE_CURVE('',#1733,#1740,#1742,.T.);
#1740 = VERTEX_POINT('',#1741);
#1741 = CARTESIAN_POINT('',(9.132883602775,4.425624139132,10.));
#1742 = B_SPLINE_CURVE_WITH_KNOTS('',3,(#1743,#1744,#1745,#1746,#1747,
    #1748,#1749,#1750,#1751,#1752,#1753,#1754,#1755,#1756,#1757,#1758,
    #1759,#1760,#1761,#1762,#1763,#1764),.UNSPECIFIED.,.F.,.F.,(4,1,1,1,
    1,1,1,1,1,1,1,1,1,1,1,1,1,1,1,4),(0.,0.207044776933,0.402897944561,
    0.587559502897,0.761029451963,0.923307791781,1.074394522378,
    1.214289643791,1.342993156064,1.460505059252,1.566825353431,
    1.661954038703,1.745891115208,1.818636583153,1.880190442858,
    1.930552694856,1.969723340137,1.997702380876,2.014489823605,
    2.020085714038),.UNSPECIFIED.);
#1743 = CARTESIAN_POINT('',(11.129903876814,4.486116326275,10.));
#1744 = CARTESIAN_POINT('',(11.062000094767,4.498448761864,10.));
#1745 = CARTESIAN_POINT('',(10.929465343556,4.520330310773,10.));
#1746 = CARTESIAN_POINT('',(10.735240459779,4.545796820331,10.));
#1747 = CARTESIAN_POINT('',(10.551416608629,4.563723320414,10.));
#1748 = CARTESIAN_POINT('',(10.378270473351,4.574825316427,10.));
#1749 = CARTESIAN_POINT('',(10.21603961348,4.579833500078,10.));
#1750 = CARTESIAN_POINT('',(10.064925567384,4.579485048835,10.));
#1751 = CARTESIAN_POINT('',(9.925092771481,4.574523720691,10.));
#1752 = CARTESIAN_POINT('',(9.796668582508,4.56569779754,10.));
#1753 = CARTESIAN_POINT('',(9.679743123559,4.553758530363,10.));
#1754 = CARTESIAN_POINT('',(9.574369236792,4.539458502496,10.));
#1755 = CARTESIAN_POINT('',(9.480562562317,4.523549875249,10.));
#1756 = CARTESIAN_POINT('',(9.398301462062,4.506783094434,10.));
#1757 = CARTESIAN_POINT('',(9.327527718623,4.489904153629,10.));
#1758 = CARTESIAN_POINT('',(9.268145173429,4.473656229048,10.));
#1759 = CARTESIAN_POINT('',(9.220024676384,4.458768525367,10.));
#1760 = CARTESIAN_POINT('',(9.1829917724,4.44598065935,10.));
#1761 = CARTESIAN_POINT('',(9.156859770915,4.435974160289,10.));
#1762 = CARTESIAN_POINT('',(9.141358178525,4.429518584536,10.));
#1763 = CARTESIAN_POINT('',(9.13457304876,4.426415276263,10.));
#1764 = CARTESIAN_POINT('',(9.132883602775,4.425624139132,10.));
#1765 = ORIENTED_EDGE('',*,*,#1766,.T.);
#1766 = EDGE_CURVE('',#1740,#1767,#1769,.T.);
#1767 = VERTEX_POINT('',#1768);
#1768 = CARTESIAN_POINT('',(8.369148988588,4.055532666225,10.));
#1769 = B_SPLINE_CURVE_WITH_KNOTS('',1,(#1770,#1771),.UNSPECIFIED.,.F.,
  .F.,(2,2),(0.,0.848680304488),.PIECEWISE_BEZIER_KNOTS.);
#1770 = CARTESIAN_POINT('',(9.132883602775,4.425624139132,10.));
#1771 = CARTESIAN_POINT('',(8.369148988588,4.055532666225,10.));
#1772 = ORIENTED_EDGE('',*,*,#1773,.T.);
#1773 = EDGE_CURVE('',#1767,#1774,#1776,.T.);
#1774 = VERTEX_POINT('',#1775);
#1775 = CARTESIAN_POINT('',(7.696768809122,5.220129299061,10.));
#1776 = B_SPLINE_CURVE_WITH_KNOTS('',1,(#1777,#1778),.UNSPECIFIED.,.F.,
  .F.,(2,2),(0.,1.344760358931),.PIECEWISE_BEZIER_KNOTS.);
#1777 = CARTESIAN_POINT('',(8.369148988588,4.055532666225,10.));
#1778 = CARTESIAN_POINT('',(7.696768809122,5.220129299061,10.));
#1779 = ORIENTED_EDGE('',*,*,#1780,.T.);
#1780 = EDGE_CURVE('',#1774,#1781,#1783,.T.);
#1781 = VERTEX_POINT('',#1782);
#1782 = CARTESIAN_POINT('',(8.399144733477,5.696497140244,10.));
#1783 = B_SPLINE_CURVE_WITH_KNOTS('',1,(#1784,#1785),.UNSPECIFIED.,.F.,
  .F.,(2,2),(0.,0.848680304488),.PIECEWISE_BEZIER_KNOTS.);
#1784 = CARTESIAN_POINT('',(7.696768809122,5.220129299061,10.));
#1785 = CARTESIAN_POINT('',(8.399144733477,5.696497140244,10.));
#1786 = ORIENTED_EDGE('',*,*,#1787,.T.);
#1787 = EDGE_CURVE('',#1781,#1788,#1790,.T.);
#1788 = VERTEX_POINT('',#1789);
#1789 = CARTESIAN_POINT('',(9.450042641293,7.395721335863,10.));
#1790 = B_SPLINE_CURVE_WITH_KNOTS('',3,(#1791,#1792,#1793,#1794,#1795,
    #1796,#1797,#1798,#1799,#1800,#1801,#1802,#1803,#1804,#1805,#1806,
    #1807,#1808,#1809,#1810,#1811,#1812),.UNSPECIFIED.,.F.,.F.,(4,1,1,1,
    1,1,1,1,1,1,1,1,1,1,1,1,1,1,1,4),(0.,5.595890432166E-03,
    2.238333316142E-02,5.036237390098E-02,8.953301918139E-02,
    0.139895271179,0.201449130885,0.27419459883,0.358131675335,
    0.453260360606,0.559580654786,0.677092557974,0.805796070246,
    0.945691191659,1.096777922257,1.259056262075,1.43252621114,
    1.617187769477,1.813040937104,2.020085714038),.UNSPECIFIED.);
#1791 = CARTESIAN_POINT('',(8.399144733477,5.696497140244,10.));
#1792 = CARTESIAN_POINT('',(8.400674601324,5.697564674819,10.));
#1793 = CARTESIAN_POINT('',(8.406754710006,5.701889115427,10.));
#1794 = CARTESIAN_POINT('',(8.420096198799,5.71208610036,10.));
#1795 = CARTESIAN_POINT('',(8.441828081931,5.729713827967,10.));
#1796 = CARTESIAN_POINT('',(8.471419150754,5.755391330584,10.));
#1797 = CARTESIAN_POINT('',(8.508372528868,5.789621051628,10.));
#1798 = CARTESIAN_POINT('',(8.552134916911,5.832923882017,10.));
#1799 = CARTESIAN_POINT('',(8.602139380157,5.885776271353,10.));
#1800 = CARTESIAN_POINT('',(8.65779038841,5.94863308351,10.));
#1801 = CARTESIAN_POINT('',(8.718471000983,6.021917733026,10.));
#1802 = CARTESIAN_POINT('',(8.783542131774,6.106024181929,10.));
#1803 = CARTESIAN_POINT('',(8.852344569926,6.201314966139,10.));
#1804 = CARTESIAN_POINT('',(8.924200138074,6.308120614674,10.));
#1805 = CARTESIAN_POINT('',(8.998413172234,6.426738704137,10.));
#1806 = CARTESIAN_POINT('',(9.07427196291,6.557433081303,10.));
#1807 = CARTESIAN_POINT('',(9.151050178578,6.700433219055,10.));
#1808 = CARTESIAN_POINT('',(9.228008635636,6.855933168778,10.));
#1809 = CARTESIAN_POINT('',(9.304395756738,7.024092543738,10.));
#1810 = CARTESIAN_POINT('',(9.379453554404,7.205029481914,10.));
#1811 = CARTESIAN_POINT('',(9.426770952781,7.330748717802,10.));
#1812 = CARTESIAN_POINT('',(9.450042641293,7.395721335863,10.));
#1813 = ORIENTED_EDGE('',*,*,#1814,.T.);
#1814 = EDGE_CURVE('',#1788,#1815,#1817,.T.);
#1815 = VERTEX_POINT('',#1816);
#1816 = CARTESIAN_POINT('',(8.924346394211,8.022221726937,10.));
#1817 = B_SPLINE_CURVE_WITH_KNOTS('',1,(#1818,#1819),.UNSPECIFIED.,.F.,
  .F.,(2,2),(0.,0.817838177277),.PIECEWISE_BEZIER_KNOTS.);
#1818 = CARTESIAN_POINT('',(9.450042641293,7.395721335863,10.));
#1819 = CARTESIAN_POINT('',(8.924346394211,8.022221726937,10.));
#1820 = ORIENTED_EDGE('',*,*,#1821,.T.);
#1821 = EDGE_CURVE('',#1815,#1822,#1824,.T.);
#1822 = VERTEX_POINT('',#1823);
#1823 = CARTESIAN_POINT('',(7.068450725653,7.282356504712,10.));
#1824 = B_SPLINE_CURVE_WITH_KNOTS('',3,(#1825,#1826,#1827,#1828,#1829,
    #1830,#1831,#1832,#1833,#1834,#1835,#1836,#1837,#1838,#1839,#1840,
    #1841,#1842,#1843,#1844,#1845,#1846),.UNSPECIFIED.,.F.,.F.,(4,1,1,1,
    1,1,1,1,1,1,1,1,1,1,1,1,1,1,1,4),(0.,0.207044776933,0.402897944561,
    0.587559502897,0.761029451963,0.923307791781,1.074394522378,
    1.214289643791,1.342993156064,1.460505059252,1.566825353431,
    1.661954038703,1.745891115208,1.818636583153,1.880190442858,
    1.930552694856,1.969723340137,1.997702380876,2.014489823605,
    2.020085714038),.UNSPECIFIED.);
#1825 = CARTESIAN_POINT('',(8.924346394211,8.022221726937,10.));
#1826 = CARTESIAN_POINT('',(8.85631976991,8.010585964388,10.));
#1827 = CARTESIAN_POINT('',(8.724293911705,7.985818339824,10.));
#1828 = CARTESIAN_POINT('',(8.533072162398,7.943320208346,10.));
#1829 = CARTESIAN_POINT('',(8.354203021819,7.897294148274,10.));
#1830 = CARTESIAN_POINT('',(8.187701769914,7.848507145999,10.));
#1831 = CARTESIAN_POINT('',(8.033541728339,7.797727077274,10.));
#1832 = CARTESIAN_POINT('',(7.89166015167,7.745715592509,10.));
#1833 = CARTESIAN_POINT('',(7.761957179379,7.693227836166,10.));
#1834 = CARTESIAN_POINT('',(7.644296560171,7.64101052179,10.));
#1835 = CARTESIAN_POINT('',(7.538506039086,7.589800418298,10.));
#1836 = CARTESIAN_POINT('',(7.444377872848,7.54032279578,10.));
#1837 = CARTESIAN_POINT('',(7.361669504035,7.4932898039,10.));
#1838 = CARTESIAN_POINT('',(7.290103931925,7.449399230394,10.));
#1839 = CARTESIAN_POINT('',(7.229371305223,7.409332168399,10.));
#1840 = CARTESIAN_POINT('',(7.179127083195,7.373754086948,10.));
#1841 = CARTESIAN_POINT('',(7.13900050176,7.343306042363,10.));
#1842 = CARTESIAN_POINT('',(7.108574662928,7.318623379903,10.));
#1843 = CARTESIAN_POINT('',(7.08744103821,7.300282675682,10.));
#1844 = CARTESIAN_POINT('',(7.075082243174,7.288914561933,10.));
#1845 = CARTESIAN_POINT('',(7.069767700743,7.283677754995,10.));
#1846 = CARTESIAN_POINT('',(7.068450725653,7.282356504712,10.));
#1847 = ORIENTED_EDGE('',*,*,#1848,.T.);
#1848 = EDGE_CURVE('',#1822,#1849,#1851,.T.);
#1849 = VERTEX_POINT('',#1850);
#1850 = CARTESIAN_POINT('',(6.47735368307,6.673371656399,10.));
#1851 = B_SPLINE_CURVE_WITH_KNOTS('',1,(#1852,#1853),.UNSPECIFIED.,.F.,
  .F.,(2,2),(0.,0.848680304488),.PIECEWISE_BEZIER_KNOTS.);
#1852 = CARTESIAN_POINT('',(7.068450725653,7.282356504712,10.));
#1853 = CARTESIAN_POINT('',(6.47735368307,6.673371656399,10.));
#1854 = ORIENTED_EDGE('',*,*,#1855,.T.);
#1855 = EDGE_CURVE('',#1849,#1856,#1858,.T.);
#1856 = VERTEX_POINT('',#1857);
#1857 = CARTESIAN_POINT('',(5.447207482784,7.537766953117,10.));
#1858 = B_SPLINE_CURVE_WITH_KNOTS('',1,(#1859,#1860),.UNSPECIFIED.,.F.,
  .F.,(2,2),(0.,1.344760358931),.PIECEWISE_BEZIER_KNOTS.);
#1859 = CARTESIAN_POINT('',(6.47735368307,6.673371656399,10.));
#1860 = CARTESIAN_POINT('',(5.447207482784,7.537766953117,10.));
#1861 = ORIENTED_EDGE('',*,*,#1862,.T.);
#1862 = EDGE_CURVE('',#1856,#1863,#1865,.T.);
#1863 = VERTEX_POINT('',#1864);
#1864 = CARTESIAN_POINT('',(5.944297558601,8.225633012572,10.));
#1865 = B_SPLINE_CURVE_WITH_KNOTS('',1,(#1866,#1867),.UNSPECIFIED.,.F.,
  .F.,(2,2),(0.,0.848680304488),.PIECEWISE_BEZIER_KNOTS.);
#1866 = CARTESIAN_POINT('',(5.447207482784,7.537766953117,10.));
#1867 = CARTESIAN_POINT('',(5.944297558601,8.225633012572,10.));
#1868 = ORIENTED_EDGE('',*,*,#1869,.T.);
#1869 = EDGE_CURVE('',#1863,#1870,#1872,.T.);
#1870 = VERTEX_POINT('',#1871);
#1871 = CARTESIAN_POINT('',(6.350649664847,10.181809703308,10.));
#1872 = B_SPLINE_CURVE_WITH_KNOTS('',3,(#1873,#1874,#1875,#1876,#1877,
    #1878,#1879,#1880,#1881,#1882,#1883,#1884,#1885,#1886,#1887,#1888,
    #1889,#1890,#1891,#1892,#1893,#1894),.UNSPECIFIED.,.F.,.F.,(4,1,1,1,
    1,1,1,1,1,1,1,1,1,1,1,1,1,1,1,4),(0.,5.595890432166E-03,
    2.238333316142E-02,5.036237390098E-02,8.953301918139E-02,
    0.139895271179,0.201449130885,0.27419459883,0.358131675335,
    0.453260360606,0.559580654786,0.677092557974,0.805796070246,
    0.945691191659,1.096777922257,1.259056262075,1.43252621114,
    1.617187769477,1.813040937104,2.020085714038),.UNSPECIFIED.);
#1873 = CARTESIAN_POINT('',(5.944297558601,8.225633012572,10.));
#1874 = CARTESIAN_POINT('',(5.945370045799,8.227159412555,10.));
#1875 = CARTESIAN_POINT('',(5.949604433265,8.233302577127,10.));
#1876 = CARTESIAN_POINT('',(5.958653757585,8.247447666531,10.));
#1877 = CARTESIAN_POINT('',(5.973046009878,8.271445053868,10.));
#1878 = CARTESIAN_POINT('',(5.992070295766,8.305694755198,10.));
#1879 = CARTESIAN_POINT('',(6.015087858396,8.350498971153,10.));
#1880 = CARTESIAN_POINT('',(6.041400611252,8.406157939559,10.));
#1881 = CARTESIAN_POINT('',(6.070312854594,8.472925473496,10.));
#1882 = CARTESIAN_POINT('',(6.101109400487,8.551025321865,10.));
#1883 = CARTESIAN_POINT('',(6.133065698015,8.640644358041,10.));
#1884 = CARTESIAN_POINT('',(6.165446459737,8.741934204915,10.));
#1885 = CARTESIAN_POINT('',(6.197508235487,8.855010071424,10.));
#1886 = CARTESIAN_POINT('',(6.228500699418,8.979950602928,10.));
#1887 = CARTESIAN_POINT('',(6.257668364026,9.116797498868,10.));
#1888 = CARTESIAN_POINT('',(6.284252200235,9.265555275128,10.));
#1889 = CARTESIAN_POINT('',(6.307491195326,9.426191145672,10.));
#1890 = CARTESIAN_POINT('',(6.326624374439,9.598634643473,10.));
#1891 = CARTESIAN_POINT('',(6.340890894937,9.782778701346,10.));
#1892 = CARTESIAN_POINT('',(6.349538076008,9.978475085694,10.));
#1893 = CARTESIAN_POINT('',(6.35100337502,10.112796027323,10.));
#1894 = CARTESIAN_POINT('',(6.350649664847,10.181809703308,10.));
#1895 = ORIENTED_EDGE('',*,*,#1896,.T.);
#1896 = EDGE_CURVE('',#1870,#1897,#1899,.T.);
#1897 = VERTEX_POINT('',#1898);
#1898 = CARTESIAN_POINT('',(5.64238102714,10.590728791947,10.));
#1899 = B_SPLINE_CURVE_WITH_KNOTS('',1,(#1900,#1901),.UNSPECIFIED.,.F.,
  .F.,(2,2),(0.,0.817838177277),.PIECEWISE_BEZIER_KNOTS.);
#1900 = CARTESIAN_POINT('',(6.350649664847,10.181809703308,10.));
#1901 = CARTESIAN_POINT('',(5.64238102714,10.590728791947,10.));
#1902 = ORIENTED_EDGE('',*,*,#1903,.T.);
#1903 = EDGE_CURVE('',#1897,#1904,#1906,.T.);
#1904 = VERTEX_POINT('',#1905);
#1905 = CARTESIAN_POINT('',(4.151458371795,9.260729199688,10.));
#1906 = B_SPLINE_CURVE_WITH_KNOTS('',3,(#1907,#1908,#1909,#1910,#1911,
    #1912,#1913,#1914,#1915,#1916,#1917,#1918,#1919,#1920,#1921,#1922,
    #1923,#1924,#1925,#1926,#1927,#1928),.UNSPECIFIED.,.F.,.F.,(4,1,1,1,
    1,1,1,1,1,1,1,1,1,1,1,1,1,1,1,4),(0.,0.207044776933,0.402897944561,
    0.587559502897,0.761029451963,0.923307791781,1.074394522378,
    1.214289643791,1.342993156064,1.460505059252,1.566825353431,
    1.661954038703,1.745891115208,1.818636583153,1.880190442858,
    1.930552694856,1.969723340137,1.997702380876,2.014489823605,
    2.020085714038),.UNSPECIFIED.);
#1907 = CARTESIAN_POINT('',(5.64238102714,10.590728791947,10.));
#1908 = CARTESIAN_POINT('',(5.582436575442,10.55652827595,10.));
#1909 = CARTESIAN_POINT('',(5.466843877237,10.488098818966,10.));
#1910 = CARTESIAN_POINT('',(5.301689427499,10.382761948314,10.));
#1911 = CARTESIAN_POINT('',(5.149349255674,10.278334750203,10.));
#1912 = CARTESIAN_POINT('',(5.009575395417,10.175543182135,10.));
#1913 = CARTESIAN_POINT('',(4.882080148312,10.075099686756,10.));
#1914 = CARTESIAN_POINT('',(4.766544053165,9.977698521139,10.));
#1915 = CARTESIAN_POINT('',(4.662614997156,9.884015134649,10.));
#1916 = CARTESIAN_POINT('',(4.569909554877,9.794704607807,10.));
#1917 = CARTESIAN_POINT('',(4.4880138698,9.710400362262,10.));
#1918 = CARTESIAN_POINT('',(4.416484670123,9.63171287658,10.));
#1919 = CARTESIAN_POINT('',(4.354850456896,9.559228393022,10.));
#1920 = CARTESIAN_POINT('',(4.302612277123,9.493507877746,10.));
#1921 = CARTESIAN_POINT('',(4.259246018257,9.435085373563,10.));
#1922 = CARTESIAN_POINT('',(4.224200314097,9.384468376943,10.));
#1923 = CARTESIAN_POINT('',(4.196907506198,9.342132474995,10.));
#1924 = CARTESIAN_POINT('',(4.176758537718,9.308532109462,10.));
#1925 = CARTESIAN_POINT('',(4.163172316806,9.28406935969,10.));
#1926 = CARTESIAN_POINT('',(4.155446972203,9.269159870239,10.));
#1927 = CARTESIAN_POINT('',(4.152244029358,9.262421200838,10.));
#1928 = CARTESIAN_POINT('',(4.151458371795,9.260729199688,10.));
#1929 = ORIENTED_EDGE('',*,*,#1930,.T.);
#1930 = EDGE_CURVE('',#1904,#1931,#1933,.T.);
#1931 = VERTEX_POINT('',#1932);
#1932 = CARTESIAN_POINT('',(3.804293927814,8.486303536334,10.));
#1933 = B_SPLINE_CURVE_WITH_KNOTS('',1,(#1934,#1935),.UNSPECIFIED.,.F.,
  .F.,(2,2),(0.,0.848680304488),.PIECEWISE_BEZIER_KNOTS.);
#1934 = CARTESIAN_POINT('',(4.151458371795,9.260729199688,10.));
#1935 = CARTESIAN_POINT('',(3.804293927814,8.486303536334,10.));
#1936 = ORIENTED_EDGE('',*,*,#1937,.T.);
#1937 = EDGE_CURVE('',#1931,#1938,#1940,.T.);
#1938 = VERTEX_POINT('',#1939);
#1939 = CARTESIAN_POINT('',(2.540632541801,8.946238667034,10.));
#1940 = B_SPLINE_CURVE_WITH_KNOTS('',1,(#1941,#1942),.UNSPECIFIED.,.F.,
  .F.,(2,2),(0.,1.344760358931),.PIECEWISE_BEZIER_KNOTS.);
#1941 = CARTESIAN_POINT('',(3.804293927814,8.486303536334,10.));
#1942 = CARTESIAN_POINT('',(2.540632541801,8.946238667034,10.));
#1943 = ORIENTED_EDGE('',*,*,#1944,.T.);
#1944 = EDGE_CURVE('',#1938,#1945,#1947,.T.);
#1945 = VERTEX_POINT('',#1946);
#1946 = CARTESIAN_POINT('',(2.772480369669,9.76263614617,10.));
#1947 = B_SPLINE_CURVE_WITH_KNOTS('',1,(#1948,#1949),.UNSPECIFIED.,.F.,
  .F.,(2,2),(0.,0.848680304488),.PIECEWISE_BEZIER_KNOTS.);
#1948 = CARTESIAN_POINT('',(2.540632541801,8.946238667034,10.));
#1949 = CARTESIAN_POINT('',(2.772480369669,9.76263614617,10.));
#1950 = ORIENTED_EDGE('',*,*,#1951,.T.);
#1951 = EDGE_CURVE('',#1945,#1952,#1954,.T.);
#1952 = VERTEX_POINT('',#1953);
#1953 = CARTESIAN_POINT('',(2.485274613213,11.739821553027,10.));
#1954 = B_SPLINE_CURVE_WITH_KNOTS('',3,(#1955,#1956,#1957,#1958,#1959,
    #1960,#1961,#1962,#1963,#1964,#1965,#1966,#1967,#1968,#1969,#1970,
    #1971,#1972,#1973,#1974,#1975,#1976),.UNSPECIFIED.,.F.,.F.,(4,1,1,1,
    1,1,1,1,1,1,1,1,1,1,1,1,1,1,1,4),(0.,5.595890432166E-03,
    2.238333316142E-02,5.036237390098E-02,8.953301918139E-02,
    0.139895271179,0.201449130885,0.27419459883,0.358131675335,
    0.453260360606,0.559580654786,0.677092557974,0.805796070246,
    0.945691191659,1.096777922257,1.259056262075,1.43252621114,
    1.617187769477,1.813040937104,2.020085714038),.UNSPECIFIED.);
#1955 = CARTESIAN_POINT('',(2.772480369669,9.76263614617,10.));
#1956 = CARTESIAN_POINT('',(2.772966118433,9.764437305196,10.));
#1957 = CARTESIAN_POINT('',(2.774844055061,9.77165823742,10.));
#1958 = CARTESIAN_POINT('',(2.778509732843,9.788045324755,10.));
#1959 = CARTESIAN_POINT('',(2.783826436263,9.815517932745,10.));
#1960 = CARTESIAN_POINT('',(2.78998932957,9.854208813335,10.));
#1961 = CARTESIAN_POINT('',(2.796294818959,9.904183474518,10.));
#1962 = CARTESIAN_POINT('',(2.801984230299,9.965485287913,10.));
#1963 = CARTESIAN_POINT('',(2.806317010491,10.038114816473,10.));
#1964 = CARTESIAN_POINT('',(2.808544576079,10.12203770671,10.));
#1965 = CARTESIAN_POINT('',(2.807922157456,10.217181751147,10.));
#1966 = CARTESIAN_POINT('',(2.803706952357,10.32343794558,10.));
#1967 = CARTESIAN_POINT('',(2.795160942369,10.440660276065,10.));
#1968 = CARTESIAN_POINT('',(2.781552153532,10.568666018512,10.));
#1969 = CARTESIAN_POINT('',(2.762156397767,10.707235965634,10.));
#1970 = CARTESIAN_POINT('',(2.736258876528,10.856114757741,10.));
#1971 = CARTESIAN_POINT('',(2.703155685262,11.015011304356,10.));
#1972 = CARTESIAN_POINT('',(2.662155842653,11.183599119405,10.));
#1973 = CARTESIAN_POINT('',(2.612581009623,11.361517369135,10.));
#1974 = CARTESIAN_POINT('',(2.553774596443,11.54836932753,10.));
#1975 = CARTESIAN_POINT('',(2.509211059405,11.675090886975,10.));
#1976 = CARTESIAN_POINT('',(2.485274613213,11.739821553027,10.));
#1977 = ORIENTED_EDGE('',*,*,#1978,.T.);
#1978 = EDGE_CURVE('',#1952,#1979,#1981,.T.);
#1979 = VERTEX_POINT('',#1980);
#1980 = CARTESIAN_POINT('',(1.679861235521,11.881837662138,10.));
#1981 = B_SPLINE_CURVE_WITH_KNOTS('',1,(#1982,#1983),.UNSPECIFIED.,.F.,
  .F.,(2,2),(0.,0.817838177277),.PIECEWISE_BEZIER_KNOTS.);
#1982 = CARTESIAN_POINT('',(2.485274613213,11.739821553027,10.));
#1983 = CARTESIAN_POINT('',(1.679861235521,11.881837662138,10.));
#1984 = ORIENTED_EDGE('',*,*,#1985,.T.);
#1985 = EDGE_CURVE('',#1979,#1986,#1988,.T.);
#1986 = VERTEX_POINT('',#1987);
#1987 = CARTESIAN_POINT('',(0.733738869298,10.122121279375,10.));
#1988 = B_SPLINE_CURVE_WITH_KNOTS('',3,(#1989,#1990,#1991,#1992,#1993,
    #1994,#1995,#1996,#1997,#1998,#1999,#2000,#2001,#2002,#2003,#2004,
    #2005,#2006,#2007,#2008,#2009,#2010),.UNSPECIFIED.,.F.,.F.,(4,1,1,1,
    1,1,1,1,1,1,1,1,1,1,1,1,1,1,1,4),(0.,0.207044776933,0.402897944561,
    0.587559502897,0.761029451963,0.923307791781,1.074394522378,
    1.214289643791,1.342993156064,1.460505059252,1.566825353431,
    1.661954038703,1.745891115208,1.818636583153,1.880190442858,
    1.930552694856,1.969723340137,1.997702380876,2.014489823605,
    2.020085714038),.UNSPECIFIED.);
#1989 = CARTESIAN_POINT('',(1.679861235521,11.881837662138,10.));
#1990 = CARTESIAN_POINT('',(1.635229141986,11.829197479667,10.));
#1991 = CARTESIAN_POINT('',(1.550011789152,11.725359792687,10.));
#1992 = CARTESIAN_POINT('',(1.430844703041,11.569889364068,10.));
#1993 = CARTESIAN_POINT('',(1.323407972992,11.419656489192,10.));
#1994 = CARTESIAN_POINT('',(1.227220294774,11.275258535482,10.));
#1995 = CARTESIAN_POINT('',(1.14176765057,11.13726658138,10.));
#1996 = CARTESIAN_POINT('',(1.06651239515,11.006223752972,10.));
#1997 = CARTESIAN_POINT('',(1.000892633407,10.882644335365,10.));
#1998 = CARTESIAN_POINT('',(0.944324012582,10.767012763678,10.));
#1999 = CARTESIAN_POINT('',(0.896200991785,10.659782712291,10.));
#2000 = CARTESIAN_POINT('',(0.855898235809,10.561376235522,10.));
#2001 = CARTESIAN_POINT('',(0.822772173907,10.472182958759,10.));
#2002 = CARTESIAN_POINT('',(0.796162081905,10.392559365787,10.));
#2003 = CARTESIAN_POINT('',(0.775392801712,10.322828035646,10.));
#2004 = CARTESIAN_POINT('',(0.759772644561,10.263277280676,10.));
#2005 = CARTESIAN_POINT('',(0.74860552563,10.214159855951,10.));
#2006 = CARTESIAN_POINT('',(0.741163690469,10.175694487317,10.));
#2007 = CARTESIAN_POINT('',(0.736763572116,10.148060260649,10.));
#2008 = CARTESIAN_POINT('',(0.734603468519,10.131407699964,10.));
#2009 = CARTESIAN_POINT('',(0.733898447437,10.123979951083,10.));
#2010 = CARTESIAN_POINT('',(0.733738869298,10.122121279375,10.));
#2011 = ORIENTED_EDGE('',*,*,#2012,.T.);
#2012 = EDGE_CURVE('',#1986,#2013,#2015,.T.);
#2013 = VERTEX_POINT('',#2014);
#2014 = CARTESIAN_POINT('',(0.672380179465,9.275661965286,10.));
#2015 = B_SPLINE_CURVE_WITH_KNOTS('',1,(#2016,#2017),.UNSPECIFIED.,.F.,
  .F.,(2,2),(0.,0.848680304488),.PIECEWISE_BEZIER_KNOTS.);
#2016 = CARTESIAN_POINT('',(0.733738869298,10.122121279375,10.));
#2017 = CARTESIAN_POINT('',(0.672380179465,9.275661965286,10.));
#2018 = ORIENTED_EDGE('',*,*,#2019,.T.);
#2019 = EDGE_CURVE('',#2013,#2020,#2022,.T.);
#2020 = VERTEX_POINT('',#2021);
#2021 = CARTESIAN_POINT('',(-0.672380179465,9.275661965286,10.));
#2022 = B_SPLINE_CURVE_WITH_KNOTS('',1,(#2023,#2024),.UNSPECIFIED.,.F.,
  .F.,(2,2),(0.,1.344760358931),.PIECEWISE_BEZIER_KNOTS.);
#2023 = CARTESIAN_POINT('',(0.672380179465,9.275661965286,10.));
#2024 = CARTESIAN_POINT('',(-0.672380179465,9.275661965286,10.));
#2025 = ORIENTED_EDGE('',*,*,#2026,.T.);
#2026 = EDGE_CURVE('',#2020,#2027,#2029,.T.);
#2027 = VERTEX_POINT('',#2028);
#2028 = CARTESIAN_POINT('',(-0.733738869298,10.122121279375,10.));
#2029 = B_SPLINE_CURVE_WITH_KNOTS('',1,(#2030,#2031),.UNSPECIFIED.,.F.,
  .F.,(2,2),(0.,0.848680304488),.PIECEWISE_BEZIER_KNOTS.);
#2030 = CARTESIAN_POINT('',(-0.672380179465,9.275661965286,10.));
#2031 = CARTESIAN_POINT('',(-0.733738869298,10.122121279375,10.));
#2032 = ORIENTED_EDGE('',*,*,#2033,.T.);
#2033 = EDGE_CURVE('',#2027,#2034,#2036,.T.);
#2034 = VERTEX_POINT('',#2035);
#2035 = CARTESIAN_POINT('',(-1.679861235521,11.881837662138,10.));
#2036 = B_SPLINE_CURVE_WITH_KNOTS('',3,(#2037,#2038,#2039,#2040,#2041,
    #2042,#2043,#2044,#2045,#2046,#2047,#2048,#2049,#2050,#2051,#2052,
    #2053,#2054,#2055,#2056,#2057,#2058),.UNSPECIFIED.,.F.,.F.,(4,1,1,1,
    1,1,1,1,1,1,1,1,1,1,1,1,1,1,1,4),(0.,5.595890432166E-03,
    2.238333316142E-02,5.036237390098E-02,8.953301918139E-02,
    0.139895271179,0.201449130885,0.27419459883,0.358131675335,
    0.453260360606,0.559580654786,0.677092557974,0.805796070246,
    0.945691191659,1.096777922257,1.259056262075,1.43252621114,
    1.617187769477,1.813040937104,2.020085714038),.UNSPECIFIED.);
#2037 = CARTESIAN_POINT('',(-0.733738869298,10.122121279375,10.));
#2038 = CARTESIAN_POINT('',(-0.733898447437,10.123979951083,10.));
#2039 = CARTESIAN_POINT('',(-0.734603468519,10.131407699964,10.));
#2040 = CARTESIAN_POINT('',(-0.736763572116,10.148060260649,10.));
#2041 = CARTESIAN_POINT('',(-0.741163690469,10.175694487317,10.));
#2042 = CARTESIAN_POINT('',(-0.74860552563,10.214159855951,10.));
#2043 = CARTESIAN_POINT('',(-0.759772644561,10.263277280676,10.));
#2044 = CARTESIAN_POINT('',(-0.775392801712,10.322828035646,10.));
#2045 = CARTESIAN_POINT('',(-0.796162081905,10.392559365787,10.));
#2046 = CARTESIAN_POINT('',(-0.822772173907,10.472182958759,10.));
#2047 = CARTESIAN_POINT('',(-0.855898235809,10.561376235522,10.));
#2048 = CARTESIAN_POINT('',(-0.896200991785,10.659782712291,10.));
#2049 = CARTESIAN_POINT('',(-0.944324012582,10.767012763678,10.));
#2050 = CARTESIAN_POINT('',(-1.000892633407,10.882644335365,10.));
#2051 = CARTESIAN_POINT('',(-1.06651239515,11.006223752972,10.));
#2052 = CARTESIAN_POINT('',(-1.14176765057,11.13726658138,10.));
#2053 = CARTESIAN_POINT('',(-1.227220294774,11.275258535482,10.));
#2054 = CARTESIAN_POINT('',(-1.323407972992,11.419656489192,10.));
#2055 = CARTESIAN_POINT('',(-1.430844703041,11.569889364068,10.));
#2056 = CARTESIAN_POINT('',(-1.550011789152,11.725359792687,10.));
#2057 = CARTESIAN_POINT('',(-1.635229141986,11.829197479667,10.));
#2058 = CARTESIAN_POINT('',(-1.679861235521,11.881837662138,10.));
#2059 = ORIENTED_EDGE('',*,*,#2060,.T.);
#2060 = EDGE_CURVE('',#2034,#2061,#2063,.T.);
#2061 = VERTEX_POINT('',#2062);
#2062 = CARTESIAN_POINT('',(-2.485274613213,11.739821553027,10.));
#2063 = B_SPLINE_CURVE_WITH_KNOTS('',1,(#2064,#2065),.UNSPECIFIED.,.F.,
  .F.,(2,2),(0.,0.817838177277),.PIECEWISE_BEZIER_KNOTS.);
#2064 = CARTESIAN_POINT('',(-1.679861235521,11.881837662138,10.));
#2065 = CARTESIAN_POINT('',(-2.485274613213,11.739821553027,10.));
#2066 = ORIENTED_EDGE('',*,*,#2067,.T.);
#2067 = EDGE_CURVE('',#2061,#2068,#2070,.T.);
#2068 = VERTEX_POINT('',#2069);
#2069 = CARTESIAN_POINT('',(-2.772480369669,9.76263614617,10.));
#2070 = B_SPLINE_CURVE_WITH_KNOTS('',3,(#2071,#2072,#2073,#2074,#2075,
    #2076,#2077,#2078,#2079,#2080,#2081,#2082,#2083,#2084,#2085,#2086,
    #2087,#2088,#2089,#2090,#2091,#2092),.UNSPECIFIED.,.F.,.F.,(4,1,1,1,
    1,1,1,1,1,1,1,1,1,1,1,1,1,1,1,4),(0.,0.207044776933,0.402897944561,
    0.587559502897,0.761029451963,0.923307791781,1.074394522378,
    1.214289643791,1.342993156064,1.460505059252,1.566825353431,
    1.661954038703,1.745891115208,1.818636583153,1.880190442858,
    1.930552694856,1.969723340137,1.997702380876,2.014489823605,
    2.020085714038),.UNSPECIFIED.);
#2071 = CARTESIAN_POINT('',(-2.485274613213,11.739821553027,10.));
#2072 = CARTESIAN_POINT('',(-2.509211059405,11.675090886975,10.));
#2073 = CARTESIAN_POINT('',(-2.553774596443,11.54836932753,10.));
#2074 = CARTESIAN_POINT('',(-2.612581009623,11.361517369135,10.));
#2075 = CARTESIAN_POINT('',(-2.662155842653,11.183599119405,10.));
#2076 = CARTESIAN_POINT('',(-2.703155685262,11.015011304356,10.));
#2077 = CARTESIAN_POINT('',(-2.736258876528,10.856114757741,10.));
#2078 = CARTESIAN_POINT('',(-2.762156397767,10.707235965634,10.));
#2079 = CARTESIAN_POINT('',(-2.781552153532,10.568666018512,10.));
#2080 = CARTESIAN_POINT('',(-2.795160942369,10.440660276065,10.));
#2081 = CARTESIAN_POINT('',(-2.803706952357,10.32343794558,10.));
#2082 = CARTESIAN_POINT('',(-2.807922157456,10.217181751147,10.));
#2083 = CARTESIAN_POINT('',(-2.808544576079,10.12203770671,10.));
#2084 = CARTESIAN_POINT('',(-2.806317010491,10.038114816473,10.));
#2085 = CARTESIAN_POINT('',(-2.801984230299,9.965485287913,10.));
#2086 = CARTESIAN_POINT('',(-2.796294818959,9.904183474518,10.));
#2087 = CARTESIAN_POINT('',(-2.78998932957,9.854208813335,10.));
#2088 = CARTESIAN_POINT('',(-2.783826436263,9.815517932745,10.));
#2089 = CARTESIAN_POINT('',(-2.778509732843,9.788045324755,10.));
#2090 = CARTESIAN_POINT('',(-2.774844055061,9.77165823742,10.));
#2091 = CARTESIAN_POINT('',(-2.772966118433,9.764437305196,10.));
#2092 = CARTESIAN_POINT('',(-2.772480369669,9.76263614617,10.));
#2093 = ORIENTED_EDGE('',*,*,#2094,.T.);
#2094 = EDGE_CURVE('',#2068,#2095,#2097,.T.);
#2095 = VERTEX_POINT('',#2096);
#2096 = CARTESIAN_POINT('',(-2.540632541801,8.946238667034,10.));
#2097 = B_SPLINE_CURVE_WITH_KNOTS('',1,(#2098,#2099),.UNSPECIFIED.,.F.,
  .F.,(2,2),(0.,0.848680304488),.PIECEWISE_BEZIER_KNOTS.);
#2098 = CARTESIAN_POINT('',(-2.772480369669,9.76263614617,10.));
#2099 = CARTESIAN_POINT('',(-2.540632541801,8.946238667034,10.));
#2100 = ORIENTED_EDGE('',*,*,#2101,.T.);
#2101 = EDGE_CURVE('',#2095,#2102,#2104,.T.);
#2102 = VERTEX_POINT('',#2103);
#2103 = CARTESIAN_POINT('',(-3.804293927814,8.486303536334,10.));
#2104 = B_SPLINE_CURVE_WITH_KNOTS('',1,(#2105,#2106),.UNSPECIFIED.,.F.,
  .F.,(2,2),(0.,1.344760358931),.PIECEWISE_BEZIER_KNOTS.);
#2105 = CARTESIAN_POINT('',(-2.540632541801,8.946238667034,10.));
#2106 = CARTESIAN_POINT('',(-3.804293927814,8.486303536334,10.));
#2107 = ORIENTED_EDGE('',*,*,#2108,.T.);
#2108 = EDGE_CURVE('',#2102,#2109,#2111,.T.);
#2109 = VERTEX_POINT('',#2110);
#2110 = CARTESIAN_POINT('',(-4.151458371795,9.260729199688,10.));
#2111 = B_SPLINE_CURVE_WITH_KNOTS('',1,(#2112,#2113),.UNSPECIFIED.,.F.,
  .F.,(2,2),(0.,0.848680304488),.PIECEWISE_BEZIER_KNOTS.);
#2112 = CARTESIAN_POINT('',(-3.804293927814,8.486303536334,10.));
#2113 = CARTESIAN_POINT('',(-4.151458371795,9.260729199688,10.));
#2114 = ORIENTED_EDGE('',*,*,#2115,.T.);
#2115 = EDGE_CURVE('',#2109,#2116,#2118,.T.);
#2116 = VERTEX_POINT('',#2117);
#2117 = CARTESIAN_POINT('',(-5.64238102714,10.590728791947,10.));
#2118 = B_SPLINE_CURVE_WITH_KNOTS('',3,(#2119,#2120,#2121,#2122,#2123,
    #2124,#2125,#2126,#2127,#2128,#2129,#2130,#2131,#2132,#2133,#2134,
    #2135,#2136,#2137,#2138,#2139,#2140),.UNSPECIFIED.,.F.,.F.,(4,1,1,1,
    1,1,1,1,1,1,1,1,1,1,1,1,1,1,1,4),(0.,5.595890432166E-03,
    2.238333316142E-02,5.036237390098E-02,8.953301918139E-02,
    0.139895271179,0.201449130885,0.27419459883,0.358131675335,
    0.453260360606,0.559580654786,0.677092557974,0.805796070246,
    0.945691191659,1.096777922257,1.259056262075,1.43252621114,
    1.617187769477,1.813040937104,2.020085714038),.UNSPECIFIED.);
#2119 = CARTESIAN_POINT('',(-4.151458371795,9.260729199688,10.));
#2120 = CARTESIAN_POINT('',(-4.152244029358,9.262421200838,10.));
#2121 = CARTESIAN_POINT('',(-4.155446972203,9.269159870239,10.));
#2122 = CARTESIAN_POINT('',(-4.163172316806,9.28406935969,10.));
#2123 = CARTESIAN_POINT('',(-4.176758537718,9.308532109462,10.));
#2124 = CARTESIAN_POINT('',(-4.196907506198,9.342132474995,10.));
#2125 = CARTESIAN_POINT('',(-4.224200314097,9.384468376943,10.));
#2126 = CARTESIAN_POINT('',(-4.259246018257,9.435085373563,10.));
#2127 = CARTESIAN_POINT('',(-4.302612277123,9.493507877746,10.));
#2128 = CARTESIAN_POINT('',(-4.354850456896,9.559228393022,10.));
#2129 = CARTESIAN_POINT('',(-4.416484670123,9.63171287658,10.));
#2130 = CARTESIAN_POINT('',(-4.4880138698,9.710400362262,10.));
#2131 = CARTESIAN_POINT('',(-4.569909554877,9.794704607807,10.));
#2132 = CARTESIAN_POINT('',(-4.662614997156,9.884015134649,10.));
#2133 = CARTESIAN_POINT('',(-4.766544053165,9.977698521139,10.));
#2134 = CARTESIAN_POINT('',(-4.882080148312,10.075099686756,10.));
#2135 = CARTESIAN_POINT('',(-5.009575395417,10.175543182135,10.));
#2136 = CARTESIAN_POINT('',(-5.149349255674,10.278334750203,10.));
#2137 = CARTESIAN_POINT('',(-5.301689427499,10.382761948314,10.));
#2138 = CARTESIAN_POINT('',(-5.466843877237,10.488098818966,10.));
#2139 = CARTESIAN_POINT('',(-5.582436575442,10.55652827595,10.));
#2140 = CARTESIAN_POINT('',(-5.64238102714,10.590728791947,10.));
#2141 = ORIENTED_EDGE('',*,*,#2142,.T.);
#2142 = EDGE_CURVE('',#2116,#2143,#2145,.T.);
#2143 = VERTEX_POINT('',#2144);
#2144 = CARTESIAN_POINT('',(-6.350649664847,10.181809703308,10.));
#2145 = B_SPLINE_CURVE_WITH_KNOTS('',1,(#2146,#2147),.UNSPECIFIED.,.F.,
  .F.,(2,2),(0.,0.817838177277),.PIECEWISE_BEZIER_KNOTS.);
#2146 = CARTESIAN_POINT('',(-5.64238102714,10.590728791947,10.));
#2147 = CARTESIAN_POINT('',(-6.350649664847,10.181809703308,10.));
#2148 = ORIENTED_EDGE('',*,*,#2149,.T.);
#2149 = EDGE_CURVE('',#2143,#2150,#2152,.T.);
#2150 = VERTEX_POINT('',#2151);
#2151 = CARTESIAN_POINT('',(-5.944297558601,8.225633012572,10.));
#2152 = B_SPLINE_CURVE_WITH_KNOTS('',3,(#2153,#2154,#2155,#2156,#2157,
    #2158,#2159,#2160,#2161,#2162,#2163,#2164,#2165,#2166,#2167,#2168,
    #2169,#2170,#2171,#2172,#2173,#2174),.UNSPECIFIED.,.F.,.F.,(4,1,1,1,
    1,1,1,1,1,1,1,1,1,1,1,1,1,1,1,4),(0.,0.207044776933,0.402897944561,
    0.587559502897,0.761029451963,0.923307791781,1.074394522378,
    1.214289643791,1.342993156064,1.460505059252,1.566825353431,
    1.661954038703,1.745891115208,1.818636583153,1.880190442858,
    1.930552694856,1.969723340137,1.997702380876,2.014489823605,
    2.020085714038),.UNSPECIFIED.);
#2153 = CARTESIAN_POINT('',(-6.350649664847,10.181809703308,10.));
#2154 = CARTESIAN_POINT('',(-6.35100337502,10.112796027323,10.));
#2155 = CARTESIAN_POINT('',(-6.349538076008,9.978475085694,10.));
#2156 = CARTESIAN_POINT('',(-6.340890894937,9.782778701346,10.));
#2157 = CARTESIAN_POINT('',(-6.326624374439,9.598634643473,10.));
#2158 = CARTESIAN_POINT('',(-6.307491195326,9.426191145672,10.));
#2159 = CARTESIAN_POINT('',(-6.284252200235,9.265555275128,10.));
#2160 = CARTESIAN_POINT('',(-6.257668364026,9.116797498868,10.));
#2161 = CARTESIAN_POINT('',(-6.228500699418,8.979950602928,10.));
#2162 = CARTESIAN_POINT('',(-6.197508235487,8.855010071424,10.));
#2163 = CARTESIAN_POINT('',(-6.165446459737,8.741934204915,10.));
#2164 = CARTESIAN_POINT('',(-6.133065698015,8.640644358041,10.));
#2165 = CARTESIAN_POINT('',(-6.101109400487,8.551025321865,10.));
#2166 = CARTESIAN_POINT('',(-6.070312854594,8.472925473496,10.));
#2167 = CARTESIAN_POINT('',(-6.041400611252,8.406157939559,10.));
#2168 = CARTESIAN_POINT('',(-6.015087858396,8.350498971153,10.));
#2169 = CARTESIAN_POINT('',(-5.992070295766,8.305694755198,10.));
#2170 = CARTESIAN_POINT('',(-5.973046009878,8.271445053868,10.));
#2171 = CARTESIAN_POINT('',(-5.958653757585,8.247447666531,10.));
#2172 = CARTESIAN_POINT('',(-5.949604433265,8.233302577127,10.));
#2173 = CARTESIAN_POINT('',(-5.945370045799,8.227159412555,10.));
#2174 = CARTESIAN_POINT('',(-5.944297558601,8.225633012572,10.));
#2175 = ORIENTED_EDGE('',*,*,#2176,.T.);
#2176 = EDGE_CURVE('',#2150,#2177,#2179,.T.);
#2177 = VERTEX_POINT('',#2178);
#2178 = CARTESIAN_POINT('',(-5.447207482784,7.537766953117,10.));
#2179 = B_SPLINE_CURVE_WITH_KNOTS('',1,(#2180,#2181),.UNSPECIFIED.,.F.,
  .F.,(2,2),(0.,0.848680304488),.PIECEWISE_BEZIER_KNOTS.);
#2180 = CARTESIAN_POINT('',(-5.944297558601,8.225633012572,10.));
#2181 = CARTESIAN_POINT('',(-5.447207482784,7.537766953117,10.));
#2182 = ORIENTED_EDGE('',*,*,#2183,.T.);
#2183 = EDGE_CURVE('',#2177,#2184,#2186,.T.);
#2184 = VERTEX_POINT('',#2185);
#2185 = CARTESIAN_POINT('',(-6.47735368307,6.673371656399,10.));
#2186 = B_SPLINE_CURVE_WITH_KNOTS('',1,(#2187,#2188),.UNSPECIFIED.,.F.,
  .F.,(2,2),(0.,1.344760358931),.PIECEWISE_BEZIER_KNOTS.);
#2187 = CARTESIAN_POINT('',(-5.447207482784,7.537766953117,10.));
#2188 = CARTESIAN_POINT('',(-6.47735368307,6.673371656399,10.));
#2189 = ORIENTED_EDGE('',*,*,#2190,.T.);
#2190 = EDGE_CURVE('',#2184,#2191,#2193,.T.);
#2191 = VERTEX_POINT('',#2192);
#2192 = CARTESIAN_POINT('',(-7.068450725653,7.282356504712,10.));
#2193 = B_SPLINE_CURVE_WITH_KNOTS('',1,(#2194,#2195),.UNSPECIFIED.,.F.,
  .F.,(2,2),(0.,0.848680304488),.PIECEWISE_BEZIER_KNOTS.);
#2194 = CARTESIAN_POINT('',(-6.47735368307,6.673371656399,10.));
#2195 = CARTESIAN_POINT('',(-7.068450725653,7.282356504712,10.));
#2196 = ORIENTED_EDGE('',*,*,#2197,.T.);
#2197 = EDGE_CURVE('',#2191,#2198,#2200,.T.);
#2198 = VERTEX_POINT('',#2199);
#2199 = CARTESIAN_POINT('',(-8.924346394211,8.022221726937,10.));
#2200 = B_SPLINE_CURVE_WITH_KNOTS('',3,(#2201,#2202,#2203,#2204,#2205,
    #2206,#2207,#2208,#2209,#2210,#2211,#2212,#2213,#2214,#2215,#2216,
    #2217,#2218,#2219,#2220,#2221,#2222),.UNSPECIFIED.,.F.,.F.,(4,1,1,1,
    1,1,1,1,1,1,1,1,1,1,1,1,1,1,1,4),(0.,5.595890432166E-03,
    2.238333316142E-02,5.036237390098E-02,8.953301918139E-02,
    0.139895271179,0.201449130885,0.27419459883,0.358131675335,
    0.453260360606,0.559580654786,0.677092557974,0.805796070246,
    0.945691191659,1.096777922257,1.259056262075,1.43252621114,
    1.617187769477,1.813040937104,2.020085714038),.UNSPECIFIED.);
#2201 = CARTESIAN_POINT('',(-7.068450725653,7.282356504712,10.));
#2202 = CARTESIAN_POINT('',(-7.069767700743,7.283677754995,10.));
#2203 = CARTESIAN_POINT('',(-7.075082243174,7.288914561933,10.));
#2204 = CARTESIAN_POINT('',(-7.08744103821,7.300282675682,10.));
#2205 = CARTESIAN_POINT('',(-7.108574662928,7.318623379903,10.));
#2206 = CARTESIAN_POINT('',(-7.13900050176,7.343306042363,10.));
#2207 = CARTESIAN_POINT('',(-7.179127083195,7.373754086948,10.));
#2208 = CARTESIAN_POINT('',(-7.229371305223,7.409332168399,10.));
#2209 = CARTESIAN_POINT('',(-7.290103931925,7.449399230394,10.));
#2210 = CARTESIAN_POINT('',(-7.361669504035,7.4932898039,10.));
#2211 = CARTESIAN_POINT('',(-7.444377872848,7.54032279578,10.));
#2212 = CARTESIAN_POINT('',(-7.538506039086,7.589800418298,10.));
#2213 = CARTESIAN_POINT('',(-7.644296560171,7.64101052179,10.));
#2214 = CARTESIAN_POINT('',(-7.761957179379,7.693227836166,10.));
#2215 = CARTESIAN_POINT('',(-7.89166015167,7.745715592509,10.));
#2216 = CARTESIAN_POINT('',(-8.033541728339,7.797727077274,10.));
#2217 = CARTESIAN_POINT('',(-8.187701769914,7.848507145999,10.));
#2218 = CARTESIAN_POINT('',(-8.354203021819,7.897294148274,10.));
#2219 = CARTESIAN_POINT('',(-8.533072162398,7.943320208346,10.));
#2220 = CARTESIAN_POINT('',(-8.724293911705,7.985818339824,10.));
#2221 = CARTESIAN_POINT('',(-8.85631976991,8.010585964388,10.));
#2222 = CARTESIAN_POINT('',(-8.924346394211,8.022221726937,10.));
#2223 = ORIENTED_EDGE('',*,*,#2224,.T.);
#2224 = EDGE_CURVE('',#2198,#2225,#2227,.T.);
#2225 = VERTEX_POINT('',#2226);
#2226 = CARTESIAN_POINT('',(-9.450042641293,7.395721335863,10.));
#2227 = B_SPLINE_CURVE_WITH_KNOTS('',1,(#2228,#2229),.UNSPECIFIED.,.F.,
  .F.,(2,2),(0.,0.817838177277),.PIECEWISE_BEZIER_KNOTS.);
#2228 = CARTESIAN_POINT('',(-8.924346394211,8.022221726937,10.));
#2229 = CARTESIAN_POINT('',(-9.450042641293,7.395721335863,10.));
#2230 = ORIENTED_EDGE('',*,*,#2231,.T.);
#2231 = EDGE_CURVE('',#2225,#2232,#2234,.T.);
#2232 = VERTEX_POINT('',#2233);
#2233 = CARTESIAN_POINT('',(-8.399144733477,5.696497140244,10.));
#2234 = B_SPLINE_CURVE_WITH_KNOTS('',3,(#2235,#2236,#2237,#2238,#2239,
    #2240,#2241,#2242,#2243,#2244,#2245,#2246,#2247,#2248,#2249,#2250,
    #2251,#2252,#2253,#2254,#2255,#2256),.UNSPECIFIED.,.F.,.F.,(4,1,1,1,
    1,1,1,1,1,1,1,1,1,1,1,1,1,1,1,4),(0.,0.207044776933,0.402897944561,
    0.587559502897,0.761029451963,0.923307791781,1.074394522378,
    1.214289643791,1.342993156064,1.460505059252,1.566825353431,
    1.661954038703,1.745891115208,1.818636583153,1.880190442858,
    1.930552694856,1.969723340137,1.997702380876,2.014489823605,
    2.020085714038),.UNSPECIFIED.);
#2235 = CARTESIAN_POINT('',(-9.450042641293,7.395721335863,10.));
#2236 = CARTESIAN_POINT('',(-9.426770952781,7.330748717802,10.));
#2237 = CARTESIAN_POINT('',(-9.379453554404,7.205029481914,10.));
#2238 = CARTESIAN_POINT('',(-9.304395756738,7.024092543738,10.));
#2239 = CARTESIAN_POINT('',(-9.228008635636,6.855933168778,10.));
#2240 = CARTESIAN_POINT('',(-9.151050178578,6.700433219055,10.));
#2241 = CARTESIAN_POINT('',(-9.07427196291,6.557433081303,10.));
#2242 = CARTESIAN_POINT('',(-8.998413172234,6.426738704137,10.));
#2243 = CARTESIAN_POINT('',(-8.924200138074,6.308120614674,10.));
#2244 = CARTESIAN_POINT('',(-8.852344569926,6.201314966139,10.));
#2245 = CARTESIAN_POINT('',(-8.783542131774,6.106024181929,10.));
#2246 = CARTESIAN_POINT('',(-8.718471000983,6.021917733026,10.));
#2247 = CARTESIAN_POINT('',(-8.65779038841,5.94863308351,10.));
#2248 = CARTESIAN_POINT('',(-8.602139380157,5.885776271353,10.));
#2249 = CARTESIAN_POINT('',(-8.552134916911,5.832923882017,10.));
#2250 = CARTESIAN_POINT('',(-8.508372528868,5.789621051628,10.));
#2251 = CARTESIAN_POINT('',(-8.471419150754,5.755391330584,10.));
#2252 = CARTESIAN_POINT('',(-8.441828081931,5.729713827967,10.));
#2253 = CARTESIAN_POINT('',(-8.420096198799,5.71208610036,10.));
#2254 = CARTESIAN_POINT('',(-8.406754710006,5.701889115427,10.));
#2255 = CARTESIAN_POINT('',(-8.400674601324,5.697564674819,10.));
#2256 = CARTESIAN_POINT('',(-8.399144733477,5.696497140244,10.));
#2257 = ORIENTED_EDGE('',*,*,#2258,.T.);
#2258 = EDGE_CURVE('',#2232,#2259,#2261,.T.);
#2259 = VERTEX_POINT('',#2260);
#2260 = CARTESIAN_POINT('',(-7.696768809122,5.220129299061,10.));
#2261 = B_SPLINE_CURVE_WITH_KNOTS('',1,(#2262,#2263),.UNSPECIFIED.,.F.,
  .F.,(2,2),(0.,0.848680304488),.PIECEWISE_BEZIER_KNOTS.);
#2262 = CARTESIAN_POINT('',(-8.399144733477,5.696497140244,10.));
#2263 = CARTESIAN_POINT('',(-7.696768809122,5.220129299061,10.));
#2264 = ORIENTED_EDGE('',*,*,#2265,.T.);
#2265 = EDGE_CURVE('',#2259,#2266,#2268,.T.);
#2266 = VERTEX_POINT('',#2267);
#2267 = CARTESIAN_POINT('',(-8.369148988588,4.055532666225,10.));
#2268 = B_SPLINE_CURVE_WITH_KNOTS('',1,(#2269,#2270),.UNSPECIFIED.,.F.,
  .F.,(2,2),(0.,1.344760358931),.PIECEWISE_BEZIER_KNOTS.);
#2269 = CARTESIAN_POINT('',(-7.696768809122,5.220129299061,10.));
#2270 = CARTESIAN_POINT('',(-8.369148988588,4.055532666225,10.));
#2271 = ORIENTED_EDGE('',*,*,#2272,.T.);
#2272 = EDGE_CURVE('',#2266,#2273,#2275,.T.);
#2273 = VERTEX_POINT('',#2274);
#2274 = CARTESIAN_POINT('',(-9.132883602775,4.425624139132,10.));
#2275 = B_SPLINE_CURVE_WITH_KNOTS('',1,(#2276,#2277),.UNSPECIFIED.,.F.,
  .F.,(2,2),(0.,0.848680304488),.PIECEWISE_BEZIER_KNOTS.);
#2276 = CARTESIAN_POINT('',(-8.369148988588,4.055532666225,10.));
#2277 = CARTESIAN_POINT('',(-9.132883602775,4.425624139132,10.));
#2278 = ORIENTED_EDGE('',*,*,#2279,.T.);
#2279 = EDGE_CURVE('',#2273,#2280,#2282,.T.);
#2280 = VERTEX_POINT('',#2281);
#2281 = CARTESIAN_POINT('',(-11.12990387681,4.486116326275,10.));
#2282 = B_SPLINE_CURVE_WITH_KNOTS('',3,(#2283,#2284,#2285,#2286,#2287,
    #2288,#2289,#2290,#2291,#2292,#2293,#2294,#2295,#2296,#2297,#2298,
    #2299,#2300,#2301,#2302,#2303,#2304),.UNSPECIFIED.,.F.,.F.,(4,1,1,1,
    1,1,1,1,1,1,1,1,1,1,1,1,1,1,1,4),(0.,5.595890432166E-03,
    2.238333316142E-02,5.036237390098E-02,8.953301918139E-02,
    0.139895271179,0.201449130885,0.27419459883,0.358131675335,
    0.453260360606,0.559580654786,0.677092557974,0.805796070246,
    0.945691191659,1.096777922257,1.259056262075,1.43252621114,
    1.617187769477,1.813040937104,2.020085714038),.UNSPECIFIED.);
#2283 = CARTESIAN_POINT('',(-9.132883602775,4.425624139132,10.));
#2284 = CARTESIAN_POINT('',(-9.13457304876,4.426415276263,10.));
#2285 = CARTESIAN_POINT('',(-9.141358178525,4.429518584536,10.));
#2286 = CARTESIAN_POINT('',(-9.156859770915,4.435974160289,10.));
#2287 = CARTESIAN_POINT('',(-9.1829917724,4.44598065935,10.));
#2288 = CARTESIAN_POINT('',(-9.220024676384,4.458768525367,10.));
#2289 = CARTESIAN_POINT('',(-9.268145173429,4.473656229048,10.));
#2290 = CARTESIAN_POINT('',(-9.327527718623,4.489904153629,10.));
#2291 = CARTESIAN_POINT('',(-9.398301462062,4.506783094434,10.));
#2292 = CARTESIAN_POINT('',(-9.480562562317,4.523549875249,10.));
#2293 = CARTESIAN_POINT('',(-9.574369236792,4.539458502496,10.));
#2294 = CARTESIAN_POINT('',(-9.679743123559,4.553758530363,10.));
#2295 = CARTESIAN_POINT('',(-9.796668582508,4.56569779754,10.));
#2296 = CARTESIAN_POINT('',(-9.925092771481,4.574523720691,10.));
#2297 = CARTESIAN_POINT('',(-10.06492556738,4.579485048835,10.));
#2298 = CARTESIAN_POINT('',(-10.21603961348,4.579833500078,10.));
#2299 = CARTESIAN_POINT('',(-10.37827047335,4.574825316427,10.));
#2300 = CARTESIAN_POINT('',(-10.55141660862,4.563723320414,10.));
#2301 = CARTESIAN_POINT('',(-10.73524045977,4.545796820331,10.));
#2302 = CARTESIAN_POINT('',(-10.92946534355,4.520330310773,10.));
#2303 = CARTESIAN_POINT('',(-11.06200009476,4.498448761864,10.));
#2304 = CARTESIAN_POINT('',(-11.12990387681,4.486116326275,10.));
#2305 = ORIENTED_EDGE('',*,*,#2306,.T.);
#2306 = EDGE_CURVE('',#2280,#2307,#2309,.T.);
#2307 = VERTEX_POINT('',#2308);
#2308 = CARTESIAN_POINT('',(-11.40962100742,3.71759982609,10.));
#2309 = B_SPLINE_CURVE_WITH_KNOTS('',1,(#2310,#2311),.UNSPECIFIED.,.F.,
  .F.,(2,2),(0.,0.817838177277),.PIECEWISE_BEZIER_KNOTS.);
#2310 = CARTESIAN_POINT('',(-11.12990387681,4.486116326275,10.));
#2311 = CARTESIAN_POINT('',(-11.40962100742,3.71759982609,10.));
#2312 = ORIENTED_EDGE('',*,*,#2313,.T.);
#2313 = EDGE_CURVE('',#2307,#2314,#2316,.T.);
#2314 = VERTEX_POINT('',#2315);
#2315 = CARTESIAN_POINT('',(-9.840931095322,2.480279641458,10.));
#2316 = B_SPLINE_CURVE_WITH_KNOTS('',3,(#2317,#2318,#2319,#2320,#2321,
    #2322,#2323,#2324,#2325,#2326,#2327,#2328,#2329,#2330,#2331,#2332,
    #2333,#2334,#2335,#2336,#2337,#2338),.UNSPECIFIED.,.F.,.F.,(4,1,1,1,
    1,1,1,1,1,1,1,1,1,1,1,1,1,1,1,4),(0.,0.207044776933,0.402897944561,
    0.587559502897,0.761029451963,0.923307791781,1.074394522378,
    1.214289643791,1.342993156064,1.460505059252,1.566825353431,
    1.661954038703,1.745891115208,1.818636583153,1.880190442858,
    1.930552694856,1.969723340137,1.997702380876,2.014489823605,
    2.020085714038),.UNSPECIFIED.);
#2317 = CARTESIAN_POINT('',(-11.40962100742,3.71759982609,10.));
#2318 = CARTESIAN_POINT('',(-11.36553082931,3.664504922586,10.));
#2319 = CARTESIAN_POINT('',(-11.27806850814,3.562550987706,10.));
#2320 = CARTESIAN_POINT('',(-11.14565317202,3.418197160789,10.));
#2321 = CARTESIAN_POINT('',(-11.01635886447,3.286304971132,10.));
#2322 = CARTESIAN_POINT('',(-10.89085745517,3.166504158357,10.));
#2323 = CARTESIAN_POINT('',(-10.76980060486,3.058387680467,10.));
#2324 = CARTESIAN_POINT('',(-10.65381654943,2.961520373125,10.));
#2325 = CARTESIAN_POINT('',(-10.54350933291,2.875438182346,10.));
#2326 = CARTESIAN_POINT('',(-10.43945750254,2.799649754275,10.));
#2327 = CARTESIAN_POINT('',(-10.34221299144,2.733637527282,10.));
#2328 = CARTESIAN_POINT('',(-10.2523000303,2.676858955367,10.));
#2329 = CARTESIAN_POINT('',(-10.17021408011,2.628747902809,10.));
#2330 = CARTESIAN_POINT('',(-10.09642094241,2.588715586079,10.));
#2331 = CARTESIAN_POINT('',(-10.03135553552,2.556153119514,10.));
#2332 = CARTESIAN_POINT('',(-9.975421902154,2.53042938757,10.));
#2333 = CARTESIAN_POINT('',(-9.92898983133,2.510902770973,10.));
#2334 = CARTESIAN_POINT('',(-9.89240109919,2.496894552843,10.));
#2335 = CARTESIAN_POINT('',(-9.865950771052,2.487762649073,10.));
#2336 = CARTESIAN_POINT('',(-9.849926298236,2.482743675486,10.));
#2337 = CARTESIAN_POINT('',(-9.842733819177,2.480759550201,10.));
#2338 = CARTESIAN_POINT('',(-9.840931095322,2.480279641458,10.));
#2339 = ORIENTED_EDGE('',*,*,#2340,.T.);
#2340 = EDGE_CURVE('',#2314,#2341,#2343,.T.);
#2341 = VERTEX_POINT('',#2342);
#2342 = CARTESIAN_POINT('',(-9.017986224871,2.272867010636,10.));
#2343 = B_SPLINE_CURVE_WITH_KNOTS('',1,(#2344,#2345),.UNSPECIFIED.,.F.,
  .F.,(2,2),(0.,0.848680304488),.PIECEWISE_BEZIER_KNOTS.);
#2344 = CARTESIAN_POINT('',(-9.840931095322,2.480279641458,10.));
#2345 = CARTESIAN_POINT('',(-9.017986224871,2.272867010636,10.));
#2346 = ORIENTED_EDGE('',*,*,#2347,.T.);
#2347 = EDGE_CURVE('',#2341,#2348,#2350,.T.);
#2348 = VERTEX_POINT('',#2349);
#2349 = CARTESIAN_POINT('',(-9.251501410598,0.948536583217,10.));
#2350 = B_SPLINE_CURVE_WITH_KNOTS('',1,(#2351,#2352),.UNSPECIFIED.,.F.,
  .F.,(2,2),(0.,1.344760358931),.PIECEWISE_BEZIER_KNOTS.);
#2351 = CARTESIAN_POINT('',(-9.017986224871,2.272867010636,10.));
#2352 = CARTESIAN_POINT('',(-9.251501410598,0.948536583217,10.));
#2353 = ORIENTED_EDGE('',*,*,#2354,.T.);
#2354 = EDGE_CURVE('',#2348,#2355,#2357,.T.);
#2355 = VERTEX_POINT('',#2356);
#2356 = CARTESIAN_POINT('',(-10.09575593039,1.035096187116,10.));
#2357 = B_SPLINE_CURVE_WITH_KNOTS('',1,(#2358,#2359),.UNSPECIFIED.,.F.,
  .F.,(2,2),(0.,0.848680304488),.PIECEWISE_BEZIER_KNOTS.);
#2358 = CARTESIAN_POINT('',(-9.251501410598,0.948536583217,10.));
#2359 = CARTESIAN_POINT('',(-10.09575593039,1.035096187116,10.));
#2360 = ORIENTED_EDGE('',*,*,#2361,.T.);
#2361 = EDGE_CURVE('',#2355,#2362,#2364,.T.);
#2362 = VERTEX_POINT('',#2363);
#2363 = CARTESIAN_POINT('',(-11.99303069198,0.408919088639,10.));
#2364 = B_SPLINE_CURVE_WITH_KNOTS('',3,(#2365,#2366,#2367,#2368,#2369,
    #2370,#2371,#2372,#2373,#2374,#2375,#2376,#2377,#2378,#2379,#2380,
    #2381,#2382,#2383,#2384,#2385,#2386),.UNSPECIFIED.,.F.,.F.,(4,1,1,1,
    1,1,1,1,1,1,1,1,1,1,1,1,1,1,1,4),(0.,5.595890432166E-03,
    2.238333316142E-02,5.036237390098E-02,8.953301918139E-02,
    0.139895271179,0.201449130885,0.27419459883,0.358131675335,
    0.453260360606,0.559580654786,0.677092557974,0.805796070246,
    0.945691191659,1.096777922257,1.259056262075,1.43252621114,
    1.617187769477,1.813040937104,2.020085714038),.UNSPECIFIED.);
#2365 = CARTESIAN_POINT('',(-10.09575593039,1.035096187116,10.));
#2366 = CARTESIAN_POINT('',(-10.09761407515,1.035261788283,10.));
#2367 = CARTESIAN_POINT('',(-10.10505140546,1.035857293112,10.));
#2368 = CARTESIAN_POINT('',(-10.12182607439,1.036621693159,10.));
#2369 = CARTESIAN_POINT('',(-10.14980454759,1.037087055593,10.));
#2370 = CARTESIAN_POINT('',(-10.18897780196,1.036437719797,10.));
#2371 = CARTESIAN_POINT('',(-10.23928817249,1.03396940579,10.));
#2372 = CARTESIAN_POINT('',(-10.3006466295,1.028927434003,10.));
#2373 = CARTESIAN_POINT('',(-10.37292513171,1.02058240425,10.));
#2374 = CARTESIAN_POINT('',(-10.45595985738,1.008203071157,10.));
#2375 = CARTESIAN_POINT('',(-10.54955036813,0.991068518539,10.));
#2376 = CARTESIAN_POINT('',(-10.65346032953,0.968466157347,10.));
#2377 = CARTESIAN_POINT('',(-10.76741779036,0.939694536383,10.));
#2378 = CARTESIAN_POINT('',(-10.89111569657,0.904064531721,10.));
#2379 = CARTESIAN_POINT('',(-11.02421241719,0.860901022271,10.));
#2380 = CARTESIAN_POINT('',(-11.16633234854,0.809544411628,10.));
#2381 = CARTESIAN_POINT('',(-11.31706659074,0.749352036463,10.));
#2382 = CARTESIAN_POINT('',(-11.47597363011,0.67970010673,10.));
#2383 = CARTESIAN_POINT('',(-11.64258032243,0.599983246968,10.));
#2384 = CARTESIAN_POINT('',(-11.81638195324,0.509623733272,10.));
#2385 = CARTESIAN_POINT('',(-11.93343995046,0.443732248627,10.));
#2386 = CARTESIAN_POINT('',(-11.99303069198,0.408919088639,10.));
#2387 = ORIENTED_EDGE('',*,*,#2388,.T.);
#2388 = EDGE_CURVE('',#2362,#2389,#2391,.T.);
#2389 = VERTEX_POINT('',#2390);
#2390 = CARTESIAN_POINT('',(-11.99303069198,-0.408919088639,10.));
#2391 = B_SPLINE_CURVE_WITH_KNOTS('',1,(#2392,#2393),.UNSPECIFIED.,.F.,
  .F.,(2,2),(0.,0.817838177277),.PIECEWISE_BEZIER_KNOTS.);
#2392 = CARTESIAN_POINT('',(-11.99303069198,0.408919088639,10.));
#2393 = CARTESIAN_POINT('',(-11.99303069198,-0.408919088639,10.));
#2394 = ORIENTED_EDGE('',*,*,#2395,.T.);
#2395 = EDGE_CURVE('',#2389,#2396,#2398,.T.);
#2396 = VERTEX_POINT('',#2397);
#2397 = CARTESIAN_POINT('',(-10.09575593039,-1.035096187116,10.));
#2398 = B_SPLINE_CURVE_WITH_KNOTS('',3,(#2399,#2400,#2401,#2402,#2403,
    #2404,#2405,#2406,#2407,#2408,#2409,#2410,#2411,#2412,#2413,#2414,
    #2415,#2416,#2417,#2418,#2419,#2420),.UNSPECIFIED.,.F.,.F.,(4,1,1,1,
    1,1,1,1,1,1,1,1,1,1,1,1,1,1,1,4),(0.,0.207044776933,0.402897944561,
    0.587559502897,0.761029451963,0.923307791781,1.074394522378,
    1.214289643791,1.342993156064,1.460505059252,1.566825353431,
    1.661954038703,1.745891115208,1.818636583153,1.880190442858,
    1.930552694856,1.969723340137,1.997702380876,2.014489823605,
    2.020085714038),.UNSPECIFIED.);
#2399 = CARTESIAN_POINT('',(-11.99303069198,-0.408919088639,10.));
#2400 = CARTESIAN_POINT('',(-11.93343995046,-0.443732248627,10.));
#2401 = CARTESIAN_POINT('',(-11.81638195324,-0.509623733272,10.));
#2402 = CARTESIAN_POINT('',(-11.64258032243,-0.599983246968,10.));
#2403 = CARTESIAN_POINT('',(-11.47597363011,-0.67970010673,10.));
#2404 = CARTESIAN_POINT('',(-11.31706659074,-0.749352036463,10.));
#2405 = CARTESIAN_POINT('',(-11.16633234854,-0.809544411628,10.));
#2406 = CARTESIAN_POINT('',(-11.02421241719,-0.860901022271,10.));
#2407 = CARTESIAN_POINT('',(-10.89111569657,-0.904064531721,10.));
#2408 = CARTESIAN_POINT('',(-10.76741779036,-0.939694536383,10.));
#2409 = CARTESIAN_POINT('',(-10.65346032953,-0.968466157347,10.));
#2410 = CARTESIAN_POINT('',(-10.54955036813,-0.991068518539,10.));
#2411 = CARTESIAN_POINT('',(-10.45595985738,-1.008203071157,10.));
#2412 = CARTESIAN_POINT('',(-10.37292513171,-1.02058240425,10.));
#2413 = CARTESIAN_POINT('',(-10.3006466295,-1.028927434003,10.));
#2414 = CARTESIAN_POINT('',(-10.23928817249,-1.03396940579,10.));
#2415 = CARTESIAN_POINT('',(-10.18897780196,-1.036437719797,10.));
#2416 = CARTESIAN_POINT('',(-10.14980454759,-1.037087055593,10.));
#2417 = CARTESIAN_POINT('',(-10.12182607439,-1.036621693159,10.));
#2418 = CARTESIAN_POINT('',(-10.10505140546,-1.035857293112,10.));
#2419 = CARTESIAN_POINT('',(-10.09761407515,-1.035261788283,10.));
#2420 = CARTESIAN_POINT('',(-10.09575593039,-1.035096187116,10.));
#2421 = ORIENTED_EDGE('',*,*,#2422,.T.);
#2422 = EDGE_CURVE('',#2396,#2423,#2425,.T.);
#2423 = VERTEX_POINT('',#2424);
#2424 = CARTESIAN_POINT('',(-9.251501410598,-0.948536583217,10.));
#2425 = B_SPLINE_CURVE_WITH_KNOTS('',1,(#2426,#2427),.UNSPECIFIED.,.F.,
  .F.,(2,2),(0.,0.848680304488),.PIECEWISE_BEZIER_KNOTS.);
#2426 = CARTESIAN_POINT('',(-10.09575593039,-1.035096187116,10.));
#2427 = CARTESIAN_POINT('',(-9.251501410598,-0.948536583217,10.));
#2428 = ORIENTED_EDGE('',*,*,#2429,.T.);
#2429 = EDGE_CURVE('',#2423,#2430,#2432,.T.);
#2430 = VERTEX_POINT('',#2431);
#2431 = CARTESIAN_POINT('',(-9.017986224871,-2.272867010636,10.));
#2432 = B_SPLINE_CURVE_WITH_KNOTS('',1,(#2433,#2434),.UNSPECIFIED.,.F.,
  .F.,(2,2),(0.,1.344760358931),.PIECEWISE_BEZIER_KNOTS.);
#2433 = CARTESIAN_POINT('',(-9.251501410598,-0.948536583217,10.));
#2434 = CARTESIAN_POINT('',(-9.017986224871,-2.272867010636,10.));
#2435 = ORIENTED_EDGE('',*,*,#2436,.T.);
#2436 = EDGE_CURVE('',#2430,#2437,#2439,.T.);
#2437 = VERTEX_POINT('',#2438);
#2438 = CARTESIAN_POINT('',(-9.840931095322,-2.480279641458,10.));
#2439 = B_SPLINE_CURVE_WITH_KNOTS('',1,(#2440,#2441),.UNSPECIFIED.,.F.,
  .F.,(2,2),(0.,0.848680304488),.PIECEWISE_BEZIER_KNOTS.);
#2440 = CARTESIAN_POINT('',(-9.017986224871,-2.272867010636,10.));
#2441 = CARTESIAN_POINT('',(-9.840931095322,-2.480279641458,10.));
#2442 = ORIENTED_EDGE('',*,*,#2443,.T.);
#2443 = EDGE_CURVE('',#2437,#2444,#2446,.T.);
#2444 = VERTEX_POINT('',#2445);
#2445 = CARTESIAN_POINT('',(-11.40962100742,-3.71759982609,10.));
#2446 = B_SPLINE_CURVE_WITH_KNOTS('',3,(#2447,#2448,#2449,#2450,#2451,
    #2452,#2453,#2454,#2455,#2456,#2457,#2458,#2459,#2460,#2461,#2462,
    #2463,#2464,#2465,#2466,#2467,#2468),.UNSPECIFIED.,.F.,.F.,(4,1,1,1,
    1,1,1,1,1,1,1,1,1,1,1,1,1,1,1,4),(0.,5.595890432166E-03,
    2.238333316142E-02,5.036237390098E-02,8.953301918139E-02,
    0.139895271179,0.201449130885,0.27419459883,0.358131675335,
    0.453260360606,0.559580654786,0.677092557974,0.805796070246,
    0.945691191659,1.096777922257,1.259056262075,1.43252621114,
    1.617187769477,1.813040937104,2.020085714038),.UNSPECIFIED.);
#2447 = CARTESIAN_POINT('',(-9.840931095322,-2.480279641458,10.));
#2448 = CARTESIAN_POINT('',(-9.842733819177,-2.480759550201,10.));
#2449 = CARTESIAN_POINT('',(-9.849926298236,-2.482743675486,10.));
#2450 = CARTESIAN_POINT('',(-9.865950771052,-2.487762649073,10.));
#2451 = CARTESIAN_POINT('',(-9.89240109919,-2.496894552843,10.));
#2452 = CARTESIAN_POINT('',(-9.92898983133,-2.510902770973,10.));
#2453 = CARTESIAN_POINT('',(-9.975421902154,-2.53042938757,10.));
#2454 = CARTESIAN_POINT('',(-10.03135553552,-2.556153119514,10.));
#2455 = CARTESIAN_POINT('',(-10.09642094241,-2.588715586079,10.));
#2456 = CARTESIAN_POINT('',(-10.17021408011,-2.628747902809,10.));
#2457 = CARTESIAN_POINT('',(-10.2523000303,-2.676858955367,10.));
#2458 = CARTESIAN_POINT('',(-10.34221299144,-2.733637527282,10.));
#2459 = CARTESIAN_POINT('',(-10.43945750254,-2.799649754275,10.));
#2460 = CARTESIAN_POINT('',(-10.54350933291,-2.875438182346,10.));
#2461 = CARTESIAN_POINT('',(-10.65381654943,-2.961520373125,10.));
#2462 = CARTESIAN_POINT('',(-10.76980060486,-3.058387680467,10.));
#2463 = CARTESIAN_POINT('',(-10.89085745517,-3.166504158357,10.));
#2464 = CARTESIAN_POINT('',(-11.01635886447,-3.286304971132,10.));
#2465 = CARTESIAN_POINT('',(-11.14565317202,-3.418197160789,10.));
#2466 = CARTESIAN_POINT('',(-11.27806850814,-3.562550987706,10.));
#2467 = CARTESIAN_POINT('',(-11.36553082931,-3.664504922586,10.));
#2468 = CARTESIAN_POINT('',(-11.40962100742,-3.71759982609,10.));
#2469 = ORIENTED_EDGE('',*,*,#2470,.T.);
#2470 = EDGE_CURVE('',#2444,#2471,#2473,.T.);
#2471 = VERTEX_POINT('',#2472);
#2472 = CARTESIAN_POINT('',(-11.12990387681,-4.486116326275,10.));
#2473 = B_SPLINE_CURVE_WITH_KNOTS('',1,(#2474,#2475),.UNSPECIFIED.,.F.,
  .F.,(2,2),(0.,0.817838177277),.PIECEWISE_BEZIER_KNOTS.);
#2474 = CARTESIAN_POINT('',(-11.40962100742,-3.71759982609,10.));
#2475 = CARTESIAN_POINT('',(-11.12990387681,-4.486116326275,10.));
#2476 = ORIENTED_EDGE('',*,*,#2477,.T.);
#2477 = EDGE_CURVE('',#2471,#2478,#2480,.T.);
#2478 = VERTEX_POINT('',#2479);
#2479 = CARTESIAN_POINT('',(-9.132883602775,-4.425624139132,10.));
#2480 = B_SPLINE_CURVE_WITH_KNOTS('',3,(#2481,#2482,#2483,#2484,#2485,
    #2486,#2487,#2488,#2489,#2490,#2491,#2492,#2493,#2494,#2495,#2496,
    #2497,#2498,#2499,#2500,#2501,#2502),.UNSPECIFIED.,.F.,.F.,(4,1,1,1,
    1,1,1,1,1,1,1,1,1,1,1,1,1,1,1,4),(0.,0.207044776933,0.402897944561,
    0.587559502897,0.761029451963,0.923307791781,1.074394522378,
    1.214289643791,1.342993156064,1.460505059252,1.566825353431,
    1.661954038703,1.745891115208,1.818636583153,1.880190442858,
    1.930552694856,1.969723340137,1.997702380876,2.014489823605,
    2.020085714038),.UNSPECIFIED.);
#2481 = CARTESIAN_POINT('',(-11.12990387681,-4.486116326275,10.));
#2482 = CARTESIAN_POINT('',(-11.06200009476,-4.498448761864,10.));
#2483 = CARTESIAN_POINT('',(-10.92946534355,-4.520330310773,10.));
#2484 = CARTESIAN_POINT('',(-10.73524045977,-4.545796820331,10.));
#2485 = CARTESIAN_POINT('',(-10.55141660862,-4.563723320414,10.));
#2486 = CARTESIAN_POINT('',(-10.37827047335,-4.574825316427,10.));
#2487 = CARTESIAN_POINT('',(-10.21603961348,-4.579833500078,10.));
#2488 = CARTESIAN_POINT('',(-10.06492556738,-4.579485048835,10.));
#2489 = CARTESIAN_POINT('',(-9.925092771481,-4.574523720691,10.));
#2490 = CARTESIAN_POINT('',(-9.796668582508,-4.56569779754,10.));
#2491 = CARTESIAN_POINT('',(-9.679743123559,-4.553758530363,10.));
#2492 = CARTESIAN_POINT('',(-9.574369236792,-4.539458502496,10.));
#2493 = CARTESIAN_POINT('',(-9.480562562317,-4.523549875249,10.));
#2494 = CARTESIAN_POINT('',(-9.398301462062,-4.506783094434,10.));
#2495 = CARTESIAN_POINT('',(-9.327527718623,-4.489904153629,10.));
#2496 = CARTESIAN_POINT('',(-9.268145173429,-4.473656229048,10.));
#2497 = CARTESIAN_POINT('',(-9.220024676384,-4.458768525367,10.));
#2498 = CARTESIAN_POINT('',(-9.1829917724,-4.44598065935,10.));
#2499 = CARTESIAN_POINT('',(-9.156859770915,-4.435974160289,10.));
#2500 = CARTESIAN_POINT('',(-9.141358178525,-4.429518584536,10.));
#2501 = CARTESIAN_POINT('',(-9.13457304876,-4.426415276263,10.));
#2502 = CARTESIAN_POINT('',(-9.132883602775,-4.425624139132,10.));
#2503 = ORIENTED_EDGE('',*,*,#2504,.T.);
#2504 = EDGE_CURVE('',#2478,#2505,#2507,.T.);
#2505 = VERTEX_POINT('',#2506);
#2506 = CARTESIAN_POINT('',(-8.369148988588,-4.055532666225,10.));
#2507 = B_SPLINE_CURVE_WITH_KNOTS('',1,(#2508,#2509),.UNSPECIFIED.,.F.,
  .F.,(2,2),(0.,0.848680304488),.PIECEWISE_BEZIER_KNOTS.);
#2508 = CARTESIAN_POINT('',(-9.132883602775,-4.425624139132,10.));
#2509 = CARTESIAN_POINT('',(-8.369148988588,-4.055532666225,10.));
#2510 = ORIENTED_EDGE('',*,*,#2511,.T.);
#2511 = EDGE_CURVE('',#2505,#2512,#2514,.T.);
#2512 = VERTEX_POINT('',#2513);
#2513 = CARTESIAN_POINT('',(-7.696768809122,-5.220129299061,10.));
#2514 = B_SPLINE_CURVE_WITH_KNOTS('',1,(#2515,#2516),.UNSPECIFIED.,.F.,
  .F.,(2,2),(0.,1.344760358931),.PIECEWISE_BEZIER_KNOTS.);
#2515 = CARTESIAN_POINT('',(-8.369148988588,-4.055532666225,10.));
#2516 = CARTESIAN_POINT('',(-7.696768809122,-5.220129299061,10.));
#2517 = ORIENTED_EDGE('',*,*,#2518,.T.);
#2518 = EDGE_CURVE('',#2512,#2519,#2521,.T.);
#2519 = VERTEX_POINT('',#2520);
#2520 = CARTESIAN_POINT('',(-8.399144733477,-5.696497140244,10.));
#2521 = B_SPLINE_CURVE_WITH_KNOTS('',1,(#2522,#2523),.UNSPECIFIED.,.F.,
  .F.,(2,2),(0.,0.848680304488),.PIECEWISE_BEZIER_KNOTS.);
#2522 = CARTESIAN_POINT('',(-7.696768809122,-5.220129299061,10.));
#2523 = CARTESIAN_POINT('',(-8.399144733477,-5.696497140244,10.));
#2524 = ORIENTED_EDGE('',*,*,#2525,.T.);
#2525 = EDGE_CURVE('',#2519,#2526,#2528,.T.);
#2526 = VERTEX_POINT('',#2527);
#2527 = CARTESIAN_POINT('',(-9.450042641293,-7.395721335863,10.));
#2528 = B_SPLINE_CURVE_WITH_KNOTS('',3,(#2529,#2530,#2531,#2532,#2533,
    #2534,#2535,#2536,#2537,#2538,#2539,#2540,#2541,#2542,#2543,#2544,
    #2545,#2546,#2547,#2548,#2549,#2550),.UNSPECIFIED.,.F.,.F.,(4,1,1,1,
    1,1,1,1,1,1,1,1,1,1,1,1,1,1,1,4),(0.,5.595890432166E-03,
    2.238333316142E-02,5.036237390098E-02,8.953301918139E-02,
    0.139895271179,0.201449130885,0.27419459883,0.358131675335,
    0.453260360606,0.559580654786,0.677092557974,0.805796070246,
    0.945691191659,1.096777922257,1.259056262075,1.43252621114,
    1.617187769477,1.813040937104,2.020085714038),.UNSPECIFIED.);
#2529 = CARTESIAN_POINT('',(-8.399144733477,-5.696497140244,10.));
#2530 = CARTESIAN_POINT('',(-8.400674601324,-5.697564674819,10.));
#2531 = CARTESIAN_POINT('',(-8.406754710006,-5.701889115427,10.));
#2532 = CARTESIAN_POINT('',(-8.420096198799,-5.71208610036,10.));
#2533 = CARTESIAN_POINT('',(-8.441828081931,-5.729713827967,10.));
#2534 = CARTESIAN_POINT('',(-8.471419150754,-5.755391330584,10.));
#2535 = CARTESIAN_POINT('',(-8.508372528868,-5.789621051628,10.));
#2536 = CARTESIAN_POINT('',(-8.552134916911,-5.832923882017,10.));
#2537 = CARTESIAN_POINT('',(-8.602139380157,-5.885776271353,10.));
#2538 = CARTESIAN_POINT('',(-8.65779038841,-5.94863308351,10.));
#2539 = CARTESIAN_POINT('',(-8.718471000983,-6.021917733026,10.));
#2540 = CARTESIAN_POINT('',(-8.783542131774,-6.106024181929,10.));
#2541 = CARTESIAN_POINT('',(-8.852344569926,-6.201314966139,10.));
#2542 = CARTESIAN_POINT('',(-8.924200138074,-6.308120614674,10.));
#2543 = CARTESIAN_POINT('',(-8.998413172234,-6.426738704137,10.));
#2544 = CARTESIAN_POINT('',(-9.07427196291,-6.557433081303,10.));
#2545 = CARTESIAN_POINT('',(-9.151050178578,-6.700433219055,10.));
#2546 = CARTESIAN_POINT('',(-9.228008635636,-6.855933168778,10.));
#2547 = CARTESIAN_POINT('',(-9.304395756738,-7.024092543738,10.));
#2548 = CARTESIAN_POINT('',(-9.379453554404,-7.205029481914,10.));
#2549 = CARTESIAN_POINT('',(-9.426770952781,-7.330748717802,10.));
#2550 = CARTESIAN_POINT('',(-9.450042641293,-7.395721335863,10.));
#2551 = ORIENTED_EDGE('',*,*,#2552,.T.);
#2552 = EDGE_CURVE('',#2526,#2553,#2555,.T.);
#2553 = VERTEX_POINT('',#2554);
#2554 = CARTESIAN_POINT('',(-8.924346394211,-8.022221726937,10.));
#2555 = B_SPLINE_CURVE_WITH_KNOTS('',1,(#2556,#2557),.UNSPECIFIED.,.F.,
  .F.,(2,2),(0.,0.817838177277),.PIECEWISE_BEZIER_KNOTS.);
#2556 = CARTESIAN_POINT('',(-9.450042641293,-7.395721335863,10.));
#2557 = CARTESIAN_POINT('',(-8.924346394211,-8.022221726937,10.));
#2558 = ORIENTED_EDGE('',*,*,#2559,.T.);
#2559 = EDGE_CURVE('',#2553,#2560,#2562,.T.);
#2560 = VERTEX_POINT('',#2561);
#2561 = CARTESIAN_POINT('',(-7.068450725653,-7.282356504712,10.));
#2562 = B_SPLINE_CURVE_WITH_KNOTS('',3,(#2563,#2564,#2565,#2566,#2567,
    #2568,#2569,#2570,#2571,#2572,#2573,#2574,#2575,#2576,#2577,#2578,
    #2579,#2580,#2581,#2582,#2583,#2584),.UNSPECIFIED.,.F.,.F.,(4,1,1,1,
    1,1,1,1,1,1,1,1,1,1,1,1,1,1,1,4),(0.,0.207044776933,0.402897944561,
    0.587559502897,0.761029451963,0.923307791781,1.074394522378,
    1.214289643791,1.342993156064,1.460505059252,1.566825353431,
    1.661954038703,1.745891115208,1.818636583153,1.880190442858,
    1.930552694856,1.969723340137,1.997702380876,2.014489823605,
    2.020085714038),.UNSPECIFIED.);
#2563 = CARTESIAN_POINT('',(-8.924346394211,-8.022221726937,10.));
#2564 = CARTESIAN_POINT('',(-8.85631976991,-8.010585964388,10.));
#2565 = CARTESIAN_POINT('',(-8.724293911705,-7.985818339824,10.));
#2566 = CARTESIAN_POINT('',(-8.533072162398,-7.943320208346,10.));
#2567 = CARTESIAN_POINT('',(-8.354203021819,-7.897294148274,10.));
#2568 = CARTESIAN_POINT('',(-8.187701769914,-7.848507145999,10.));
#2569 = CARTESIAN_POINT('',(-8.033541728339,-7.797727077274,10.));
#2570 = CARTESIAN_POINT('',(-7.89166015167,-7.745715592509,10.));
#2571 = CARTESIAN_POINT('',(-7.761957179379,-7.693227836166,10.));
#2572 = CARTESIAN_POINT('',(-7.644296560171,-7.64101052179,10.));
#2573 = CARTESIAN_POINT('',(-7.538506039086,-7.589800418298,10.));
#2574 = CARTESIAN_POINT('',(-7.444377872848,-7.54032279578,10.));
#2575 = CARTESIAN_POINT('',(-7.361669504035,-7.4932898039,10.));
#2576 = CARTESIAN_POINT('',(-7.290103931925,-7.449399230394,10.));
#2577 = CARTESIAN_POINT('',(-7.229371305223,-7.409332168399,10.));
#2578 = CARTESIAN_POINT('',(-7.179127083195,-7.373754086948,10.));
#2579 = CARTESIAN_POINT('',(-7.13900050176,-7.343306042363,10.));
#2580 = CARTESIAN_POINT('',(-7.108574662928,-7.318623379903,10.));
#2581 = CARTESIAN_POINT('',(-7.08744103821,-7.300282675682,10.));
#2582 = CARTESIAN_POINT('',(-7.075082243174,-7.288914561933,10.));
#2583 = CARTESIAN_POINT('',(-7.069767700743,-7.283677754995,10.));
#2584 = CARTESIAN_POINT('',(-7.068450725653,-7.282356504712,10.));
#2585 = ORIENTED_EDGE('',*,*,#2586,.T.);
#2586 = EDGE_CURVE('',#2560,#2587,#2589,.T.);
#2587 = VERTEX_POINT('',#2588);
#2588 = CARTESIAN_POINT('',(-6.47735368307,-6.673371656399,10.));
#2589 = B_SPLINE_CURVE_WITH_KNOTS('',1,(#2590,#2591),.UNSPECIFIED.,.F.,
  .F.,(2,2),(0.,0.848680304488),.PIECEWISE_BEZIER_KNOTS.);
#2590 = CARTESIAN_POINT('',(-7.068450725653,-7.282356504712,10.));
#2591 = CARTESIAN_POINT('',(-6.47735368307,-6.673371656399,10.));
#2592 = ORIENTED_EDGE('',*,*,#2593,.T.);
#2593 = EDGE_CURVE('',#2587,#2594,#2596,.T.);
#2594 = VERTEX_POINT('',#2595);
#2595 = CARTESIAN_POINT('',(-5.447207482784,-7.537766953117,10.));
#2596 = B_SPLINE_CURVE_WITH_KNOTS('',1,(#2597,#2598),.UNSPECIFIED.,.F.,
  .F.,(2,2),(0.,1.344760358931),.PIECEWISE_BEZIER_KNOTS.);
#2597 = CARTESIAN_POINT('',(-6.47735368307,-6.673371656399,10.));
#2598 = CARTESIAN_POINT('',(-5.447207482784,-7.537766953117,10.));
#2599 = ORIENTED_EDGE('',*,*,#2600,.T.);
#2600 = EDGE_CURVE('',#2594,#2601,#2603,.T.);
#2601 = VERTEX_POINT('',#2602);
#2602 = CARTESIAN_POINT('',(-5.944297558601,-8.225633012572,10.));
#2603 = B_SPLINE_CURVE_WITH_KNOTS('',1,(#2604,#2605),.UNSPECIFIED.,.F.,
  .F.,(2,2),(0.,0.848680304488),.PIECEWISE_BEZIER_KNOTS.);
#2604 = CARTESIAN_POINT('',(-5.447207482784,-7.537766953117,10.));
#2605 = CARTESIAN_POINT('',(-5.944297558601,-8.225633012572,10.));
#2606 = ORIENTED_EDGE('',*,*,#2607,.T.);
#2607 = EDGE_CURVE('',#2601,#2608,#2610,.T.);
#2608 = VERTEX_POINT('',#2609);
#2609 = CARTESIAN_POINT('',(-6.350649664847,-10.1818097033,10.));
#2610 = B_SPLINE_CURVE_WITH_KNOTS('',3,(#2611,#2612,#2613,#2614,#2615,
    #2616,#2617,#2618,#2619,#2620,#2621,#2622,#2623,#2624,#2625,#2626,
    #2627,#2628,#2629,#2630,#2631,#2632),.UNSPECIFIED.,.F.,.F.,(4,1,1,1,
    1,1,1,1,1,1,1,1,1,1,1,1,1,1,1,4),(0.,5.595890432166E-03,
    2.238333316142E-02,5.036237390098E-02,8.953301918139E-02,
    0.139895271179,0.201449130885,0.27419459883,0.358131675335,
    0.453260360606,0.559580654786,0.677092557974,0.805796070246,
    0.945691191659,1.096777922257,1.259056262075,1.43252621114,
    1.617187769477,1.813040937104,2.020085714038),.UNSPECIFIED.);
#2611 = CARTESIAN_POINT('',(-5.944297558601,-8.225633012572,10.));
#2612 = CARTESIAN_POINT('',(-5.945370045799,-8.227159412555,10.));
#2613 = CARTESIAN_POINT('',(-5.949604433265,-8.233302577127,10.));
#2614 = CARTESIAN_POINT('',(-5.958653757585,-8.247447666531,10.));
#2615 = CARTESIAN_POINT('',(-5.973046009878,-8.271445053868,10.));
#2616 = CARTESIAN_POINT('',(-5.992070295766,-8.305694755198,10.));
#2617 = CARTESIAN_POINT('',(-6.015087858396,-8.350498971153,10.));
#2618 = CARTESIAN_POINT('',(-6.041400611252,-8.406157939559,10.));
#2619 = CARTESIAN_POINT('',(-6.070312854594,-8.472925473496,10.));
#2620 = CARTESIAN_POINT('',(-6.101109400487,-8.551025321865,10.));
#2621 = CARTESIAN_POINT('',(-6.133065698015,-8.640644358041,10.));
#2622 = CARTESIAN_POINT('',(-6.165446459737,-8.741934204915,10.));
#2623 = CARTESIAN_POINT('',(-6.197508235487,-8.855010071424,10.));
#2624 = CARTESIAN_POINT('',(-6.228500699418,-8.979950602928,10.));
#2625 = CARTESIAN_POINT('',(-6.257668364026,-9.116797498868,10.));
#2626 = CARTESIAN_POINT('',(-6.284252200235,-9.265555275128,10.));
#2627 = CARTESIAN_POINT('',(-6.307491195326,-9.426191145672,10.));
#2628 = CARTESIAN_POINT('',(-6.326624374439,-9.598634643473,10.));
#2629 = CARTESIAN_POINT('',(-6.340890894937,-9.782778701346,10.));
#2630 = CARTESIAN_POINT('',(-6.349538076008,-9.978475085694,10.));
#2631 = CARTESIAN_POINT('',(-6.35100337502,-10.11279602732,10.));
#2632 = CARTESIAN_POINT('',(-6.350649664847,-10.1818097033,10.));
#2633 = ORIENTED_EDGE('',*,*,#2634,.T.);
#2634 = EDGE_CURVE('',#2608,#2635,#2637,.T.);
#2635 = VERTEX_POINT('',#2636);
#2636 = CARTESIAN_POINT('',(-5.64238102714,-10.59072879194,10.));
#2637 = B_SPLINE_CURVE_WITH_KNOTS('',1,(#2638,#2639),.UNSPECIFIED.,.F.,
  .F.,(2,2),(0.,0.817838177277),.PIECEWISE_BEZIER_KNOTS.);
#2638 = CARTESIAN_POINT('',(-6.350649664847,-10.1818097033,10.));
#2639 = CARTESIAN_POINT('',(-5.64238102714,-10.59072879194,10.));
#2640 = ORIENTED_EDGE('',*,*,#2641,.T.);
#2641 = EDGE_CURVE('',#2635,#2642,#2644,.T.);
#2642 = VERTEX_POINT('',#2643);
#2643 = CARTESIAN_POINT('',(-4.151458371795,-9.260729199688,10.));
#2644 = B_SPLINE_CURVE_WITH_KNOTS('',3,(#2645,#2646,#2647,#2648,#2649,
    #2650,#2651,#2652,#2653,#2654,#2655,#2656,#2657,#2658,#2659,#2660,
    #2661,#2662,#2663,#2664,#2665,#2666),.UNSPECIFIED.,.F.,.F.,(4,1,1,1,
    1,1,1,1,1,1,1,1,1,1,1,1,1,1,1,4),(0.,0.207044776933,0.402897944561,
    0.587559502897,0.761029451963,0.923307791781,1.074394522378,
    1.214289643791,1.342993156064,1.460505059252,1.566825353431,
    1.661954038703,1.745891115208,1.818636583153,1.880190442858,
    1.930552694856,1.969723340137,1.997702380876,2.014489823605,
    2.020085714038),.UNSPECIFIED.);
#2645 = CARTESIAN_POINT('',(-5.64238102714,-10.59072879194,10.));
#2646 = CARTESIAN_POINT('',(-5.582436575442,-10.55652827595,10.));
#2647 = CARTESIAN_POINT('',(-5.466843877237,-10.48809881896,10.));
#2648 = CARTESIAN_POINT('',(-5.301689427499,-10.38276194831,10.));
#2649 = CARTESIAN_POINT('',(-5.149349255674,-10.2783347502,10.));
#2650 = CARTESIAN_POINT('',(-5.009575395417,-10.17554318213,10.));
#2651 = CARTESIAN_POINT('',(-4.882080148312,-10.07509968675,10.));
#2652 = CARTESIAN_POINT('',(-4.766544053165,-9.977698521139,10.));
#2653 = CARTESIAN_POINT('',(-4.662614997156,-9.884015134649,10.));
#2654 = CARTESIAN_POINT('',(-4.569909554877,-9.794704607807,10.));
#2655 = CARTESIAN_POINT('',(-4.4880138698,-9.710400362262,10.));
#2656 = CARTESIAN_POINT('',(-4.416484670123,-9.63171287658,10.));
#2657 = CARTESIAN_POINT('',(-4.354850456896,-9.559228393022,10.));
#2658 = CARTESIAN_POINT('',(-4.302612277123,-9.493507877746,10.));
#2659 = CARTESIAN_POINT('',(-4.259246018257,-9.435085373563,10.));
#2660 = CARTESIAN_POINT('',(-4.224200314097,-9.384468376943,10.));
#2661 = CARTESIAN_POINT('',(-4.196907506198,-9.342132474995,10.));
#2662 = CARTESIAN_POINT('',(-4.176758537718,-9.308532109462,10.));
#2663 = CARTESIAN_POINT('',(-4.163172316806,-9.28406935969,10.));
#2664 = CARTESIAN_POINT('',(-4.155446972203,-9.269159870239,10.));
#2665 = CARTESIAN_POINT('',(-4.152244029358,-9.262421200838,10.));
#2666 = CARTESIAN_POINT('',(-4.151458371795,-9.260729199688,10.));
#2667 = ORIENTED_EDGE('',*,*,#2668,.T.);
#2668 = EDGE_CURVE('',#2642,#2669,#2671,.T.);
#2669 = VERTEX_POINT('',#2670);
#2670 = CARTESIAN_POINT('',(-3.804293927814,-8.486303536334,10.));
#2671 = B_SPLINE_CURVE_WITH_KNOTS('',1,(#2672,#2673),.UNSPECIFIED.,.F.,
  .F.,(2,2),(0.,0.848680304488),.PIECEWISE_BEZIER_KNOTS.);
#2672 = CARTESIAN_POINT('',(-4.151458371795,-9.260729199688,10.));
#2673 = CARTESIAN_POINT('',(-3.804293927814,-8.486303536334,10.));
#2674 = ORIENTED_EDGE('',*,*,#2675,.T.);
#2675 = EDGE_CURVE('',#2669,#2676,#2678,.T.);
#2676 = VERTEX_POINT('',#2677);
#2677 = CARTESIAN_POINT('',(-2.540632541801,-8.946238667034,10.));
#2678 = B_SPLINE_CURVE_WITH_KNOTS('',1,(#2679,#2680),.UNSPECIFIED.,.F.,
  .F.,(2,2),(0.,1.344760358931),.PIECEWISE_BEZIER_KNOTS.);
#2679 = CARTESIAN_POINT('',(-3.804293927814,-8.486303536334,10.));
#2680 = CARTESIAN_POINT('',(-2.540632541801,-8.946238667034,10.));
#2681 = ORIENTED_EDGE('',*,*,#2682,.T.);
#2682 = EDGE_CURVE('',#2676,#2683,#2685,.T.);
#2683 = VERTEX_POINT('',#2684);
#2684 = CARTESIAN_POINT('',(-2.772480369669,-9.76263614617,10.));
#2685 = B_SPLINE_CURVE_WITH_KNOTS('',1,(#2686,#2687),.UNSPECIFIED.,.F.,
  .F.,(2,2),(0.,0.848680304488),.PIECEWISE_BEZIER_KNOTS.);
#2686 = CARTESIAN_POINT('',(-2.540632541801,-8.946238667034,10.));
#2687 = CARTESIAN_POINT('',(-2.772480369669,-9.76263614617,10.));
#2688 = ORIENTED_EDGE('',*,*,#2689,.T.);
#2689 = EDGE_CURVE('',#2683,#2690,#2692,.T.);
#2690 = VERTEX_POINT('',#2691);
#2691 = CARTESIAN_POINT('',(-2.485274613213,-11.73982155302,10.));
#2692 = B_SPLINE_CURVE_WITH_KNOTS('',3,(#2693,#2694,#2695,#2696,#2697,
    #2698,#2699,#2700,#2701,#2702,#2703,#2704,#2705,#2706,#2707,#2708,
    #2709,#2710,#2711,#2712,#2713,#2714),.UNSPECIFIED.,.F.,.F.,(4,1,1,1,
    1,1,1,1,1,1,1,1,1,1,1,1,1,1,1,4),(0.,5.595890432166E-03,
    2.238333316142E-02,5.036237390098E-02,8.953301918139E-02,
    0.139895271179,0.201449130885,0.27419459883,0.358131675335,
    0.453260360606,0.559580654786,0.677092557974,0.805796070246,
    0.945691191659,1.096777922257,1.259056262075,1.43252621114,
    1.617187769477,1.813040937104,2.020085714038),.UNSPECIFIED.);
#2693 = CARTESIAN_POINT('',(-2.772480369669,-9.76263614617,10.));
#2694 = CARTESIAN_POINT('',(-2.772966118433,-9.764437305196,10.));
#2695 = CARTESIAN_POINT('',(-2.774844055061,-9.77165823742,10.));
#2696 = CARTESIAN_POINT('',(-2.778509732843,-9.788045324755,10.));
#2697 = CARTESIAN_POINT('',(-2.783826436263,-9.815517932745,10.));
#2698 = CARTESIAN_POINT('',(-2.78998932957,-9.854208813335,10.));
#2699 = CARTESIAN_POINT('',(-2.796294818959,-9.904183474518,10.));
#2700 = CARTESIAN_POINT('',(-2.801984230299,-9.965485287913,10.));
#2701 = CARTESIAN_POINT('',(-2.806317010491,-10.03811481647,10.));
#2702 = CARTESIAN_POINT('',(-2.808544576079,-10.12203770671,10.));
#2703 = CARTESIAN_POINT('',(-2.807922157456,-10.21718175114,10.));
#2704 = CARTESIAN_POINT('',(-2.803706952357,-10.32343794558,10.));
#2705 = CARTESIAN_POINT('',(-2.795160942369,-10.44066027606,10.));
#2706 = CARTESIAN_POINT('',(-2.781552153532,-10.56866601851,10.));
#2707 = CARTESIAN_POINT('',(-2.762156397767,-10.70723596563,10.));
#2708 = CARTESIAN_POINT('',(-2.736258876528,-10.85611475774,10.));
#2709 = CARTESIAN_POINT('',(-2.703155685262,-11.01501130435,10.));
#2710 = CARTESIAN_POINT('',(-2.662155842653,-11.1835991194,10.));
#2711 = CARTESIAN_POINT('',(-2.612581009623,-11.36151736913,10.));
#2712 = CARTESIAN_POINT('',(-2.553774596443,-11.54836932753,10.));
#2713 = CARTESIAN_POINT('',(-2.509211059405,-11.67509088697,10.));
#2714 = CARTESIAN_POINT('',(-2.485274613213,-11.73982155302,10.));
#2715 = ORIENTED_EDGE('',*,*,#2716,.T.);
#2716 = EDGE_CURVE('',#2690,#2717,#2719,.T.);
#2717 = VERTEX_POINT('',#2718);
#2718 = CARTESIAN_POINT('',(-1.679861235521,-11.88183766213,10.));
#2719 = B_SPLINE_CURVE_WITH_KNOTS('',1,(#2720,#2721),.UNSPECIFIED.,.F.,
  .F.,(2,2),(0.,0.817838177277),.PIECEWISE_BEZIER_KNOTS.);
#2720 = CARTESIAN_POINT('',(-2.485274613213,-11.73982155302,10.));
#2721 = CARTESIAN_POINT('',(-1.679861235521,-11.88183766213,10.));
#2722 = ORIENTED_EDGE('',*,*,#2723,.T.);
#2723 = EDGE_CURVE('',#2717,#2724,#2726,.T.);
#2724 = VERTEX_POINT('',#2725);
#2725 = CARTESIAN_POINT('',(-0.733738869298,-10.12212127937,10.));
#2726 = B_SPLINE_CURVE_WITH_KNOTS('',3,(#2727,#2728,#2729,#2730,#2731,
    #2732,#2733,#2734,#2735,#2736,#2737,#2738,#2739,#2740,#2741,#2742,
    #2743,#2744,#2745,#2746,#2747,#2748),.UNSPECIFIED.,.F.,.F.,(4,1,1,1,
    1,1,1,1,1,1,1,1,1,1,1,1,1,1,1,4),(0.,0.207044776933,0.402897944561,
    0.587559502897,0.761029451963,0.923307791781,1.074394522378,
    1.214289643791,1.342993156064,1.460505059252,1.566825353431,
    1.661954038703,1.745891115208,1.818636583153,1.880190442858,
    1.930552694856,1.969723340137,1.997702380876,2.014489823605,
    2.020085714038),.UNSPECIFIED.);
#2727 = CARTESIAN_POINT('',(-1.679861235521,-11.88183766213,10.));
#2728 = CARTESIAN_POINT('',(-1.635229141986,-11.82919747966,10.));
#2729 = CARTESIAN_POINT('',(-1.550011789152,-11.72535979268,10.));
#2730 = CARTESIAN_POINT('',(-1.430844703041,-11.56988936406,10.));
#2731 = CARTESIAN_POINT('',(-1.323407972992,-11.41965648919,10.));
#2732 = CARTESIAN_POINT('',(-1.227220294774,-11.27525853548,10.));
#2733 = CARTESIAN_POINT('',(-1.14176765057,-11.13726658138,10.));
#2734 = CARTESIAN_POINT('',(-1.06651239515,-11.00622375297,10.));
#2735 = CARTESIAN_POINT('',(-1.000892633407,-10.88264433536,10.));
#2736 = CARTESIAN_POINT('',(-0.944324012582,-10.76701276367,10.));
#2737 = CARTESIAN_POINT('',(-0.896200991785,-10.65978271229,10.));
#2738 = CARTESIAN_POINT('',(-0.855898235809,-10.56137623552,10.));
#2739 = CARTESIAN_POINT('',(-0.822772173907,-10.47218295875,10.));
#2740 = CARTESIAN_POINT('',(-0.796162081905,-10.39255936578,10.));
#2741 = CARTESIAN_POINT('',(-0.775392801712,-10.32282803564,10.));
#2742 = CARTESIAN_POINT('',(-0.759772644561,-10.26327728067,10.));
#2743 = CARTESIAN_POINT('',(-0.74860552563,-10.21415985595,10.));
#2744 = CARTESIAN_POINT('',(-0.741163690469,-10.17569448731,10.));
#2745 = CARTESIAN_POINT('',(-0.736763572116,-10.14806026064,10.));
#2746 = CARTESIAN_POINT('',(-0.734603468519,-10.13140769996,10.));
#2747 = CARTESIAN_POINT('',(-0.733898447437,-10.12397995108,10.));
#2748 = CARTESIAN_POINT('',(-0.733738869298,-10.12212127937,10.));
#2749 = ORIENTED_EDGE('',*,*,#2750,.T.);
#2750 = EDGE_CURVE('',#2724,#2751,#2753,.T.);
#2751 = VERTEX_POINT('',#2752);
#2752 = CARTESIAN_POINT('',(-0.672380179465,-9.275661965286,10.));
#2753 = B_SPLINE_CURVE_WITH_KNOTS('',1,(#2754,#2755),.UNSPECIFIED.,.F.,
  .F.,(2,2),(0.,0.848680304488),.PIECEWISE_BEZIER_KNOTS.);
#2754 = CARTESIAN_POINT('',(-0.733738869298,-10.12212127937,10.));
#2755 = CARTESIAN_POINT('',(-0.672380179465,-9.275661965286,10.));
#2756 = ORIENTED_EDGE('',*,*,#2757,.T.);
#2757 = EDGE_CURVE('',#2751,#2758,#2760,.T.);
#2758 = VERTEX_POINT('',#2759);
#2759 = CARTESIAN_POINT('',(0.672380179465,-9.275661965286,10.));
#2760 = B_SPLINE_CURVE_WITH_KNOTS('',1,(#2761,#2762),.UNSPECIFIED.,.F.,
  .F.,(2,2),(0.,1.344760358931),.PIECEWISE_BEZIER_KNOTS.);
#2761 = CARTESIAN_POINT('',(-0.672380179465,-9.275661965286,10.));
#2762 = CARTESIAN_POINT('',(0.672380179465,-9.275661965286,10.));
#2763 = ORIENTED_EDGE('',*,*,#2764,.T.);
#2764 = EDGE_CURVE('',#2758,#2765,#2767,.T.);
#2765 = VERTEX_POINT('',#2766);
#2766 = CARTESIAN_POINT('',(0.733738869298,-10.12212127937,10.));
#2767 = B_SPLINE_CURVE_WITH_KNOTS('',1,(#2768,#2769),.UNSPECIFIED.,.F.,
  .F.,(2,2),(0.,0.848680304488),.PIECEWISE_BEZIER_KNOTS.);
#2768 = CARTESIAN_POINT('',(0.672380179465,-9.275661965286,10.));
#2769 = CARTESIAN_POINT('',(0.733738869298,-10.12212127937,10.));
#2770 = ORIENTED_EDGE('',*,*,#2771,.T.);
#2771 = EDGE_CURVE('',#2765,#2772,#2774,.T.);
#2772 = VERTEX_POINT('',#2773);
#2773 = CARTESIAN_POINT('',(1.679861235521,-11.88183766213,10.));
#2774 = B_SPLINE_CURVE_WITH_KNOTS('',3,(#2775,#2776,#2777,#2778,#2779,
    #2780,#2781,#2782,#2783,#2784,#2785,#2786,#2787,#2788,#2789,#2790,
    #2791,#2792,#2793,#2794,#2795,#2796),.UNSPECIFIED.,.F.,.F.,(4,1,1,1,
    1,1,1,1,1,1,1,1,1,1,1,1,1,1,1,4),(0.,5.595890432166E-03,
    2.238333316142E-02,5.036237390098E-02,8.953301918139E-02,
    0.139895271179,0.201449130885,0.27419459883,0.358131675335,
    0.453260360606,0.559580654786,0.677092557974,0.805796070246,
    0.945691191659,1.096777922257,1.259056262075,1.43252621114,
    1.617187769477,1.813040937104,2.020085714038),.UNSPECIFIED.);
#2775 = CARTESIAN_POINT('',(0.733738869298,-10.12212127937,10.));
#2776 = CARTESIAN_POINT('',(0.733898447437,-10.12397995108,10.));
#2777 = CARTESIAN_POINT('',(0.734603468519,-10.13140769996,10.));
#2778 = CARTESIAN_POINT('',(0.736763572116,-10.14806026064,10.));
#2779 = CARTESIAN_POINT('',(0.741163690469,-10.17569448731,10.));
#2780 = CARTESIAN_POINT('',(0.74860552563,-10.21415985595,10.));
#2781 = CARTESIAN_POINT('',(0.759772644561,-10.26327728067,10.));
#2782 = CARTESIAN_POINT('',(0.775392801712,-10.32282803564,10.));
#2783 = CARTESIAN_POINT('',(0.796162081905,-10.39255936578,10.));
#2784 = CARTESIAN_POINT('',(0.822772173907,-10.47218295875,10.));
#2785 = CARTESIAN_POINT('',(0.855898235809,-10.56137623552,10.));
#2786 = CARTESIAN_POINT('',(0.896200991785,-10.65978271229,10.));
#2787 = CARTESIAN_POINT('',(0.944324012582,-10.76701276367,10.));
#2788 = CARTESIAN_POINT('',(1.000892633407,-10.88264433536,10.));
#2789 = CARTESIAN_POINT('',(1.06651239515,-11.00622375297,10.));
#2790 = CARTESIAN_POINT('',(1.14176765057,-11.13726658138,10.));
#2791 = CARTESIAN_POINT('',(1.227220294774,-11.27525853548,10.));
#2792 = CARTESIAN_POINT('',(1.323407972992,-11.41965648919,10.));
#2793 = CARTESIAN_POINT('',(1.430844703041,-11.56988936406,10.));
#2794 = CARTESIAN_POINT('',(1.550011789152,-11.72535979268,10.));
#2795 = CARTESIAN_POINT('',(1.635229141986,-11.82919747966,10.));
#2796 = CARTESIAN_POINT('',(1.679861235521,-11.88183766213,10.));
#2797 = ORIENTED_EDGE('',*,*,#2798,.T.);
#2798 = EDGE_CURVE('',#2772,#2799,#2801,.T.);
#2799 = VERTEX_POINT('',#2800);
#2800 = CARTESIAN_POINT('',(2.485274613213,-11.73982155302,10.));
#2801 = B_SPLINE_CURVE_WITH_KNOTS('',1,(#2802,#2803),.UNSPECIFIED.,.F.,
  .F.,(2,2),(0.,0.817838177277),.PIECEWISE_BEZIER_KNOTS.);
#2802 = CARTESIAN_POINT('',(1.679861235521,-11.88183766213,10.));
#2803 = CARTESIAN_POINT('',(2.485274613213,-11.73982155302,10.));
#2804 = ORIENTED_EDGE('',*,*,#2805,.T.);
#2805 = EDGE_CURVE('',#2799,#2806,#2808,.T.);
#2806 = VERTEX_POINT('',#2807);
#2807 = CARTESIAN_POINT('',(2.772480369669,-9.76263614617,10.));
#2808 = B_SPLINE_CURVE_WITH_KNOTS('',3,(#2809,#2810,#2811,#2812,#2813,
    #2814,#2815,#2816,#2817,#2818,#2819,#2820,#2821,#2822,#2823,#2824,
    #2825,#2826,#2827,#2828,#2829,#2830),.UNSPECIFIED.,.F.,.F.,(4,1,1,1,
    1,1,1,1,1,1,1,1,1,1,1,1,1,1,1,4),(0.,0.207044776933,0.402897944561,
    0.587559502897,0.761029451963,0.923307791781,1.074394522378,
    1.214289643791,1.342993156064,1.460505059252,1.566825353431,
    1.661954038703,1.745891115208,1.818636583153,1.880190442858,
    1.930552694856,1.969723340137,1.997702380876,2.014489823605,
    2.020085714038),.UNSPECIFIED.);
#2809 = CARTESIAN_POINT('',(2.485274613213,-11.73982155302,10.));
#2810 = CARTESIAN_POINT('',(2.509211059405,-11.67509088697,10.));
#2811 = CARTESIAN_POINT('',(2.553774596443,-11.54836932753,10.));
#2812 = CARTESIAN_POINT('',(2.612581009623,-11.36151736913,10.));
#2813 = CARTESIAN_POINT('',(2.662155842653,-11.1835991194,10.));
#2814 = CARTESIAN_POINT('',(2.703155685262,-11.01501130435,10.));
#2815 = CARTESIAN_POINT('',(2.736258876528,-10.85611475774,10.));
#2816 = CARTESIAN_POINT('',(2.762156397767,-10.70723596563,10.));
#2817 = CARTESIAN_POINT('',(2.781552153532,-10.56866601851,10.));
#2818 = CARTESIAN_POINT('',(2.795160942369,-10.44066027606,10.));
#2819 = CARTESIAN_POINT('',(2.803706952357,-10.32343794558,10.));
#2820 = CARTESIAN_POINT('',(2.807922157456,-10.21718175114,10.));
#2821 = CARTESIAN_POINT('',(2.808544576079,-10.12203770671,10.));
#2822 = CARTESIAN_POINT('',(2.806317010491,-10.03811481647,10.));
#2823 = CARTESIAN_POINT('',(2.801984230299,-9.965485287913,10.));
#2824 = CARTESIAN_POINT('',(2.796294818959,-9.904183474518,10.));
#2825 = CARTESIAN_POINT('',(2.78998932957,-9.854208813335,10.));
#2826 = CARTESIAN_POINT('',(2.783826436263,-9.815517932745,10.));
#2827 = CARTESIAN_POINT('',(2.778509732843,-9.788045324755,10.));
#2828 = CARTESIAN_POINT('',(2.774844055061,-9.77165823742,10.));
#2829 = CARTESIAN_POINT('',(2.772966118433,-9.764437305196,10.));
#2830 = CARTESIAN_POINT('',(2.772480369669,-9.76263614617,10.));
#2831 = ORIENTED_EDGE('',*,*,#2832,.T.);
#2832 = EDGE_CURVE('',#2806,#2833,#2835,.T.);
#2833 = VERTEX_POINT('',#2834);
#2834 = CARTESIAN_POINT('',(2.540632541801,-8.946238667034,10.));
#2835 = B_SPLINE_CURVE_WITH_KNOTS('',1,(#2836,#2837),.UNSPECIFIED.,.F.,
  .F.,(2,2),(0.,0.848680304488),.PIECEWISE_BEZIER_KNOTS.);
#2836 = CARTESIAN_POINT('',(2.772480369669,-9.76263614617,10.));
#2837 = CARTESIAN_POINT('',(2.540632541801,-8.946238667034,10.));
#2838 = ORIENTED_EDGE('',*,*,#2839,.T.);
#2839 = EDGE_CURVE('',#2833,#2840,#2842,.T.);
#2840 = VERTEX_POINT('',#2841);
#2841 = CARTESIAN_POINT('',(3.804293927814,-8.486303536334,10.));
#2842 = B_SPLINE_CURVE_WITH_KNOTS('',1,(#2843,#2844),.UNSPECIFIED.,.F.,
  .F.,(2,2),(0.,1.344760358931),.PIECEWISE_BEZIER_KNOTS.);
#2843 = CARTESIAN_POINT('',(2.540632541801,-8.946238667034,10.));
#2844 = CARTESIAN_POINT('',(3.804293927814,-8.486303536334,10.));
#2845 = ORIENTED_EDGE('',*,*,#2846,.T.);
#2846 = EDGE_CURVE('',#2840,#2847,#2849,.T.);
#2847 = VERTEX_POINT('',#2848);
#2848 = CARTESIAN_POINT('',(4.151458371795,-9.260729199688,10.));
#2849 = B_SPLINE_CURVE_WITH_KNOTS('',1,(#2850,#2851),.UNSPECIFIED.,.F.,
  .F.,(2,2),(0.,0.848680304488),.PIECEWISE_BEZIER_KNOTS.);
#2850 = CARTESIAN_POINT('',(3.804293927814,-8.486303536334,10.));
#2851 = CARTESIAN_POINT('',(4.151458371795,-9.260729199688,10.));
#2852 = ORIENTED_EDGE('',*,*,#2853,.T.);
#2853 = EDGE_CURVE('',#2847,#2854,#2856,.T.);
#2854 = VERTEX_POINT('',#2855);
#2855 = CARTESIAN_POINT('',(5.64238102714,-10.59072879194,10.));
#2856 = B_SPLINE_CURVE_WITH_KNOTS('',3,(#2857,#2858,#2859,#2860,#2861,
    #2862,#2863,#2864,#2865,#2866,#2867,#2868,#2869,#2870,#2871,#2872,
    #2873,#2874,#2875,#2876,#2877,#2878),.UNSPECIFIED.,.F.,.F.,(4,1,1,1,
    1,1,1,1,1,1,1,1,1,1,1,1,1,1,1,4),(0.,5.595890432166E-03,
    2.238333316142E-02,5.036237390098E-02,8.953301918139E-02,
    0.139895271179,0.201449130885,0.27419459883,0.358131675335,
    0.453260360606,0.559580654786,0.677092557974,0.805796070246,
    0.945691191659,1.096777922257,1.259056262075,1.43252621114,
    1.617187769477,1.813040937104,2.020085714038),.UNSPECIFIED.);
#2857 = CARTESIAN_POINT('',(4.151458371795,-9.260729199688,10.));
#2858 = CARTESIAN_POINT('',(4.152244029358,-9.262421200838,10.));
#2859 = CARTESIAN_POINT('',(4.155446972203,-9.269159870239,10.));
#2860 = CARTESIAN_POINT('',(4.163172316806,-9.28406935969,10.));
#2861 = CARTESIAN_POINT('',(4.176758537718,-9.308532109462,10.));
#2862 = CARTESIAN_POINT('',(4.196907506198,-9.342132474995,10.));
#2863 = CARTESIAN_POINT('',(4.224200314097,-9.384468376943,10.));
#2864 = CARTESIAN_POINT('',(4.259246018257,-9.435085373563,10.));
#2865 = CARTESIAN_POINT('',(4.302612277123,-9.493507877746,10.));
#2866 = CARTESIAN_POINT('',(4.354850456896,-9.559228393022,10.));
#2867 = CARTESIAN_POINT('',(4.416484670123,-9.63171287658,10.));
#2868 = CARTESIAN_POINT('',(4.4880138698,-9.710400362262,10.));
#2869 = CARTESIAN_POINT('',(4.569909554877,-9.794704607807,10.));
#2870 = CARTESIAN_POINT('',(4.662614997156,-9.884015134649,10.));
#2871 = CARTESIAN_POINT('',(4.766544053165,-9.977698521139,10.));
#2872 = CARTESIAN_POINT('',(4.882080148312,-10.07509968675,10.));
#2873 = CARTESIAN_POINT('',(5.009575395417,-10.17554318213,10.));
#2874 = CARTESIAN_POINT('',(5.149349255674,-10.2783347502,10.));
#2875 = CARTESIAN_POINT('',(5.301689427499,-10.38276194831,10.));
#2876 = CARTESIAN_POINT('',(5.466843877237,-10.48809881896,10.));
#2877 = CARTESIAN_POINT('',(5.582436575442,-10.55652827595,10.));
#2878 = CARTESIAN_POINT('',(5.64238102714,-10.59072879194,10.));
#2879 = ORIENTED_EDGE('',*,*,#2880,.T.);
#2880 = EDGE_CURVE('',#2854,#2881,#2883,.T.);
#2881 = VERTEX_POINT('',#2882);
#2882 = CARTESIAN_POINT('',(6.350649664847,-10.1818097033,10.));
#2883 = B_SPLINE_CURVE_WITH_KNOTS('',1,(#2884,#2885),.UNSPECIFIED.,.F.,
  .F.,(2,2),(0.,0.817838177277),.PIECEWISE_BEZIER_KNOTS.);
#2884 = CARTESIAN_POINT('',(5.64238102714,-10.59072879194,10.));
#2885 = CARTESIAN_POINT('',(6.350649664847,-10.1818097033,10.));
#2886 = ORIENTED_EDGE('',*,*,#2887,.T.);
#2887 = EDGE_CURVE('',#2881,#2888,#2890,.T.);
#2888 = VERTEX_POINT('',#2889);
#2889 = CARTESIAN_POINT('',(5.944297558601,-8.225633012572,10.));
#2890 = B_SPLINE_CURVE_WITH_KNOTS('',3,(#2891,#2892,#2893,#2894,#2895,
    #2896,#2897,#2898,#2899,#2900,#2901,#2902,#2903,#2904,#2905,#2906,
    #2907,#2908,#2909,#2910,#2911,#2912),.UNSPECIFIED.,.F.,.F.,(4,1,1,1,
    1,1,1,1,1,1,1,1,1,1,1,1,1,1,1,4),(0.,0.207044776933,0.402897944561,
    0.587559502897,0.761029451963,0.923307791781,1.074394522378,
    1.214289643791,1.342993156064,1.460505059252,1.566825353431,
    1.661954038703,1.745891115208,1.818636583153,1.880190442858,
    1.930552694856,1.969723340137,1.997702380876,2.014489823605,
    2.020085714038),.UNSPECIFIED.);
#2891 = CARTESIAN_POINT('',(6.350649664847,-10.1818097033,10.));
#2892 = CARTESIAN_POINT('',(6.35100337502,-10.11279602732,10.));
#2893 = CARTESIAN_POINT('',(6.349538076008,-9.978475085694,10.));
#2894 = CARTESIAN_POINT('',(6.340890894937,-9.782778701346,10.));
#2895 = CARTESIAN_POINT('',(6.326624374439,-9.598634643473,10.));
#2896 = CARTESIAN_POINT('',(6.307491195326,-9.426191145672,10.));
#2897 = CARTESIAN_POINT('',(6.284252200235,-9.265555275128,10.));
#2898 = CARTESIAN_POINT('',(6.257668364026,-9.116797498868,10.));
#2899 = CARTESIAN_POINT('',(6.228500699418,-8.979950602928,10.));
#2900 = CARTESIAN_POINT('',(6.197508235487,-8.855010071424,10.));
#2901 = CARTESIAN_POINT('',(6.165446459737,-8.741934204915,10.));
#2902 = CARTESIAN_POINT('',(6.133065698015,-8.640644358041,10.));
#2903 = CARTESIAN_POINT('',(6.101109400487,-8.551025321865,10.));
#2904 = CARTESIAN_POINT('',(6.070312854594,-8.472925473496,10.));
#2905 = CARTESIAN_POINT('',(6.041400611252,-8.406157939559,10.));
#2906 = CARTESIAN_POINT('',(6.015087858396,-8.350498971153,10.));
#2907 = CARTESIAN_POINT('',(5.992070295766,-8.305694755198,10.));
#2908 = CARTESIAN_POINT('',(5.973046009878,-8.271445053868,10.));
#2909 = CARTESIAN_POINT('',(5.958653757585,-8.247447666531,10.));
#2910 = CARTESIAN_POINT('',(5.949604433265,-8.233302577127,10.));
#2911 = CARTESIAN_POINT('',(5.945370045799,-8.227159412555,10.));
#2912 = CARTESIAN_POINT('',(5.944297558601,-8.225633012572,10.));
#2913 = ORIENTED_EDGE('',*,*,#2914,.T.);
#2914 = EDGE_CURVE('',#2888,#2915,#2917,.T.);
#2915 = VERTEX_POINT('',#2916);
#2916 = CARTESIAN_POINT('',(5.447207482784,-7.537766953117,10.));
#2917 = B_SPLINE_CURVE_WITH_KNOTS('',1,(#2918,#2919),.UNSPECIFIED.,.F.,
  .F.,(2,2),(0.,0.848680304488),.PIECEWISE_BEZIER_KNOTS.);
#2918 = CARTESIAN_POINT('',(5.944297558601,-8.225633012572,10.));
#2919 = CARTESIAN_POINT('',(5.447207482784,-7.537766953117,10.));
#2920 = ORIENTED_EDGE('',*,*,#2921,.T.);
#2921 = EDGE_CURVE('',#2915,#2922,#2924,.T.);
#2922 = VERTEX_POINT('',#2923);
#2923 = CARTESIAN_POINT('',(6.47735368307,-6.673371656399,10.));
#2924 = B_SPLINE_CURVE_WITH_KNOTS('',1,(#2925,#2926),.UNSPECIFIED.,.F.,
  .F.,(2,2),(0.,1.344760358931),.PIECEWISE_BEZIER_KNOTS.);
#2925 = CARTESIAN_POINT('',(5.447207482784,-7.537766953117,10.));
#2926 = CARTESIAN_POINT('',(6.47735368307,-6.673371656399,10.));
#2927 = ORIENTED_EDGE('',*,*,#2928,.T.);
#2928 = EDGE_CURVE('',#2922,#2929,#2931,.T.);
#2929 = VERTEX_POINT('',#2930);
#2930 = CARTESIAN_POINT('',(7.068450725653,-7.282356504712,10.));
#2931 = B_SPLINE_CURVE_WITH_KNOTS('',1,(#2932,#2933),.UNSPECIFIED.,.F.,
  .F.,(2,2),(0.,0.848680304488),.PIECEWISE_BEZIER_KNOTS.);
#2932 = CARTESIAN_POINT('',(6.47735368307,-6.673371656399,10.));
#2933 = CARTESIAN_POINT('',(7.068450725653,-7.282356504712,10.));
#2934 = ORIENTED_EDGE('',*,*,#2935,.T.);
#2935 = EDGE_CURVE('',#2929,#2936,#2938,.T.);
#2936 = VERTEX_POINT('',#2937);
#2937 = CARTESIAN_POINT('',(8.924346394211,-8.022221726937,10.));
#2938 = B_SPLINE_CURVE_WITH_KNOTS('',3,(#2939,#2940,#2941,#2942,#2943,
    #2944,#2945,#2946,#2947,#2948,#2949,#2950,#2951,#2952,#2953,#2954,
    #2955,#2956,#2957,#2958,#2959,#2960),.UNSPECIFIED.,.F.,.F.,(4,1,1,1,
    1,1,1,1,1,1,1,1,1,1,1,1,1,1,1,4),(0.,5.595890432166E-03,
    2.238333316142E-02,5.036237390098E-02,8.953301918139E-02,
    0.139895271179,0.201449130885,0.27419459883,0.358131675335,
    0.453260360606,0.559580654786,0.677092557974,0.805796070246,
    0.945691191659,1.096777922257,1.259056262075,1.43252621114,
    1.617187769477,1.813040937104,2.020085714038),.UNSPECIFIED.);
#2939 = CARTESIAN_POINT('',(7.068450725653,-7.282356504712,10.));
#2940 = CARTESIAN_POINT('',(7.069767700743,-7.283677754995,10.));
#2941 = CARTESIAN_POINT('',(7.075082243174,-7.288914561933,10.));
#2942 = CARTESIAN_POINT('',(7.08744103821,-7.300282675682,10.));
#2943 = CARTESIAN_POINT('',(7.108574662928,-7.318623379903,10.));
#2944 = CARTESIAN_POINT('',(7.13900050176,-7.343306042363,10.));
#2945 = CARTESIAN_POINT('',(7.179127083195,-7.373754086948,10.));
#2946 = CARTESIAN_POINT('',(7.229371305223,-7.409332168399,10.));
#2947 = CARTESIAN_POINT('',(7.290103931925,-7.449399230394,10.));
#2948 = CARTESIAN_POINT('',(7.361669504035,-7.4932898039,10.));
#2949 = CARTESIAN_POINT('',(7.444377872848,-7.54032279578,10.));
#2950 = CARTESIAN_POINT('',(7.538506039086,-7.589800418298,10.));
#2951 = CARTESIAN_POINT('',(7.644296560171,-7.64101052179,10.));
#2952 = CARTESIAN_POINT('',(7.761957179379,-7.693227836166,10.));
#2953 = CARTESIAN_POINT('',(7.89166015167,-7.745715592509,10.));
#2954 = CARTESIAN_POINT('',(8.033541728339,-7.797727077274,10.));
#2955 = CARTESIAN_POINT('',(8.187701769914,-7.848507145999,10.));
#2956 = CARTESIAN_POINT('',(8.354203021819,-7.897294148274,10.));
#2957 = CARTESIAN_POINT('',(8.533072162398,-7.943320208346,10.));
#2958 = CARTESIAN_POINT('',(8.724293911705,-7.985818339824,10.));
#2959 = CARTESIAN_POINT('',(8.85631976991,-8.010585964388,10.));
#2960 = CARTESIAN_POINT('',(8.924346394211,-8.022221726937,10.));
#2961 = ORIENTED_EDGE('',*,*,#2962,.T.);
#2962 = EDGE_CURVE('',#2936,#2963,#2965,.T.);
#2963 = VERTEX_POINT('',#2964);
#2964 = CARTESIAN_POINT('',(9.450042641293,-7.395721335863,10.));
#2965 = B_SPLINE_CURVE_WITH_KNOTS('',1,(#2966,#2967),.UNSPECIFIED.,.F.,
  .F.,(2,2),(0.,0.817838177277),.PIECEWISE_BEZIER_KNOTS.);
#2966 = CARTESIAN_POINT('',(8.924346394211,-8.022221726937,10.));
#2967 = CARTESIAN_POINT('',(9.450042641293,-7.395721335863,10.));
#2968 = ORIENTED_EDGE('',*,*,#2969,.T.);
#2969 = EDGE_CURVE('',#2963,#2970,#2972,.T.);
#2970 = VERTEX_POINT('',#2971);
#2971 = CARTESIAN_POINT('',(8.399144733477,-5.696497140244,10.));
#2972 = B_SPLINE_CURVE_WITH_KNOTS('',3,(#2973,#2974,#2975,#2976,#2977,
    #2978,#2979,#2980,#2981,#2982,#2983,#2984,#2985,#2986,#2987,#2988,
    #2989,#2990,#2991,#2992,#2993,#2994),.UNSPECIFIED.,.F.,.F.,(4,1,1,1,
    1,1,1,1,1,1,1,1,1,1,1,1,1,1,1,4),(0.,0.207044776933,0.402897944561,
    0.587559502897,0.761029451963,0.923307791781,1.074394522378,
    1.214289643791,1.342993156064,1.460505059252,1.566825353431,
    1.661954038703,1.745891115208,1.818636583153,1.880190442858,
    1.930552694856,1.969723340137,1.997702380876,2.014489823605,
    2.020085714038),.UNSPECIFIED.);
#2973 = CARTESIAN_POINT('',(9.450042641293,-7.395721335863,10.));
#2974 = CARTESIAN_POINT('',(9.426770952781,-7.330748717802,10.));
#2975 = CARTESIAN_POINT('',(9.379453554404,-7.205029481914,10.));
#2976 = CARTESIAN_POINT('',(9.304395756738,-7.024092543738,10.));
#2977 = CARTESIAN_POINT('',(9.228008635636,-6.855933168778,10.));
#2978 = CARTESIAN_POINT('',(9.151050178578,-6.700433219055,10.));
#2979 = CARTESIAN_POINT('',(9.07427196291,-6.557433081303,10.));
#2980 = CARTESIAN_POINT('',(8.998413172234,-6.426738704137,10.));
#2981 = CARTESIAN_POINT('',(8.924200138074,-6.308120614674,10.));
#2982 = CARTESIAN_POINT('',(8.852344569926,-6.201314966139,10.));
#2983 = CARTESIAN_POINT('',(8.783542131774,-6.106024181929,10.));
#2984 = CARTESIAN_POINT('',(8.718471000983,-6.021917733026,10.));
#2985 = CARTESIAN_POINT('',(8.65779038841,-5.94863308351,10.));
#2986 = CARTESIAN_POINT('',(8.602139380157,-5.885776271353,10.));
#2987 = CARTESIAN_POINT('',(8.552134916911,-5.832923882017,10.));
#2988 = CARTESIAN_POINT('',(8.508372528868,-5.789621051628,10.));
#2989 = CARTESIAN_POINT('',(8.471419150754,-5.755391330584,10.));
#2990 = CARTESIAN_POINT('',(8.441828081931,-5.729713827967,10.));
#2991 = CARTESIAN_POINT('',(8.420096198799,-5.71208610036,10.));
#2992 = CARTESIAN_POINT('',(8.406754710006,-5.701889115427,10.));
#2993 = CARTESIAN_POINT('',(8.400674601324,-5.697564674819,10.));
#2994 = CARTESIAN_POINT('',(8.399144733477,-5.696497140244,10.));
#2995 = ORIENTED_EDGE('',*,*,#2996,.T.);
#2996 = EDGE_CURVE('',#2970,#2997,#2999,.T.);
#2997 = VERTEX_POINT('',#2998);
#2998 = CARTESIAN_POINT('',(7.696768809122,-5.220129299061,10.));
#2999 = B_SPLINE_CURVE_WITH_KNOTS('',1,(#3000,#3001),.UNSPECIFIED.,.F.,
  .F.,(2,2),(0.,0.848680304488),.PIECEWISE_BEZIER_KNOTS.);
#3000 = CARTESIAN_POINT('',(8.399144733477,-5.696497140244,10.));
#3001 = CARTESIAN_POINT('',(7.696768809122,-5.220129299061,10.));
#3002 = ORIENTED_EDGE('',*,*,#3003,.T.);
#3003 = EDGE_CURVE('',#2997,#3004,#3006,.T.);
#3004 = VERTEX_POINT('',#3005);
#3005 = CARTESIAN_POINT('',(8.369148988588,-4.055532666225,10.));
#3006 = B_SPLINE_CURVE_WITH_KNOTS('',1,(#3007,#3008),.UNSPECIFIED.,.F.,
  .F.,(2,2),(0.,1.344760358931),.PIECEWISE_BEZIER_KNOTS.);
#3007 = CARTESIAN_POINT('',(7.696768809122,-5.220129299061,10.));
#3008 = CARTESIAN_POINT('',(8.369148988588,-4.055532666225,10.));
#3009 = ORIENTED_EDGE('',*,*,#3010,.T.);
#3010 = EDGE_CURVE('',#3004,#3011,#3013,.T.);
#3011 = VERTEX_POINT('',#3012);
#3012 = CARTESIAN_POINT('',(9.132883602775,-4.425624139132,10.));
#3013 = B_SPLINE_CURVE_WITH_KNOTS('',1,(#3014,#3015),.UNSPECIFIED.,.F.,
  .F.,(2,2),(0.,0.848680304488),.PIECEWISE_BEZIER_KNOTS.);
#3014 = CARTESIAN_POINT('',(8.369148988588,-4.055532666225,10.));
#3015 = CARTESIAN_POINT('',(9.132883602775,-4.425624139132,10.));
#3016 = ORIENTED_EDGE('',*,*,#3017,.T.);
#3017 = EDGE_CURVE('',#3011,#3018,#3020,.T.);
#3018 = VERTEX_POINT('',#3019);
#3019 = CARTESIAN_POINT('',(11.129903876814,-4.486116326275,10.));
#3020 = B_SPLINE_CURVE_WITH_KNOTS('',3,(#3021,#3022,#3023,#3024,#3025,
    #3026,#3027,#3028,#3029,#3030,#3031,#3032,#3033,#3034,#3035,#3036,
    #3037,#3038,#3039,#3040,#3041,#3042),.UNSPECIFIED.,.F.,.F.,(4,1,1,1,
    1,1,1,1,1,1,1,1,1,1,1,1,1,1,1,4),(0.,5.595890432166E-03,
    2.238333316142E-02,5.036237390098E-02,8.953301918139E-02,
    0.139895271179,0.201449130885,0.27419459883,0.358131675335,
    0.453260360606,0.559580654786,0.677092557974,0.805796070246,
    0.945691191659,1.096777922257,1.259056262075,1.43252621114,
    1.617187769477,1.813040937104,2.020085714038),.UNSPECIFIED.);
#3021 = CARTESIAN_POINT('',(9.132883602775,-4.425624139132,10.));
#3022 = CARTESIAN_POINT('',(9.13457304876,-4.426415276263,10.));
#3023 = CARTESIAN_POINT('',(9.141358178525,-4.429518584536,10.));
#3024 = CARTESIAN_POINT('',(9.156859770915,-4.435974160289,10.));
#3025 = CARTESIAN_POINT('',(9.1829917724,-4.44598065935,10.));
#3026 = CARTESIAN_POINT('',(9.220024676384,-4.458768525367,10.));
#3027 = CARTESIAN_POINT('',(9.268145173429,-4.473656229048,10.));
#3028 = CARTESIAN_POINT('',(9.327527718623,-4.489904153629,10.));
#3029 = CARTESIAN_POINT('',(9.398301462062,-4.506783094434,10.));
#3030 = CARTESIAN_POINT('',(9.480562562317,-4.523549875249,10.));
#3031 = CARTESIAN_POINT('',(9.574369236792,-4.539458502496,10.));
#3032 = CARTESIAN_POINT('',(9.679743123559,-4.553758530363,10.));
#3033 = CARTESIAN_POINT('',(9.796668582508,-4.56569779754,10.));
#3034 = CARTESIAN_POINT('',(9.925092771481,-4.574523720691,10.));
#3035 = CARTESIAN_POINT('',(10.064925567384,-4.579485048835,10.));
#3036 = CARTESIAN_POINT('',(10.21603961348,-4.579833500078,10.));
#3037 = CARTESIAN_POINT('',(10.378270473351,-4.574825316427,10.));
#3038 = CARTESIAN_POINT('',(10.551416608629,-4.563723320414,10.));
#3039 = CARTESIAN_POINT('',(10.735240459779,-4.545796820331,10.));
#3040 = CARTESIAN_POINT('',(10.929465343556,-4.520330310773,10.));
#3041 = CARTESIAN_POINT('',(11.062000094767,-4.498448761864,10.));
#3042 = CARTESIAN_POINT('',(11.129903876814,-4.486116326275,10.));
#3043 = ORIENTED_EDGE('',*,*,#3044,.T.);
#3044 = EDGE_CURVE('',#3018,#3045,#3047,.T.);
#3045 = VERTEX_POINT('',#3046);
#3046 = CARTESIAN_POINT('',(11.409621007424,-3.71759982609,10.));
#3047 = B_SPLINE_CURVE_WITH_KNOTS('',1,(#3048,#3049),.UNSPECIFIED.,.F.,
  .F.,(2,2),(0.,0.817838177277),.PIECEWISE_BEZIER_KNOTS.);
#3048 = CARTESIAN_POINT('',(11.129903876814,-4.486116326275,10.));
#3049 = CARTESIAN_POINT('',(11.409621007424,-3.71759982609,10.));
#3050 = ORIENTED_EDGE('',*,*,#3051,.T.);
#3051 = EDGE_CURVE('',#3045,#3052,#3054,.T.);
#3052 = VERTEX_POINT('',#3053);
#3053 = CARTESIAN_POINT('',(9.840931095322,-2.480279641458,10.));
#3054 = B_SPLINE_CURVE_WITH_KNOTS('',3,(#3055,#3056,#3057,#3058,#3059,
    #3060,#3061,#3062,#3063,#3064,#3065,#3066,#3067,#3068,#3069,#3070,
    #3071,#3072,#3073,#3074,#3075,#3076),.UNSPECIFIED.,.F.,.F.,(4,1,1,1,
    1,1,1,1,1,1,1,1,1,1,1,1,1,1,1,4),(0.,0.207044776933,0.402897944561,
    0.587559502897,0.761029451963,0.923307791781,1.074394522378,
    1.214289643791,1.342993156064,1.460505059252,1.566825353431,
    1.661954038703,1.745891115208,1.818636583153,1.880190442858,
    1.930552694856,1.969723340137,1.997702380876,2.014489823605,
    2.020085714038),.UNSPECIFIED.);
#3055 = CARTESIAN_POINT('',(11.409621007424,-3.71759982609,10.));
#3056 = CARTESIAN_POINT('',(11.365530829314,-3.664504922586,10.));
#3057 = CARTESIAN_POINT('',(11.278068508148,-3.562550987706,10.));
#3058 = CARTESIAN_POINT('',(11.145653172021,-3.418197160789,10.));
#3059 = CARTESIAN_POINT('',(11.016358864473,-3.286304971132,10.));
#3060 = CARTESIAN_POINT('',(10.890857455176,-3.166504158357,10.));
#3061 = CARTESIAN_POINT('',(10.769800604867,-3.058387680467,10.));
#3062 = CARTESIAN_POINT('',(10.653816549437,-2.961520373125,10.));
#3063 = CARTESIAN_POINT('',(10.543509332911,-2.875438182346,10.));
#3064 = CARTESIAN_POINT('',(10.43945750254,-2.799649754275,10.));
#3065 = CARTESIAN_POINT('',(10.342212991443,-2.733637527282,10.));
#3066 = CARTESIAN_POINT('',(10.252300030304,-2.676858955367,10.));
#3067 = CARTESIAN_POINT('',(10.170214080114,-2.628747902809,10.));
#3068 = CARTESIAN_POINT('',(10.096420942416,-2.588715586079,10.));
#3069 = CARTESIAN_POINT('',(10.031355535522,-2.556153119514,10.));
#3070 = CARTESIAN_POINT('',(9.975421902154,-2.53042938757,10.));
#3071 = CARTESIAN_POINT('',(9.92898983133,-2.510902770973,10.));
#3072 = CARTESIAN_POINT('',(9.89240109919,-2.496894552843,10.));
#3073 = CARTESIAN_POINT('',(9.865950771052,-2.487762649073,10.));
#3074 = CARTESIAN_POINT('',(9.849926298236,-2.482743675486,10.));
#3075 = CARTESIAN_POINT('',(9.842733819177,-2.480759550201,10.));
#3076 = CARTESIAN_POINT('',(9.840931095322,-2.480279641458,10.));
#3077 = ORIENTED_EDGE('',*,*,#3078,.T.);
#3078 = EDGE_CURVE('',#3052,#3079,#3081,.T.);
#3079 = VERTEX_POINT('',#3080);
#3080 = CARTESIAN_POINT('',(9.017986224871,-2.272867010636,10.));
#3081 = B_SPLINE_CURVE_WITH_KNOTS('',1,(#3082,#3083),.UNSPECIFIED.,.F.,
  .F.,(2,2),(0.,0.848680304488),.PIECEWISE_BEZIER_KNOTS.);
#3082 = CARTESIAN_POINT('',(9.840931095322,-2.480279641458,10.));
#3083 = CARTESIAN_POINT('',(9.017986224871,-2.272867010636,10.));
#3084 = ORIENTED_EDGE('',*,*,#3085,.T.);
#3085 = EDGE_CURVE('',#3079,#3086,#3088,.T.);
#3086 = VERTEX_POINT('',#3087);
#3087 = CARTESIAN_POINT('',(9.251501410598,-0.948536583217,10.));
#3088 = B_SPLINE_CURVE_WITH_KNOTS('',1,(#3089,#3090),.UNSPECIFIED.,.F.,
  .F.,(2,2),(0.,1.344760358931),.PIECEWISE_BEZIER_KNOTS.);
#3089 = CARTESIAN_POINT('',(9.017986224871,-2.272867010636,10.));
#3090 = CARTESIAN_POINT('',(9.251501410598,-0.948536583217,10.));
#3091 = ORIENTED_EDGE('',*,*,#3092,.T.);
#3092 = EDGE_CURVE('',#3086,#64,#3093,.T.);
#3093 = B_SPLINE_CURVE_WITH_KNOTS('',1,(#3094,#3095),.UNSPECIFIED.,.F.,
  .F.,(2,2),(0.,0.848680304488),.PIECEWISE_BEZIER_KNOTS.);
#3094 = CARTESIAN_POINT('',(9.251501410598,-0.948536583217,10.));
#3095 = CARTESIAN_POINT('',(10.095755930396,-1.035096187116,10.));
#3096 = ORIENTED_EDGE('',*,*,#71,.T.);
#3097 = FACE_BOUND('',#3098,.T.);
#3098 = EDGE_LOOP('',(#3099));
#3099 = ORIENTED_EDGE('',*,*,#3100,.F.);
#3100 = EDGE_CURVE('',#3101,#3101,#3103,.T.);
#3101 = VERTEX_POINT('',#3102);
#3102 = CARTESIAN_POINT('',(5.5,0.,10.));
#3103 = CIRCLE('',#3104,5.5);
#3104 = AXIS2_PLACEMENT_3D('',#3105,#3106,#3107);
#3105 = CARTESIAN_POINT('',(0.,0.,10.));
#3106 = DIRECTION('',(0.,0.,1.));
#3107 = DIRECTION('',(1.,0.,0.));
#3108 = PLANE('',#3109);
#3109 = AXIS2_PLACEMENT_3D('',#3110,#3111,#3112);
#3110 = CARTESIAN_POINT('',(-4.334938721823E-15,-3.241835420987E-15,10.)
  );
#3111 = DIRECTION('',(0.,0.,1.));
#3112 = DIRECTION('',(1.,0.,0.));
#3113 = ADVANCED_FACE('',(#3114),#3125,.F.);
#3114 = FACE_BOUND('',#3115,.F.);
#3115 = EDGE_LOOP('',(#3116,#3122,#3123,#3124));
#3116 = ORIENTED_EDGE('',*,*,#3117,.T.);
#3117 = EDGE_CURVE('',#1648,#3086,#3118,.T.);
#3118 = LINE('',#3119,#3120);
#3119 = CARTESIAN_POINT('',(9.251501410598,-0.948536583217,0.));
#3120 = VECTOR('',#3121,1.);
#3121 = DIRECTION('',(0.,0.,1.));
#3122 = ORIENTED_EDGE('',*,*,#3092,.T.);
#3123 = ORIENTED_EDGE('',*,*,#61,.F.);
#3124 = ORIENTED_EDGE('',*,*,#1654,.F.);
#3125 = SURFACE_OF_LINEAR_EXTRUSION('',#3126,#3129);
#3126 = B_SPLINE_CURVE_WITH_KNOTS('',1,(#3127,#3128),.UNSPECIFIED.,.F.,
  .F.,(2,2),(0.,0.848680304488),.PIECEWISE_BEZIER_KNOTS.);
#3127 = CARTESIAN_POINT('',(9.251501410598,-0.948536583217,0.));
#3128 = CARTESIAN_POINT('',(10.095755930396,-1.035096187116,0.));
#3129 = VECTOR('',#3130,1.);
#3130 = DIRECTION('',(-0.,-0.,-1.));
#3131 = ADVANCED_FACE('',(#3132),#3143,.F.);
#3132 = FACE_BOUND('',#3133,.F.);
#3133 = EDGE_LOOP('',(#3134,#3135,#3136,#3142));
#3134 = ORIENTED_EDGE('',*,*,#179,.T.);
#3135 = ORIENTED_EDGE('',*,*,#1681,.T.);
#3136 = ORIENTED_EDGE('',*,*,#3137,.F.);
#3137 = EDGE_CURVE('',#244,#1682,#3138,.T.);
#3138 = LINE('',#3139,#3140);
#3139 = CARTESIAN_POINT('',(9.251501410598,0.948536583217,0.));
#3140 = VECTOR('',#3141,1.);
#3141 = DIRECTION('',(0.,0.,1.));
#3142 = ORIENTED_EDGE('',*,*,#243,.F.);
#3143 = PLANE('',#3144);
#3144 = AXIS2_PLACEMENT_3D('',#3145,#3146,#3147);
#3145 = CARTESIAN_POINT('',(10.095755930396,1.035096187116,0.));
#3146 = DIRECTION('',(0.101993180991,-0.994785097914,0.));
#3147 = DIRECTION('',(-0.994785097914,-0.101993180991,0.));
#3148 = ADVANCED_FACE('',(#3149),#3160,.F.);
#3149 = FACE_BOUND('',#3150,.F.);
#3150 = EDGE_LOOP('',(#3151,#3157,#3158,#3159));
#3151 = ORIENTED_EDGE('',*,*,#3152,.T.);
#3152 = EDGE_CURVE('',#1641,#3079,#3153,.T.);
#3153 = LINE('',#3154,#3155);
#3154 = CARTESIAN_POINT('',(9.017986224871,-2.272867010636,0.));
#3155 = VECTOR('',#3156,1.);
#3156 = DIRECTION('',(0.,0.,1.));
#3157 = ORIENTED_EDGE('',*,*,#3085,.T.);
#3158 = ORIENTED_EDGE('',*,*,#3117,.F.);
#3159 = ORIENTED_EDGE('',*,*,#1647,.F.);
#3160 = SURFACE_OF_LINEAR_EXTRUSION('',#3161,#3164);
#3161 = B_SPLINE_CURVE_WITH_KNOTS('',1,(#3162,#3163),.UNSPECIFIED.,.F.,
  .F.,(2,2),(0.,1.344760358931),.PIECEWISE_BEZIER_KNOTS.);
#3162 = CARTESIAN_POINT('',(9.017986224871,-2.272867010636,0.));
#3163 = CARTESIAN_POINT('',(9.251501410598,-0.948536583217,0.));
#3164 = VECTOR('',#3165,1.);
#3165 = DIRECTION('',(-0.,-0.,-1.));
#3166 = ADVANCED_FACE('',(#3167),#3178,.F.);
#3167 = FACE_BOUND('',#3168,.F.);
#3168 = EDGE_LOOP('',(#3169,#3170,#3171,#3177));
#3169 = ORIENTED_EDGE('',*,*,#3137,.T.);
#3170 = ORIENTED_EDGE('',*,*,#1689,.T.);
#3171 = ORIENTED_EDGE('',*,*,#3172,.F.);
#3172 = EDGE_CURVE('',#252,#1690,#3173,.T.);
#3173 = LINE('',#3174,#3175);
#3174 = CARTESIAN_POINT('',(9.017986224871,2.272867010636,0.));
#3175 = VECTOR('',#3176,1.);
#3176 = DIRECTION('',(0.,0.,1.));
#3177 = ORIENTED_EDGE('',*,*,#251,.F.);
#3178 = PLANE('',#3179);
#3179 = AXIS2_PLACEMENT_3D('',#3180,#3181,#3182);
#3180 = CARTESIAN_POINT('',(9.251501410598,0.948536583217,0.));
#3181 = DIRECTION('',(-0.984807753012,-0.173648177667,0.));
#3182 = DIRECTION('',(-0.173648177667,0.984807753012,0.));
#3183 = ADVANCED_FACE('',(#3184),#3195,.F.);
#3184 = FACE_BOUND('',#3185,.F.);
#3185 = EDGE_LOOP('',(#3186,#3192,#3193,#3194));
#3186 = ORIENTED_EDGE('',*,*,#3187,.T.);
#3187 = EDGE_CURVE('',#1614,#3052,#3188,.T.);
#3188 = LINE('',#3189,#3190);
#3189 = CARTESIAN_POINT('',(9.840931095322,-2.480279641458,0.));
#3190 = VECTOR('',#3191,1.);
#3191 = DIRECTION('',(0.,0.,1.));
#3192 = ORIENTED_EDGE('',*,*,#3078,.T.);
#3193 = ORIENTED_EDGE('',*,*,#3152,.F.);
#3194 = ORIENTED_EDGE('',*,*,#1640,.F.);
#3195 = SURFACE_OF_LINEAR_EXTRUSION('',#3196,#3199);
#3196 = B_SPLINE_CURVE_WITH_KNOTS('',1,(#3197,#3198),.UNSPECIFIED.,.F.,
  .F.,(2,2),(0.,0.848680304488),.PIECEWISE_BEZIER_KNOTS.);
#3197 = CARTESIAN_POINT('',(9.840931095322,-2.480279641458,0.));
#3198 = CARTESIAN_POINT('',(9.017986224871,-2.272867010636,0.));
#3199 = VECTOR('',#3200,1.);
#3200 = DIRECTION('',(-0.,-0.,-1.));
#3201 = ADVANCED_FACE('',(#3202),#3213,.F.);
#3202 = FACE_BOUND('',#3203,.F.);
#3203 = EDGE_LOOP('',(#3204,#3205,#3206,#3212));
#3204 = ORIENTED_EDGE('',*,*,#3172,.T.);
#3205 = ORIENTED_EDGE('',*,*,#1697,.T.);
#3206 = ORIENTED_EDGE('',*,*,#3207,.F.);
#3207 = EDGE_CURVE('',#260,#1698,#3208,.T.);
#3208 = LINE('',#3209,#3210);
#3209 = CARTESIAN_POINT('',(9.840931095322,2.480279641458,0.));
#3210 = VECTOR('',#3211,1.);
#3211 = DIRECTION('',(0.,0.,1.));
#3212 = ORIENTED_EDGE('',*,*,#259,.F.);
#3213 = PLANE('',#3214);
#3214 = AXIS2_PLACEMENT_3D('',#3215,#3216,#3217);
#3215 = CARTESIAN_POINT('',(9.017986224871,2.272867010636,0.));
#3216 = DIRECTION('',(-0.244394302219,0.969675938158,0.));
#3217 = DIRECTION('',(0.969675938158,0.244394302219,0.));
#3218 = ADVANCED_FACE('',(#3219),#3230,.F.);
#3219 = FACE_BOUND('',#3220,.F.);
#3220 = EDGE_LOOP('',(#3221,#3227,#3228,#3229));
#3221 = ORIENTED_EDGE('',*,*,#3222,.T.);
#3222 = EDGE_CURVE('',#1607,#3045,#3223,.T.);
#3223 = LINE('',#3224,#3225);
#3224 = CARTESIAN_POINT('',(11.409621007424,-3.71759982609,0.));
#3225 = VECTOR('',#3226,1.);
#3226 = DIRECTION('',(0.,0.,1.));
#3227 = ORIENTED_EDGE('',*,*,#3051,.T.);
#3228 = ORIENTED_EDGE('',*,*,#3187,.F.);
#3229 = ORIENTED_EDGE('',*,*,#1613,.F.);
#3230 = SURFACE_OF_LINEAR_EXTRUSION('',#3231,#3254);
#3231 = B_SPLINE_CURVE_WITH_KNOTS('',3,(#3232,#3233,#3234,#3235,#3236,
    #3237,#3238,#3239,#3240,#3241,#3242,#3243,#3244,#3245,#3246,#3247,
    #3248,#3249,#3250,#3251,#3252,#3253),.UNSPECIFIED.,.F.,.F.,(4,1,1,1,
    1,1,1,1,1,1,1,1,1,1,1,1,1,1,1,4),(0.,0.207044776933,0.402897944561,
    0.587559502897,0.761029451963,0.923307791781,1.074394522378,
    1.214289643791,1.342993156064,1.460505059252,1.566825353431,
    1.661954038703,1.745891115208,1.818636583153,1.880190442858,
    1.930552694856,1.969723340137,1.997702380876,2.014489823605,
    2.020085714038),.UNSPECIFIED.);
#3232 = CARTESIAN_POINT('',(11.409621007424,-3.71759982609,0.));
#3233 = CARTESIAN_POINT('',(11.365530829314,-3.664504922586,0.));
#3234 = CARTESIAN_POINT('',(11.278068508148,-3.562550987706,0.));
#3235 = CARTESIAN_POINT('',(11.145653172021,-3.418197160789,0.));
#3236 = CARTESIAN_POINT('',(11.016358864473,-3.286304971132,0.));
#3237 = CARTESIAN_POINT('',(10.890857455176,-3.166504158357,0.));
#3238 = CARTESIAN_POINT('',(10.769800604867,-3.058387680467,0.));
#3239 = CARTESIAN_POINT('',(10.653816549437,-2.961520373125,0.));
#3240 = CARTESIAN_POINT('',(10.543509332911,-2.875438182346,0.));
#3241 = CARTESIAN_POINT('',(10.43945750254,-2.799649754275,0.));
#3242 = CARTESIAN_POINT('',(10.342212991443,-2.733637527282,0.));
#3243 = CARTESIAN_POINT('',(10.252300030304,-2.676858955367,0.));
#3244 = CARTESIAN_POINT('',(10.170214080114,-2.628747902809,0.));
#3245 = CARTESIAN_POINT('',(10.096420942416,-2.588715586079,0.));
#3246 = CARTESIAN_POINT('',(10.031355535522,-2.556153119514,0.));
#3247 = CARTESIAN_POINT('',(9.975421902154,-2.53042938757,0.));
#3248 = CARTESIAN_POINT('',(9.92898983133,-2.510902770973,0.));
#3249 = CARTESIAN_POINT('',(9.89240109919,-2.496894552843,0.));
#3250 = CARTESIAN_POINT('',(9.865950771052,-2.487762649073,0.));
#3251 = CARTESIAN_POINT('',(9.849926298236,-2.482743675486,0.));
#3252 = CARTESIAN_POINT('',(9.842733819177,-2.480759550201,0.));
#3253 = CARTESIAN_POINT('',(9.840931095322,-2.480279641458,0.));
#3254 = VECTOR('',#3255,1.);
#3255 = DIRECTION('',(-0.,-0.,-1.));
#3256 = ADVANCED_FACE('',(#3257),#3268,.F.);
#3257 = FACE_BOUND('',#3258,.F.);
#3258 = EDGE_LOOP('',(#3259,#3260,#3261,#3267));
#3259 = ORIENTED_EDGE('',*,*,#3207,.T.);
#3260 = ORIENTED_EDGE('',*,*,#1705,.T.);
#3261 = ORIENTED_EDGE('',*,*,#3262,.F.);
#3262 = EDGE_CURVE('',#268,#1706,#3263,.T.);
#3263 = LINE('',#3264,#3265);
#3264 = CARTESIAN_POINT('',(11.409621007424,3.71759982609,0.));
#3265 = VECTOR('',#3266,1.);
#3266 = DIRECTION('',(0.,0.,1.));
#3267 = ORIENTED_EDGE('',*,*,#267,.F.);
#3268 = SURFACE_OF_LINEAR_EXTRUSION('',#3269,#3292);
#3269 = B_SPLINE_CURVE_WITH_KNOTS('',3,(#3270,#3271,#3272,#3273,#3274,
    #3275,#3276,#3277,#3278,#3279,#3280,#3281,#3282,#3283,#3284,#3285,
    #3286,#3287,#3288,#3289,#3290,#3291),.UNSPECIFIED.,.F.,.F.,(4,1,1,1,
    1,1,1,1,1,1,1,1,1,1,1,1,1,1,1,4),(0.,5.595890432166E-03,
    2.238333316142E-02,5.036237390098E-02,8.953301918139E-02,
    0.139895271179,0.201449130885,0.27419459883,0.358131675335,
    0.453260360606,0.559580654786,0.677092557974,0.805796070246,
    0.945691191659,1.096777922257,1.259056262075,1.43252621114,
    1.617187769477,1.813040937104,2.020085714038),.UNSPECIFIED.);
#3270 = CARTESIAN_POINT('',(9.840931095322,2.480279641458,0.));
#3271 = CARTESIAN_POINT('',(9.842733819177,2.480759550201,0.));
#3272 = CARTESIAN_POINT('',(9.849926298236,2.482743675486,0.));
#3273 = CARTESIAN_POINT('',(9.865950771052,2.487762649073,0.));
#3274 = CARTESIAN_POINT('',(9.89240109919,2.496894552843,0.));
#3275 = CARTESIAN_POINT('',(9.92898983133,2.510902770973,0.));
#3276 = CARTESIAN_POINT('',(9.975421902154,2.53042938757,0.));
#3277 = CARTESIAN_POINT('',(10.031355535522,2.556153119514,0.));
#3278 = CARTESIAN_POINT('',(10.096420942416,2.588715586079,0.));
#3279 = CARTESIAN_POINT('',(10.170214080114,2.628747902809,0.));
#3280 = CARTESIAN_POINT('',(10.252300030304,2.676858955367,0.));
#3281 = CARTESIAN_POINT('',(10.342212991443,2.733637527282,0.));
#3282 = CARTESIAN_POINT('',(10.43945750254,2.799649754275,0.));
#3283 = CARTESIAN_POINT('',(10.543509332911,2.875438182346,0.));
#3284 = CARTESIAN_POINT('',(10.653816549437,2.961520373125,0.));
#3285 = CARTESIAN_POINT('',(10.769800604867,3.058387680467,0.));
#3286 = CARTESIAN_POINT('',(10.890857455176,3.166504158357,0.));
#3287 = CARTESIAN_POINT('',(11.016358864473,3.286304971132,0.));
#3288 = CARTESIAN_POINT('',(11.145653172021,3.418197160789,0.));
#3289 = CARTESIAN_POINT('',(11.278068508148,3.562550987706,0.));
#3290 = CARTESIAN_POINT('',(11.365530829314,3.664504922586,0.));
#3291 = CARTESIAN_POINT('',(11.409621007424,3.71759982609,0.));
#3292 = VECTOR('',#3293,1.);
#3293 = DIRECTION('',(-0.,-0.,-1.));
#3294 = ADVANCED_FACE('',(#3295),#3306,.F.);
#3295 = FACE_BOUND('',#3296,.F.);
#3296 = EDGE_LOOP('',(#3297,#3303,#3304,#3305));
#3297 = ORIENTED_EDGE('',*,*,#3298,.T.);
#3298 = EDGE_CURVE('',#1580,#3018,#3299,.T.);
#3299 = LINE('',#3300,#3301);
#3300 = CARTESIAN_POINT('',(11.129903876814,-4.486116326275,0.));
#3301 = VECTOR('',#3302,1.);
#3302 = DIRECTION('',(0.,0.,1.));
#3303 = ORIENTED_EDGE('',*,*,#3044,.T.);
#3304 = ORIENTED_EDGE('',*,*,#3222,.F.);
#3305 = ORIENTED_EDGE('',*,*,#1606,.F.);
#3306 = SURFACE_OF_LINEAR_EXTRUSION('',#3307,#3310);
#3307 = B_SPLINE_CURVE_WITH_KNOTS('',1,(#3308,#3309),.UNSPECIFIED.,.F.,
  .F.,(2,2),(0.,0.817838177277),.PIECEWISE_BEZIER_KNOTS.);
#3308 = CARTESIAN_POINT('',(11.129903876814,-4.486116326275,0.));
#3309 = CARTESIAN_POINT('',(11.409621007424,-3.71759982609,0.));
#3310 = VECTOR('',#3311,1.);
#3311 = DIRECTION('',(-0.,-0.,-1.));
#3312 = ADVANCED_FACE('',(#3313),#3324,.F.);
#3313 = FACE_BOUND('',#3314,.F.);
#3314 = EDGE_LOOP('',(#3315,#3316,#3317,#3323));
#3315 = ORIENTED_EDGE('',*,*,#3262,.T.);
#3316 = ORIENTED_EDGE('',*,*,#1732,.T.);
#3317 = ORIENTED_EDGE('',*,*,#3318,.F.);
#3318 = EDGE_CURVE('',#295,#1733,#3319,.T.);
#3319 = LINE('',#3320,#3321);
#3320 = CARTESIAN_POINT('',(11.129903876814,4.486116326275,0.));
#3321 = VECTOR('',#3322,1.);
#3322 = DIRECTION('',(0.,0.,1.));
#3323 = ORIENTED_EDGE('',*,*,#294,.F.);
#3324 = SURFACE_OF_LINEAR_EXTRUSION('',#3325,#3328);
#3325 = B_SPLINE_CURVE_WITH_KNOTS('',1,(#3326,#3327),.UNSPECIFIED.,.F.,
  .F.,(2,2),(0.,0.817838177277),.PIECEWISE_BEZIER_KNOTS.);
#3326 = CARTESIAN_POINT('',(11.409621007424,3.71759982609,0.));
#3327 = CARTESIAN_POINT('',(11.129903876814,4.486116326275,0.));
#3328 = VECTOR('',#3329,1.);
#3329 = DIRECTION('',(-0.,-0.,-1.));
#3330 = ADVANCED_FACE('',(#3331),#3342,.F.);
#3331 = FACE_BOUND('',#3332,.F.);
#3332 = EDGE_LOOP('',(#3333,#3339,#3340,#3341));
#3333 = ORIENTED_EDGE('',*,*,#3334,.T.);
#3334 = EDGE_CURVE('',#1573,#3011,#3335,.T.);
#3335 = LINE('',#3336,#3337);
#3336 = CARTESIAN_POINT('',(9.132883602775,-4.425624139132,0.));
#3337 = VECTOR('',#3338,1.);
#3338 = DIRECTION('',(0.,0.,1.));
#3339 = ORIENTED_EDGE('',*,*,#3017,.T.);
#3340 = ORIENTED_EDGE('',*,*,#3298,.F.);
#3341 = ORIENTED_EDGE('',*,*,#1579,.F.);
#3342 = SURFACE_OF_LINEAR_EXTRUSION('',#3343,#3366);
#3343 = B_SPLINE_CURVE_WITH_KNOTS('',3,(#3344,#3345,#3346,#3347,#3348,
    #3349,#3350,#3351,#3352,#3353,#3354,#3355,#3356,#3357,#3358,#3359,
    #3360,#3361,#3362,#3363,#3364,#3365),.UNSPECIFIED.,.F.,.F.,(4,1,1,1,
    1,1,1,1,1,1,1,1,1,1,1,1,1,1,1,4),(0.,5.595890432166E-03,
    2.238333316142E-02,5.036237390098E-02,8.953301918139E-02,
    0.139895271179,0.201449130885,0.27419459883,0.358131675335,
    0.453260360606,0.559580654786,0.677092557974,0.805796070246,
    0.945691191659,1.096777922257,1.259056262075,1.43252621114,
    1.617187769477,1.813040937104,2.020085714038),.UNSPECIFIED.);
#3344 = CARTESIAN_POINT('',(9.132883602775,-4.425624139132,0.));
#3345 = CARTESIAN_POINT('',(9.13457304876,-4.426415276263,0.));
#3346 = CARTESIAN_POINT('',(9.141358178525,-4.429518584536,0.));
#3347 = CARTESIAN_POINT('',(9.156859770915,-4.435974160289,0.));
#3348 = CARTESIAN_POINT('',(9.1829917724,-4.44598065935,0.));
#3349 = CARTESIAN_POINT('',(9.220024676384,-4.458768525367,0.));
#3350 = CARTESIAN_POINT('',(9.268145173429,-4.473656229048,0.));
#3351 = CARTESIAN_POINT('',(9.327527718623,-4.489904153629,0.));
#3352 = CARTESIAN_POINT('',(9.398301462062,-4.506783094434,0.));
#3353 = CARTESIAN_POINT('',(9.480562562317,-4.523549875249,0.));
#3354 = CARTESIAN_POINT('',(9.574369236792,-4.539458502496,0.));
#3355 = CARTESIAN_POINT('',(9.679743123559,-4.553758530363,0.));
#3356 = CARTESIAN_POINT('',(9.796668582508,-4.56569779754,0.));
#3357 = CARTESIAN_POINT('',(9.925092771481,-4.574523720691,0.));
#3358 = CARTESIAN_POINT('',(10.064925567384,-4.579485048835,0.));
#3359 = CARTESIAN_POINT('',(10.21603961348,-4.579833500078,0.));
#3360 = CARTESIAN_POINT('',(10.378270473351,-4.574825316427,0.));
#3361 = CARTESIAN_POINT('',(10.551416608629,-4.563723320414,0.));
#3362 = CARTESIAN_POINT('',(10.735240459779,-4.545796820331,0.));
#3363 = CARTESIAN_POINT('',(10.929465343556,-4.520330310773,0.));
#3364 = CARTESIAN_POINT('',(11.062000094767,-4.498448761864,0.));
#3365 = CARTESIAN_POINT('',(11.129903876814,-4.486116326275,0.));
#3366 = VECTOR('',#3367,1.);
#3367 = DIRECTION('',(-0.,-0.,-1.));
#3368 = ADVANCED_FACE('',(#3369),#3380,.F.);
#3369 = FACE_BOUND('',#3370,.F.);
#3370 = EDGE_LOOP('',(#3371,#3372,#3373,#3379));
#3371 = ORIENTED_EDGE('',*,*,#3318,.T.);
#3372 = ORIENTED_EDGE('',*,*,#1739,.T.);
#3373 = ORIENTED_EDGE('',*,*,#3374,.F.);
#3374 = EDGE_CURVE('',#302,#1740,#3375,.T.);
#3375 = LINE('',#3376,#3377);
#3376 = CARTESIAN_POINT('',(9.132883602775,4.425624139132,0.));
#3377 = VECTOR('',#3378,1.);
#3378 = DIRECTION('',(0.,0.,1.));
#3379 = ORIENTED_EDGE('',*,*,#301,.F.);
#3380 = SURFACE_OF_LINEAR_EXTRUSION('',#3381,#3404);
#3381 = B_SPLINE_CURVE_WITH_KNOTS('',3,(#3382,#3383,#3384,#3385,#3386,
    #3387,#3388,#3389,#3390,#3391,#3392,#3393,#3394,#3395,#3396,#3397,
    #3398,#3399,#3400,#3401,#3402,#3403),.UNSPECIFIED.,.F.,.F.,(4,1,1,1,
    1,1,1,1,1,1,1,1,1,1,1,1,1,1,1,4),(0.,0.207044776933,0.402897944561,
    0.587559502897,0.761029451963,0.923307791781,1.074394522378,
    1.214289643791,1.342993156064,1.460505059252,1.566825353431,
    1.661954038703,1.745891115208,1.818636583153,1.880190442858,
    1.930552694856,1.969723340137,1.997702380876,2.014489823605,
    2.020085714038),.UNSPECIFIED.);
#3382 = CARTESIAN_POINT('',(11.129903876814,4.486116326275,0.));
#3383 = CARTESIAN_POINT('',(11.062000094767,4.498448761864,0.));
#3384 = CARTESIAN_POINT('',(10.929465343556,4.520330310773,0.));
#3385 = CARTESIAN_POINT('',(10.735240459779,4.545796820331,0.));
#3386 = CARTESIAN_POINT('',(10.551416608629,4.563723320414,0.));
#3387 = CARTESIAN_POINT('',(10.378270473351,4.574825316427,0.));
#3388 = CARTESIAN_POINT('',(10.21603961348,4.579833500078,0.));
#3389 = CARTESIAN_POINT('',(10.064925567384,4.579485048835,0.));
#3390 = CARTESIAN_POINT('',(9.925092771481,4.574523720691,0.));
#3391 = CARTESIAN_POINT('',(9.796668582508,4.56569779754,0.));
#3392 = CARTESIAN_POINT('',(9.679743123559,4.553758530363,0.));
#3393 = CARTESIAN_POINT('',(9.574369236792,4.539458502496,0.));
#3394 = CARTESIAN_POINT('',(9.480562562317,4.523549875249,0.));
#3395 = CARTESIAN_POINT('',(9.398301462062,4.506783094434,0.));
#3396 = CARTESIAN_POINT('',(9.327527718623,4.489904153629,0.));
#3397 = CARTESIAN_POINT('',(9.268145173429,4.473656229048,0.));
#3398 = CARTESIAN_POINT('',(9.220024676384,4.458768525367,0.));
#3399 = CARTESIAN_POINT('',(9.1829917724,4.44598065935,0.));
#3400 = CARTESIAN_POINT('',(9.156859770915,4.435974160289,0.));
#3401 = CARTESIAN_POINT('',(9.141358178525,4.429518584536,0.));
#3402 = CARTESIAN_POINT('',(9.13457304876,4.426415276263,0.));
#3403 = CARTESIAN_POINT('',(9.132883602775,4.425624139132,0.));
#3404 = VECTOR('',#3405,1.);
#3405 = DIRECTION('',(-0.,-0.,-1.));
#3406 = ADVANCED_FACE('',(#3407),#3418,.F.);
#3407 = FACE_BOUND('',#3408,.F.);
#3408 = EDGE_LOOP('',(#3409,#3415,#3416,#3417));
#3409 = ORIENTED_EDGE('',*,*,#3410,.T.);
#3410 = EDGE_CURVE('',#1566,#3004,#3411,.T.);
#3411 = LINE('',#3412,#3413);
#3412 = CARTESIAN_POINT('',(8.369148988588,-4.055532666225,0.));
#3413 = VECTOR('',#3414,1.);
#3414 = DIRECTION('',(0.,0.,1.));
#3415 = ORIENTED_EDGE('',*,*,#3010,.T.);
#3416 = ORIENTED_EDGE('',*,*,#3334,.F.);
#3417 = ORIENTED_EDGE('',*,*,#1572,.F.);
#3418 = SURFACE_OF_LINEAR_EXTRUSION('',#3419,#3422);
#3419 = B_SPLINE_CURVE_WITH_KNOTS('',1,(#3420,#3421),.UNSPECIFIED.,.F.,
  .F.,(2,2),(0.,0.848680304488),.PIECEWISE_BEZIER_KNOTS.);
#3420 = CARTESIAN_POINT('',(8.369148988588,-4.055532666225,0.));
#3421 = CARTESIAN_POINT('',(9.132883602775,-4.425624139132,0.));
#3422 = VECTOR('',#3423,1.);
#3423 = DIRECTION('',(-0.,-0.,-1.));
#3424 = ADVANCED_FACE('',(#3425),#3436,.F.);
#3425 = FACE_BOUND('',#3426,.F.);
#3426 = EDGE_LOOP('',(#3427,#3428,#3429,#3435));
#3427 = ORIENTED_EDGE('',*,*,#3374,.T.);
#3428 = ORIENTED_EDGE('',*,*,#1766,.T.);
#3429 = ORIENTED_EDGE('',*,*,#3430,.F.);
#3430 = EDGE_CURVE('',#329,#1767,#3431,.T.);
#3431 = LINE('',#3432,#3433);
#3432 = CARTESIAN_POINT('',(8.369148988588,4.055532666225,0.));
#3433 = VECTOR('',#3434,1.);
#3434 = DIRECTION('',(0.,0.,1.));
#3435 = ORIENTED_EDGE('',*,*,#328,.F.);
#3436 = SURFACE_OF_LINEAR_EXTRUSION('',#3437,#3440);
#3437 = B_SPLINE_CURVE_WITH_KNOTS('',1,(#3438,#3439),.UNSPECIFIED.,.F.,
  .F.,(2,2),(0.,0.848680304488),.PIECEWISE_BEZIER_KNOTS.);
#3438 = CARTESIAN_POINT('',(9.132883602775,4.425624139132,0.));
#3439 = CARTESIAN_POINT('',(8.369148988588,4.055532666225,0.));
#3440 = VECTOR('',#3441,1.);
#3441 = DIRECTION('',(-0.,-0.,-1.));
#3442 = ADVANCED_FACE('',(#3443),#3454,.F.);
#3443 = FACE_BOUND('',#3444,.F.);
#3444 = EDGE_LOOP('',(#3445,#3451,#3452,#3453));
#3445 = ORIENTED_EDGE('',*,*,#3446,.T.);
#3446 = EDGE_CURVE('',#1559,#2997,#3447,.T.);
#3447 = LINE('',#3448,#3449);
#3448 = CARTESIAN_POINT('',(7.696768809122,-5.220129299061,0.));
#3449 = VECTOR('',#3450,1.);
#3450 = DIRECTION('',(0.,0.,1.));
#3451 = ORIENTED_EDGE('',*,*,#3003,.T.);
#3452 = ORIENTED_EDGE('',*,*,#3410,.F.);
#3453 = ORIENTED_EDGE('',*,*,#1565,.F.);
#3454 = SURFACE_OF_LINEAR_EXTRUSION('',#3455,#3458);
#3455 = B_SPLINE_CURVE_WITH_KNOTS('',1,(#3456,#3457),.UNSPECIFIED.,.F.,
  .F.,(2,2),(0.,1.344760358931),.PIECEWISE_BEZIER_KNOTS.);
#3456 = CARTESIAN_POINT('',(7.696768809122,-5.220129299061,0.));
#3457 = CARTESIAN_POINT('',(8.369148988588,-4.055532666225,0.));
#3458 = VECTOR('',#3459,1.);
#3459 = DIRECTION('',(-0.,-0.,-1.));
#3460 = ADVANCED_FACE('',(#3461),#3472,.F.);
#3461 = FACE_BOUND('',#3462,.F.);
#3462 = EDGE_LOOP('',(#3463,#3464,#3465,#3471));
#3463 = ORIENTED_EDGE('',*,*,#3430,.T.);
#3464 = ORIENTED_EDGE('',*,*,#1773,.T.);
#3465 = ORIENTED_EDGE('',*,*,#3466,.F.);
#3466 = EDGE_CURVE('',#336,#1774,#3467,.T.);
#3467 = LINE('',#3468,#3469);
#3468 = CARTESIAN_POINT('',(7.696768809122,5.220129299061,0.));
#3469 = VECTOR('',#3470,1.);
#3470 = DIRECTION('',(0.,0.,1.));
#3471 = ORIENTED_EDGE('',*,*,#335,.F.);
#3472 = SURFACE_OF_LINEAR_EXTRUSION('',#3473,#3476);
#3473 = B_SPLINE_CURVE_WITH_KNOTS('',1,(#3474,#3475),.UNSPECIFIED.,.F.,
  .F.,(2,2),(0.,1.344760358931),.PIECEWISE_BEZIER_KNOTS.);
#3474 = CARTESIAN_POINT('',(8.369148988588,4.055532666225,0.));
#3475 = CARTESIAN_POINT('',(7.696768809122,5.220129299061,0.));
#3476 = VECTOR('',#3477,1.);
#3477 = DIRECTION('',(-0.,-0.,-1.));
#3478 = ADVANCED_FACE('',(#3479),#3490,.F.);
#3479 = FACE_BOUND('',#3480,.F.);
#3480 = EDGE_LOOP('',(#3481,#3487,#3488,#3489));
#3481 = ORIENTED_EDGE('',*,*,#3482,.T.);
#3482 = EDGE_CURVE('',#1532,#2970,#3483,.T.);
#3483 = LINE('',#3484,#3485);
#3484 = CARTESIAN_POINT('',(8.399144733477,-5.696497140244,0.));
#3485 = VECTOR('',#3486,1.);
#3486 = DIRECTION('',(0.,0.,1.));
#3487 = ORIENTED_EDGE('',*,*,#2996,.T.);
#3488 = ORIENTED_EDGE('',*,*,#3446,.F.);
#3489 = ORIENTED_EDGE('',*,*,#1558,.F.);
#3490 = SURFACE_OF_LINEAR_EXTRUSION('',#3491,#3494);
#3491 = B_SPLINE_CURVE_WITH_KNOTS('',1,(#3492,#3493),.UNSPECIFIED.,.F.,
  .F.,(2,2),(0.,0.848680304488),.PIECEWISE_BEZIER_KNOTS.);
#3492 = CARTESIAN_POINT('',(8.399144733477,-5.696497140244,0.));
#3493 = CARTESIAN_POINT('',(7.696768809122,-5.220129299061,0.));
#3494 = VECTOR('',#3495,1.);
#3495 = DIRECTION('',(-0.,-0.,-1.));
#3496 = ADVANCED_FACE('',(#3497),#3508,.F.);
#3497 = FACE_BOUND('',#3498,.F.);
#3498 = EDGE_LOOP('',(#3499,#3500,#3501,#3507));
#3499 = ORIENTED_EDGE('',*,*,#3466,.T.);
#3500 = ORIENTED_EDGE('',*,*,#1780,.T.);
#3501 = ORIENTED_EDGE('',*,*,#3502,.F.);
#3502 = EDGE_CURVE('',#343,#1781,#3503,.T.);
#3503 = LINE('',#3504,#3505);
#3504 = CARTESIAN_POINT('',(8.399144733477,5.696497140244,0.));
#3505 = VECTOR('',#3506,1.);
#3506 = DIRECTION('',(0.,0.,1.));
#3507 = ORIENTED_EDGE('',*,*,#342,.F.);
#3508 = SURFACE_OF_LINEAR_EXTRUSION('',#3509,#3512);
#3509 = B_SPLINE_CURVE_WITH_KNOTS('',1,(#3510,#3511),.UNSPECIFIED.,.F.,
  .F.,(2,2),(0.,0.848680304488),.PIECEWISE_BEZIER_KNOTS.);
#3510 = CARTESIAN_POINT('',(7.696768809122,5.220129299061,0.));
#3511 = CARTESIAN_POINT('',(8.399144733477,5.696497140244,0.));
#3512 = VECTOR('',#3513,1.);
#3513 = DIRECTION('',(-0.,-0.,-1.));
#3514 = ADVANCED_FACE('',(#3515),#3526,.F.);
#3515 = FACE_BOUND('',#3516,.F.);
#3516 = EDGE_LOOP('',(#3517,#3523,#3524,#3525));
#3517 = ORIENTED_EDGE('',*,*,#3518,.T.);
#3518 = EDGE_CURVE('',#1525,#2963,#3519,.T.);
#3519 = LINE('',#3520,#3521);
#3520 = CARTESIAN_POINT('',(9.450042641293,-7.395721335863,0.));
#3521 = VECTOR('',#3522,1.);
#3522 = DIRECTION('',(0.,0.,1.));
#3523 = ORIENTED_EDGE('',*,*,#2969,.T.);
#3524 = ORIENTED_EDGE('',*,*,#3482,.F.);
#3525 = ORIENTED_EDGE('',*,*,#1531,.F.);
#3526 = SURFACE_OF_LINEAR_EXTRUSION('',#3527,#3550);
#3527 = B_SPLINE_CURVE_WITH_KNOTS('',3,(#3528,#3529,#3530,#3531,#3532,
    #3533,#3534,#3535,#3536,#3537,#3538,#3539,#3540,#3541,#3542,#3543,
    #3544,#3545,#3546,#3547,#3548,#3549),.UNSPECIFIED.,.F.,.F.,(4,1,1,1,
    1,1,1,1,1,1,1,1,1,1,1,1,1,1,1,4),(0.,0.207044776933,0.402897944561,
    0.587559502897,0.761029451963,0.923307791781,1.074394522378,
    1.214289643791,1.342993156064,1.460505059252,1.566825353431,
    1.661954038703,1.745891115208,1.818636583153,1.880190442858,
    1.930552694856,1.969723340137,1.997702380876,2.014489823605,
    2.020085714038),.UNSPECIFIED.);
#3528 = CARTESIAN_POINT('',(9.450042641293,-7.395721335863,0.));
#3529 = CARTESIAN_POINT('',(9.426770952781,-7.330748717802,0.));
#3530 = CARTESIAN_POINT('',(9.379453554404,-7.205029481914,0.));
#3531 = CARTESIAN_POINT('',(9.304395756738,-7.024092543738,0.));
#3532 = CARTESIAN_POINT('',(9.228008635636,-6.855933168778,0.));
#3533 = CARTESIAN_POINT('',(9.151050178578,-6.700433219055,0.));
#3534 = CARTESIAN_POINT('',(9.07427196291,-6.557433081303,0.));
#3535 = CARTESIAN_POINT('',(8.998413172234,-6.426738704137,0.));
#3536 = CARTESIAN_POINT('',(8.924200138074,-6.308120614674,0.));
#3537 = CARTESIAN_POINT('',(8.852344569926,-6.201314966139,0.));
#3538 = CARTESIAN_POINT('',(8.783542131774,-6.106024181929,0.));
#3539 = CARTESIAN_POINT('',(8.718471000983,-6.021917733026,0.));
#3540 = CARTESIAN_POINT('',(8.65779038841,-5.94863308351,0.));
#3541 = CARTESIAN_POINT('',(8.602139380157,-5.885776271353,0.));
#3542 = CARTESIAN_POINT('',(8.552134916911,-5.832923882017,0.));
#3543 = CARTESIAN_POINT('',(8.508372528868,-5.789621051628,0.));
#3544 = CARTESIAN_POINT('',(8.471419150754,-5.755391330584,0.));
#3545 = CARTESIAN_POINT('',(8.441828081931,-5.729713827967,0.));
#3546 = CARTESIAN_POINT('',(8.420096198799,-5.71208610036,0.));
#3547 = CARTESIAN_POINT('',(8.406754710006,-5.701889115427,0.));
#3548 = CARTESIAN_POINT('',(8.400674601324,-5.697564674819,0.));
#3549 = CARTESIAN_POINT('',(8.399144733477,-5.696497140244,0.));
#3550 = VECTOR('',#3551,1.);
#3551 = DIRECTION('',(-0.,-0.,-1.));
#3552 = ADVANCED_FACE('',(#3553),#3564,.F.);
#3553 = FACE_BOUND('',#3554,.F.);
#3554 = EDGE_LOOP('',(#3555,#3556,#3557,#3563));
#3555 = ORIENTED_EDGE('',*,*,#3502,.T.);
#3556 = ORIENTED_EDGE('',*,*,#1787,.T.);
#3557 = ORIENTED_EDGE('',*,*,#3558,.F.);
#3558 = EDGE_CURVE('',#350,#1788,#3559,.T.);
#3559 = LINE('',#3560,#3561);
#3560 = CARTESIAN_POINT('',(9.450042641293,7.395721335863,0.));
#3561 = VECTOR('',#3562,1.);
#3562 = DIRECTION('',(0.,0.,1.));
#3563 = ORIENTED_EDGE('',*,*,#349,.F.);
#3564 = SURFACE_OF_LINEAR_EXTRUSION('',#3565,#3588);
#3565 = B_SPLINE_CURVE_WITH_KNOTS('',3,(#3566,#3567,#3568,#3569,#3570,
    #3571,#3572,#3573,#3574,#3575,#3576,#3577,#3578,#3579,#3580,#3581,
    #3582,#3583,#3584,#3585,#3586,#3587),.UNSPECIFIED.,.F.,.F.,(4,1,1,1,
    1,1,1,1,1,1,1,1,1,1,1,1,1,1,1,4),(0.,5.595890432166E-03,
    2.238333316142E-02,5.036237390098E-02,8.953301918139E-02,
    0.139895271179,0.201449130885,0.27419459883,0.358131675335,
    0.453260360606,0.559580654786,0.677092557974,0.805796070246,
    0.945691191659,1.096777922257,1.259056262075,1.43252621114,
    1.617187769477,1.813040937104,2.020085714038),.UNSPECIFIED.);
#3566 = CARTESIAN_POINT('',(8.399144733477,5.696497140244,0.));
#3567 = CARTESIAN_POINT('',(8.400674601324,5.697564674819,0.));
#3568 = CARTESIAN_POINT('',(8.406754710006,5.701889115427,0.));
#3569 = CARTESIAN_POINT('',(8.420096198799,5.71208610036,0.));
#3570 = CARTESIAN_POINT('',(8.441828081931,5.729713827967,0.));
#3571 = CARTESIAN_POINT('',(8.471419150754,5.755391330584,0.));
#3572 = CARTESIAN_POINT('',(8.508372528868,5.789621051628,0.));
#3573 = CARTESIAN_POINT('',(8.552134916911,5.832923882017,0.));
#3574 = CARTESIAN_POINT('',(8.602139380157,5.885776271353,0.));
#3575 = CARTESIAN_POINT('',(8.65779038841,5.94863308351,0.));
#3576 = CARTESIAN_POINT('',(8.718471000983,6.021917733026,0.));
#3577 = CARTESIAN_POINT('',(8.783542131774,6.106024181929,0.));
#3578 = CARTESIAN_POINT('',(8.852344569926,6.201314966139,0.));
#3579 = CARTESIAN_POINT('',(8.924200138074,6.308120614674,0.));
#3580 = CARTESIAN_POINT('',(8.998413172234,6.426738704137,0.));
#3581 = CARTESIAN_POINT('',(9.07427196291,6.557433081303,0.));
#3582 = CARTESIAN_POINT('',(9.151050178578,6.700433219055,0.));
#3583 = CARTESIAN_POINT('',(9.228008635636,6.855933168778,0.));
#3584 = CARTESIAN_POINT('',(9.304395756738,7.024092543738,0.));
#3585 = CARTESIAN_POINT('',(9.379453554404,7.205029481914,0.));
#3586 = CARTESIAN_POINT('',(9.426770952781,7.330748717802,0.));
#3587 = CARTESIAN_POINT('',(9.450042641293,7.395721335863,0.));
#3588 = VECTOR('',#3589,1.);
#3589 = DIRECTION('',(-0.,-0.,-1.));
#3590 = ADVANCED_FACE('',(#3591),#3602,.F.);
#3591 = FACE_BOUND('',#3592,.F.);
#3592 = EDGE_LOOP('',(#3593,#3599,#3600,#3601));
#3593 = ORIENTED_EDGE('',*,*,#3594,.T.);
#3594 = EDGE_CURVE('',#1498,#2936,#3595,.T.);
#3595 = LINE('',#3596,#3597);
#3596 = CARTESIAN_POINT('',(8.924346394211,-8.022221726937,0.));
#3597 = VECTOR('',#3598,1.);
#3598 = DIRECTION('',(0.,0.,1.));
#3599 = ORIENTED_EDGE('',*,*,#2962,.T.);
#3600 = ORIENTED_EDGE('',*,*,#3518,.F.);
#3601 = ORIENTED_EDGE('',*,*,#1524,.F.);
#3602 = SURFACE_OF_LINEAR_EXTRUSION('',#3603,#3606);
#3603 = B_SPLINE_CURVE_WITH_KNOTS('',1,(#3604,#3605),.UNSPECIFIED.,.F.,
  .F.,(2,2),(0.,0.817838177277),.PIECEWISE_BEZIER_KNOTS.);
#3604 = CARTESIAN_POINT('',(8.924346394211,-8.022221726937,0.));
#3605 = CARTESIAN_POINT('',(9.450042641293,-7.395721335863,0.));
#3606 = VECTOR('',#3607,1.);
#3607 = DIRECTION('',(-0.,-0.,-1.));
#3608 = ADVANCED_FACE('',(#3609),#3620,.F.);
#3609 = FACE_BOUND('',#3610,.F.);
#3610 = EDGE_LOOP('',(#3611,#3612,#3613,#3619));
#3611 = ORIENTED_EDGE('',*,*,#3558,.T.);
#3612 = ORIENTED_EDGE('',*,*,#1814,.T.);
#3613 = ORIENTED_EDGE('',*,*,#3614,.F.);
#3614 = EDGE_CURVE('',#377,#1815,#3615,.T.);
#3615 = LINE('',#3616,#3617);
#3616 = CARTESIAN_POINT('',(8.924346394211,8.022221726937,0.));
#3617 = VECTOR('',#3618,1.);
#3618 = DIRECTION('',(0.,0.,1.));
#3619 = ORIENTED_EDGE('',*,*,#376,.F.);
#3620 = SURFACE_OF_LINEAR_EXTRUSION('',#3621,#3624);
#3621 = B_SPLINE_CURVE_WITH_KNOTS('',1,(#3622,#3623),.UNSPECIFIED.,.F.,
  .F.,(2,2),(0.,0.817838177277),.PIECEWISE_BEZIER_KNOTS.);
#3622 = CARTESIAN_POINT('',(9.450042641293,7.395721335863,0.));
#3623 = CARTESIAN_POINT('',(8.924346394211,8.022221726937,0.));
#3624 = VECTOR('',#3625,1.);
#3625 = DIRECTION('',(-0.,-0.,-1.));
#3626 = ADVANCED_FACE('',(#3627),#3638,.F.);
#3627 = FACE_BOUND('',#3628,.F.);
#3628 = EDGE_LOOP('',(#3629,#3635,#3636,#3637));
#3629 = ORIENTED_EDGE('',*,*,#3630,.T.);
#3630 = EDGE_CURVE('',#1491,#2929,#3631,.T.);
#3631 = LINE('',#3632,#3633);
#3632 = CARTESIAN_POINT('',(7.068450725653,-7.282356504712,0.));
#3633 = VECTOR('',#3634,1.);
#3634 = DIRECTION('',(0.,0.,1.));
#3635 = ORIENTED_EDGE('',*,*,#2935,.T.);
#3636 = ORIENTED_EDGE('',*,*,#3594,.F.);
#3637 = ORIENTED_EDGE('',*,*,#1497,.F.);
#3638 = SURFACE_OF_LINEAR_EXTRUSION('',#3639,#3662);
#3639 = B_SPLINE_CURVE_WITH_KNOTS('',3,(#3640,#3641,#3642,#3643,#3644,
    #3645,#3646,#3647,#3648,#3649,#3650,#3651,#3652,#3653,#3654,#3655,
    #3656,#3657,#3658,#3659,#3660,#3661),.UNSPECIFIED.,.F.,.F.,(4,1,1,1,
    1,1,1,1,1,1,1,1,1,1,1,1,1,1,1,4),(0.,5.595890432166E-03,
    2.238333316142E-02,5.036237390098E-02,8.953301918139E-02,
    0.139895271179,0.201449130885,0.27419459883,0.358131675335,
    0.453260360606,0.559580654786,0.677092557974,0.805796070246,
    0.945691191659,1.096777922257,1.259056262075,1.43252621114,
    1.617187769477,1.813040937104,2.020085714038),.UNSPECIFIED.);
#3640 = CARTESIAN_POINT('',(7.068450725653,-7.282356504712,0.));
#3641 = CARTESIAN_POINT('',(7.069767700743,-7.283677754995,0.));
#3642 = CARTESIAN_POINT('',(7.075082243174,-7.288914561933,0.));
#3643 = CARTESIAN_POINT('',(7.08744103821,-7.300282675682,0.));
#3644 = CARTESIAN_POINT('',(7.108574662928,-7.318623379903,0.));
#3645 = CARTESIAN_POINT('',(7.13900050176,-7.343306042363,0.));
#3646 = CARTESIAN_POINT('',(7.179127083195,-7.373754086948,0.));
#3647 = CARTESIAN_POINT('',(7.229371305223,-7.409332168399,0.));
#3648 = CARTESIAN_POINT('',(7.290103931925,-7.449399230394,0.));
#3649 = CARTESIAN_POINT('',(7.361669504035,-7.4932898039,0.));
#3650 = CARTESIAN_POINT('',(7.444377872848,-7.54032279578,0.));
#3651 = CARTESIAN_POINT('',(7.538506039086,-7.589800418298,0.));
#3652 = CARTESIAN_POINT('',(7.644296560171,-7.64101052179,0.));
#3653 = CARTESIAN_POINT('',(7.761957179379,-7.693227836166,0.));
#3654 = CARTESIAN_POINT('',(7.89166015167,-7.745715592509,0.));
#3655 = CARTESIAN_POINT('',(8.033541728339,-7.797727077274,0.));
#3656 = CARTESIAN_POINT('',(8.187701769914,-7.848507145999,0.));
#3657 = CARTESIAN_POINT('',(8.354203021819,-7.897294148274,0.));
#3658 = CARTESIAN_POINT('',(8.533072162398,-7.943320208346,0.));
#3659 = CARTESIAN_POINT('',(8.724293911705,-7.985818339824,0.));
#3660 = CARTESIAN_POINT('',(8.85631976991,-8.010585964388,0.));
#3661 = CARTESIAN_POINT('',(8.924346394211,-8.022221726937,0.));
#3662 = VECTOR('',#3663,1.);
#3663 = DIRECTION('',(-0.,-0.,-1.));
#3664 = ADVANCED_FACE('',(#3665),#3676,.F.);
#3665 = FACE_BOUND('',#3666,.F.);
#3666 = EDGE_LOOP('',(#3667,#3668,#3669,#3675));
#3667 = ORIENTED_EDGE('',*,*,#3614,.T.);
#3668 = ORIENTED_EDGE('',*,*,#1821,.T.);
#3669 = ORIENTED_EDGE('',*,*,#3670,.F.);
#3670 = EDGE_CURVE('',#384,#1822,#3671,.T.);
#3671 = LINE('',#3672,#3673);
#3672 = CARTESIAN_POINT('',(7.068450725653,7.282356504712,0.));
#3673 = VECTOR('',#3674,1.);
#3674 = DIRECTION('',(0.,0.,1.));
#3675 = ORIENTED_EDGE('',*,*,#383,.F.);
#3676 = SURFACE_OF_LINEAR_EXTRUSION('',#3677,#3700);
#3677 = B_SPLINE_CURVE_WITH_KNOTS('',3,(#3678,#3679,#3680,#3681,#3682,
    #3683,#3684,#3685,#3686,#3687,#3688,#3689,#3690,#3691,#3692,#3693,
    #3694,#3695,#3696,#3697,#3698,#3699),.UNSPECIFIED.,.F.,.F.,(4,1,1,1,
    1,1,1,1,1,1,1,1,1,1,1,1,1,1,1,4),(0.,0.207044776933,0.402897944561,
    0.587559502897,0.761029451963,0.923307791781,1.074394522378,
    1.214289643791,1.342993156064,1.460505059252,1.566825353431,
    1.661954038703,1.745891115208,1.818636583153,1.880190442858,
    1.930552694856,1.969723340137,1.997702380876,2.014489823605,
    2.020085714038),.UNSPECIFIED.);
#3678 = CARTESIAN_POINT('',(8.924346394211,8.022221726937,0.));
#3679 = CARTESIAN_POINT('',(8.85631976991,8.010585964388,0.));
#3680 = CARTESIAN_POINT('',(8.724293911705,7.985818339824,0.));
#3681 = CARTESIAN_POINT('',(8.533072162398,7.943320208346,0.));
#3682 = CARTESIAN_POINT('',(8.354203021819,7.897294148274,0.));
#3683 = CARTESIAN_POINT('',(8.187701769914,7.848507145999,0.));
#3684 = CARTESIAN_POINT('',(8.033541728339,7.797727077274,0.));
#3685 = CARTESIAN_POINT('',(7.89166015167,7.745715592509,0.));
#3686 = CARTESIAN_POINT('',(7.761957179379,7.693227836166,0.));
#3687 = CARTESIAN_POINT('',(7.644296560171,7.64101052179,0.));
#3688 = CARTESIAN_POINT('',(7.538506039086,7.589800418298,0.));
#3689 = CARTESIAN_POINT('',(7.444377872848,7.54032279578,0.));
#3690 = CARTESIAN_POINT('',(7.361669504035,7.4932898039,0.));
#3691 = CARTESIAN_POINT('',(7.290103931925,7.449399230394,0.));
#3692 = CARTESIAN_POINT('',(7.229371305223,7.409332168399,0.));
#3693 = CARTESIAN_POINT('',(7.179127083195,7.373754086948,0.));
#3694 = CARTESIAN_POINT('',(7.13900050176,7.343306042363,0.));
#3695 = CARTESIAN_POINT('',(7.108574662928,7.318623379903,0.));
#3696 = CARTESIAN_POINT('',(7.08744103821,7.300282675682,0.));
#3697 = CARTESIAN_POINT('',(7.075082243174,7.288914561933,0.));
#3698 = CARTESIAN_POINT('',(7.069767700743,7.283677754995,0.));
#3699 = CARTESIAN_POINT('',(7.068450725653,7.282356504712,0.));
#3700 = VECTOR('',#3701,1.);
#3701 = DIRECTION('',(-0.,-0.,-1.));
#3702 = ADVANCED_FACE('',(#3703),#3714,.F.);
#3703 = FACE_BOUND('',#3704,.F.);
#3704 = EDGE_LOOP('',(#3705,#3711,#3712,#3713));
#3705 = ORIENTED_EDGE('',*,*,#3706,.T.);
#3706 = EDGE_CURVE('',#1484,#2922,#3707,.T.);
#3707 = LINE('',#3708,#3709);
#3708 = CARTESIAN_POINT('',(6.47735368307,-6.673371656399,0.));
#3709 = VECTOR('',#3710,1.);
#3710 = DIRECTION('',(0.,0.,1.));
#3711 = ORIENTED_EDGE('',*,*,#2928,.T.);
#3712 = ORIENTED_EDGE('',*,*,#3630,.F.);
#3713 = ORIENTED_EDGE('',*,*,#1490,.F.);
#3714 = SURFACE_OF_LINEAR_EXTRUSION('',#3715,#3718);
#3715 = B_SPLINE_CURVE_WITH_KNOTS('',1,(#3716,#3717),.UNSPECIFIED.,.F.,
  .F.,(2,2),(0.,0.848680304488),.PIECEWISE_BEZIER_KNOTS.);
#3716 = CARTESIAN_POINT('',(6.47735368307,-6.673371656399,0.));
#3717 = CARTESIAN_POINT('',(7.068450725653,-7.282356504712,0.));
#3718 = VECTOR('',#3719,1.);
#3719 = DIRECTION('',(-0.,-0.,-1.));
#3720 = ADVANCED_FACE('',(#3721),#3732,.F.);
#3721 = FACE_BOUND('',#3722,.F.);
#3722 = EDGE_LOOP('',(#3723,#3724,#3725,#3731));
#3723 = ORIENTED_EDGE('',*,*,#3670,.T.);
#3724 = ORIENTED_EDGE('',*,*,#1848,.T.);
#3725 = ORIENTED_EDGE('',*,*,#3726,.F.);
#3726 = EDGE_CURVE('',#411,#1849,#3727,.T.);
#3727 = LINE('',#3728,#3729);
#3728 = CARTESIAN_POINT('',(6.47735368307,6.673371656399,0.));
#3729 = VECTOR('',#3730,1.);
#3730 = DIRECTION('',(0.,0.,1.));
#3731 = ORIENTED_EDGE('',*,*,#410,.F.);
#3732 = SURFACE_OF_LINEAR_EXTRUSION('',#3733,#3736);
#3733 = B_SPLINE_CURVE_WITH_KNOTS('',1,(#3734,#3735),.UNSPECIFIED.,.F.,
  .F.,(2,2),(0.,0.848680304488),.PIECEWISE_BEZIER_KNOTS.);
#3734 = CARTESIAN_POINT('',(7.068450725653,7.282356504712,0.));
#3735 = CARTESIAN_POINT('',(6.47735368307,6.673371656399,0.));
#3736 = VECTOR('',#3737,1.);
#3737 = DIRECTION('',(-0.,-0.,-1.));
#3738 = ADVANCED_FACE('',(#3739),#3750,.F.);
#3739 = FACE_BOUND('',#3740,.F.);
#3740 = EDGE_LOOP('',(#3741,#3747,#3748,#3749));
#3741 = ORIENTED_EDGE('',*,*,#3742,.T.);
#3742 = EDGE_CURVE('',#1477,#2915,#3743,.T.);
#3743 = LINE('',#3744,#3745);
#3744 = CARTESIAN_POINT('',(5.447207482784,-7.537766953117,0.));
#3745 = VECTOR('',#3746,1.);
#3746 = DIRECTION('',(0.,0.,1.));
#3747 = ORIENTED_EDGE('',*,*,#2921,.T.);
#3748 = ORIENTED_EDGE('',*,*,#3706,.F.);
#3749 = ORIENTED_EDGE('',*,*,#1483,.F.);
#3750 = SURFACE_OF_LINEAR_EXTRUSION('',#3751,#3754);
#3751 = B_SPLINE_CURVE_WITH_KNOTS('',1,(#3752,#3753),.UNSPECIFIED.,.F.,
  .F.,(2,2),(0.,1.344760358931),.PIECEWISE_BEZIER_KNOTS.);
#3752 = CARTESIAN_POINT('',(5.447207482784,-7.537766953117,0.));
#3753 = CARTESIAN_POINT('',(6.47735368307,-6.673371656399,0.));
#3754 = VECTOR('',#3755,1.);
#3755 = DIRECTION('',(-0.,-0.,-1.));
#3756 = ADVANCED_FACE('',(#3757),#3768,.F.);
#3757 = FACE_BOUND('',#3758,.F.);
#3758 = EDGE_LOOP('',(#3759,#3760,#3761,#3767));
#3759 = ORIENTED_EDGE('',*,*,#3726,.T.);
#3760 = ORIENTED_EDGE('',*,*,#1855,.T.);
#3761 = ORIENTED_EDGE('',*,*,#3762,.F.);
#3762 = EDGE_CURVE('',#418,#1856,#3763,.T.);
#3763 = LINE('',#3764,#3765);
#3764 = CARTESIAN_POINT('',(5.447207482784,7.537766953117,0.));
#3765 = VECTOR('',#3766,1.);
#3766 = DIRECTION('',(0.,0.,1.));
#3767 = ORIENTED_EDGE('',*,*,#417,.F.);
#3768 = SURFACE_OF_LINEAR_EXTRUSION('',#3769,#3772);
#3769 = B_SPLINE_CURVE_WITH_KNOTS('',1,(#3770,#3771),.UNSPECIFIED.,.F.,
  .F.,(2,2),(0.,1.344760358931),.PIECEWISE_BEZIER_KNOTS.);
#3770 = CARTESIAN_POINT('',(6.47735368307,6.673371656399,0.));
#3771 = CARTESIAN_POINT('',(5.447207482784,7.537766953117,0.));
#3772 = VECTOR('',#3773,1.);
#3773 = DIRECTION('',(-0.,-0.,-1.));
#3774 = ADVANCED_FACE('',(#3775),#3786,.F.);
#3775 = FACE_BOUND('',#3776,.F.);
#3776 = EDGE_LOOP('',(#3777,#3783,#3784,#3785));
#3777 = ORIENTED_EDGE('',*,*,#3778,.T.);
#3778 = EDGE_CURVE('',#1450,#2888,#3779,.T.);
#3779 = LINE('',#3780,#3781);
#3780 = CARTESIAN_POINT('',(5.944297558601,-8.225633012572,0.));
#3781 = VECTOR('',#3782,1.);
#3782 = DIRECTION('',(0.,0.,1.));
#3783 = ORIENTED_EDGE('',*,*,#2914,.T.);
#3784 = ORIENTED_EDGE('',*,*,#3742,.F.);
#3785 = ORIENTED_EDGE('',*,*,#1476,.F.);
#3786 = SURFACE_OF_LINEAR_EXTRUSION('',#3787,#3790);
#3787 = B_SPLINE_CURVE_WITH_KNOTS('',1,(#3788,#3789),.UNSPECIFIED.,.F.,
  .F.,(2,2),(0.,0.848680304488),.PIECEWISE_BEZIER_KNOTS.);
#3788 = CARTESIAN_POINT('',(5.944297558601,-8.225633012572,0.));
#3789 = CARTESIAN_POINT('',(5.447207482784,-7.537766953117,0.));
#3790 = VECTOR('',#3791,1.);
#3791 = DIRECTION('',(-0.,-0.,-1.));
#3792 = ADVANCED_FACE('',(#3793),#3804,.F.);
#3793 = FACE_BOUND('',#3794,.F.);
#3794 = EDGE_LOOP('',(#3795,#3796,#3797,#3803));
#3795 = ORIENTED_EDGE('',*,*,#3762,.T.);
#3796 = ORIENTED_EDGE('',*,*,#1862,.T.);
#3797 = ORIENTED_EDGE('',*,*,#3798,.F.);
#3798 = EDGE_CURVE('',#425,#1863,#3799,.T.);
#3799 = LINE('',#3800,#3801);
#3800 = CARTESIAN_POINT('',(5.944297558601,8.225633012572,0.));
#3801 = VECTOR('',#3802,1.);
#3802 = DIRECTION('',(0.,0.,1.));
#3803 = ORIENTED_EDGE('',*,*,#424,.F.);
#3804 = SURFACE_OF_LINEAR_EXTRUSION('',#3805,#3808);
#3805 = B_SPLINE_CURVE_WITH_KNOTS('',1,(#3806,#3807),.UNSPECIFIED.,.F.,
  .F.,(2,2),(0.,0.848680304488),.PIECEWISE_BEZIER_KNOTS.);
#3806 = CARTESIAN_POINT('',(5.447207482784,7.537766953117,0.));
#3807 = CARTESIAN_POINT('',(5.944297558601,8.225633012572,0.));
#3808 = VECTOR('',#3809,1.);
#3809 = DIRECTION('',(-0.,-0.,-1.));
#3810 = ADVANCED_FACE('',(#3811),#3822,.F.);
#3811 = FACE_BOUND('',#3812,.F.);
#3812 = EDGE_LOOP('',(#3813,#3819,#3820,#3821));
#3813 = ORIENTED_EDGE('',*,*,#3814,.T.);
#3814 = EDGE_CURVE('',#1443,#2881,#3815,.T.);
#3815 = LINE('',#3816,#3817);
#3816 = CARTESIAN_POINT('',(6.350649664847,-10.1818097033,0.));
#3817 = VECTOR('',#3818,1.);
#3818 = DIRECTION('',(0.,0.,1.));
#3819 = ORIENTED_EDGE('',*,*,#2887,.T.);
#3820 = ORIENTED_EDGE('',*,*,#3778,.F.);
#3821 = ORIENTED_EDGE('',*,*,#1449,.F.);
#3822 = SURFACE_OF_LINEAR_EXTRUSION('',#3823,#3846);
#3823 = B_SPLINE_CURVE_WITH_KNOTS('',3,(#3824,#3825,#3826,#3827,#3828,
    #3829,#3830,#3831,#3832,#3833,#3834,#3835,#3836,#3837,#3838,#3839,
    #3840,#3841,#3842,#3843,#3844,#3845),.UNSPECIFIED.,.F.,.F.,(4,1,1,1,
    1,1,1,1,1,1,1,1,1,1,1,1,1,1,1,4),(0.,0.207044776933,0.402897944561,
    0.587559502897,0.761029451963,0.923307791781,1.074394522378,
    1.214289643791,1.342993156064,1.460505059252,1.566825353431,
    1.661954038703,1.745891115208,1.818636583153,1.880190442858,
    1.930552694856,1.969723340137,1.997702380876,2.014489823605,
    2.020085714038),.UNSPECIFIED.);
#3824 = CARTESIAN_POINT('',(6.350649664847,-10.1818097033,0.));
#3825 = CARTESIAN_POINT('',(6.35100337502,-10.11279602732,0.));
#3826 = CARTESIAN_POINT('',(6.349538076008,-9.978475085694,0.));
#3827 = CARTESIAN_POINT('',(6.340890894937,-9.782778701346,0.));
#3828 = CARTESIAN_POINT('',(6.326624374439,-9.598634643473,0.));
#3829 = CARTESIAN_POINT('',(6.307491195326,-9.426191145672,0.));
#3830 = CARTESIAN_POINT('',(6.284252200235,-9.265555275128,0.));
#3831 = CARTESIAN_POINT('',(6.257668364026,-9.116797498868,0.));
#3832 = CARTESIAN_POINT('',(6.228500699418,-8.979950602928,0.));
#3833 = CARTESIAN_POINT('',(6.197508235487,-8.855010071424,0.));
#3834 = CARTESIAN_POINT('',(6.165446459737,-8.741934204915,0.));
#3835 = CARTESIAN_POINT('',(6.133065698015,-8.640644358041,0.));
#3836 = CARTESIAN_POINT('',(6.101109400487,-8.551025321865,0.));
#3837 = CARTESIAN_POINT('',(6.070312854594,-8.472925473496,0.));
#3838 = CARTESIAN_POINT('',(6.041400611252,-8.406157939559,0.));
#3839 = CARTESIAN_POINT('',(6.015087858396,-8.350498971153,0.));
#3840 = CARTESIAN_POINT('',(5.992070295766,-8.305694755198,0.));
#3841 = CARTESIAN_POINT('',(5.973046009878,-8.271445053868,0.));
#3842 = CARTESIAN_POINT('',(5.958653757585,-8.247447666531,0.));
#3843 = CARTESIAN_POINT('',(5.949604433265,-8.233302577127,0.));
#3844 = CARTESIAN_POINT('',(5.945370045799,-8.227159412555,0.));
#3845 = CARTESIAN_POINT('',(5.944297558601,-8.225633012572,0.));
#3846 = VECTOR('',#3847,1.);
#3847 = DIRECTION('',(-0.,-0.,-1.));
#3848 = ADVANCED_FACE('',(#3849),#3860,.F.);
#3849 = FACE_BOUND('',#3850,.F.);
#3850 = EDGE_LOOP('',(#3851,#3852,#3853,#3859));
#3851 = ORIENTED_EDGE('',*,*,#3798,.T.);
#3852 = ORIENTED_EDGE('',*,*,#1869,.T.);
#3853 = ORIENTED_EDGE('',*,*,#3854,.F.);
#3854 = EDGE_CURVE('',#432,#1870,#3855,.T.);
#3855 = LINE('',#3856,#3857);
#3856 = CARTESIAN_POINT('',(6.350649664847,10.181809703308,0.));
#3857 = VECTOR('',#3858,1.);
#3858 = DIRECTION('',(0.,0.,1.));
#3859 = ORIENTED_EDGE('',*,*,#431,.F.);
#3860 = SURFACE_OF_LINEAR_EXTRUSION('',#3861,#3884);
#3861 = B_SPLINE_CURVE_WITH_KNOTS('',3,(#3862,#3863,#3864,#3865,#3866,
    #3867,#3868,#3869,#3870,#3871,#3872,#3873,#3874,#3875,#3876,#3877,
    #3878,#3879,#3880,#3881,#3882,#3883),.UNSPECIFIED.,.F.,.F.,(4,1,1,1,
    1,1,1,1,1,1,1,1,1,1,1,1,1,1,1,4),(0.,5.595890432166E-03,
    2.238333316142E-02,5.036237390098E-02,8.953301918139E-02,
    0.139895271179,0.201449130885,0.27419459883,0.358131675335,
    0.453260360606,0.559580654786,0.677092557974,0.805796070246,
    0.945691191659,1.096777922257,1.259056262075,1.43252621114,
    1.617187769477,1.813040937104,2.020085714038),.UNSPECIFIED.);
#3862 = CARTESIAN_POINT('',(5.944297558601,8.225633012572,0.));
#3863 = CARTESIAN_POINT('',(5.945370045799,8.227159412555,0.));
#3864 = CARTESIAN_POINT('',(5.949604433265,8.233302577127,0.));
#3865 = CARTESIAN_POINT('',(5.958653757585,8.247447666531,0.));
#3866 = CARTESIAN_POINT('',(5.973046009878,8.271445053868,0.));
#3867 = CARTESIAN_POINT('',(5.992070295766,8.305694755198,0.));
#3868 = CARTESIAN_POINT('',(6.015087858396,8.350498971153,0.));
#3869 = CARTESIAN_POINT('',(6.041400611252,8.406157939559,0.));
#3870 = CARTESIAN_POINT('',(6.070312854594,8.472925473496,0.));
#3871 = CARTESIAN_POINT('',(6.101109400487,8.551025321865,0.));
#3872 = CARTESIAN_POINT('',(6.133065698015,8.640644358041,0.));
#3873 = CARTESIAN_POINT('',(6.165446459737,8.741934204915,0.));
#3874 = CARTESIAN_POINT('',(6.197508235487,8.855010071424,0.));
#3875 = CARTESIAN_POINT('',(6.228500699418,8.979950602928,0.));
#3876 = CARTESIAN_POINT('',(6.257668364026,9.116797498868,0.));
#3877 = CARTESIAN_POINT('',(6.284252200235,9.265555275128,0.));
#3878 = CARTESIAN_POINT('',(6.307491195326,9.426191145672,0.));
#3879 = CARTESIAN_POINT('',(6.326624374439,9.598634643473,0.));
#3880 = CARTESIAN_POINT('',(6.340890894937,9.782778701346,0.));
#3881 = CARTESIAN_POINT('',(6.349538076008,9.978475085694,0.));
#3882 = CARTESIAN_POINT('',(6.35100337502,10.112796027323,0.));
#3883 = CARTESIAN_POINT('',(6.350649664847,10.181809703308,0.));
#3884 = VECTOR('',#3885,1.);
#3885 = DIRECTION('',(-0.,-0.,-1.));
#3886 = ADVANCED_FACE('',(#3887),#3898,.F.);
#3887 = FACE_BOUND('',#3888,.F.);
#3888 = EDGE_LOOP('',(#3889,#3895,#3896,#3897));
#3889 = ORIENTED_EDGE('',*,*,#3890,.T.);
#3890 = EDGE_CURVE('',#1416,#2854,#3891,.T.);
#3891 = LINE('',#3892,#3893);
#3892 = CARTESIAN_POINT('',(5.64238102714,-10.59072879194,0.));
#3893 = VECTOR('',#3894,1.);
#3894 = DIRECTION('',(0.,0.,1.));
#3895 = ORIENTED_EDGE('',*,*,#2880,.T.);
#3896 = ORIENTED_EDGE('',*,*,#3814,.F.);
#3897 = ORIENTED_EDGE('',*,*,#1442,.F.);
#3898 = SURFACE_OF_LINEAR_EXTRUSION('',#3899,#3902);
#3899 = B_SPLINE_CURVE_WITH_KNOTS('',1,(#3900,#3901),.UNSPECIFIED.,.F.,
  .F.,(2,2),(0.,0.817838177277),.PIECEWISE_BEZIER_KNOTS.);
#3900 = CARTESIAN_POINT('',(5.64238102714,-10.59072879194,0.));
#3901 = CARTESIAN_POINT('',(6.350649664847,-10.1818097033,0.));
#3902 = VECTOR('',#3903,1.);
#3903 = DIRECTION('',(-0.,-0.,-1.));
#3904 = ADVANCED_FACE('',(#3905),#3916,.F.);
#3905 = FACE_BOUND('',#3906,.F.);
#3906 = EDGE_LOOP('',(#3907,#3908,#3909,#3915));
#3907 = ORIENTED_EDGE('',*,*,#3854,.T.);
#3908 = ORIENTED_EDGE('',*,*,#1896,.T.);
#3909 = ORIENTED_EDGE('',*,*,#3910,.F.);
#3910 = EDGE_CURVE('',#459,#1897,#3911,.T.);
#3911 = LINE('',#3912,#3913);
#3912 = CARTESIAN_POINT('',(5.64238102714,10.590728791947,0.));
#3913 = VECTOR('',#3914,1.);
#3914 = DIRECTION('',(0.,0.,1.));
#3915 = ORIENTED_EDGE('',*,*,#458,.F.);
#3916 = SURFACE_OF_LINEAR_EXTRUSION('',#3917,#3920);
#3917 = B_SPLINE_CURVE_WITH_KNOTS('',1,(#3918,#3919),.UNSPECIFIED.,.F.,
  .F.,(2,2),(0.,0.817838177277),.PIECEWISE_BEZIER_KNOTS.);
#3918 = CARTESIAN_POINT('',(6.350649664847,10.181809703308,0.));
#3919 = CARTESIAN_POINT('',(5.64238102714,10.590728791947,0.));
#3920 = VECTOR('',#3921,1.);
#3921 = DIRECTION('',(-0.,-0.,-1.));
#3922 = ADVANCED_FACE('',(#3923),#3934,.F.);
#3923 = FACE_BOUND('',#3924,.F.);
#3924 = EDGE_LOOP('',(#3925,#3931,#3932,#3933));
#3925 = ORIENTED_EDGE('',*,*,#3926,.T.);
#3926 = EDGE_CURVE('',#1409,#2847,#3927,.T.);
#3927 = LINE('',#3928,#3929);
#3928 = CARTESIAN_POINT('',(4.151458371795,-9.260729199688,0.));
#3929 = VECTOR('',#3930,1.);
#3930 = DIRECTION('',(0.,0.,1.));
#3931 = ORIENTED_EDGE('',*,*,#2853,.T.);
#3932 = ORIENTED_EDGE('',*,*,#3890,.F.);
#3933 = ORIENTED_EDGE('',*,*,#1415,.F.);
#3934 = SURFACE_OF_LINEAR_EXTRUSION('',#3935,#3958);
#3935 = B_SPLINE_CURVE_WITH_KNOTS('',3,(#3936,#3937,#3938,#3939,#3940,
    #3941,#3942,#3943,#3944,#3945,#3946,#3947,#3948,#3949,#3950,#3951,
    #3952,#3953,#3954,#3955,#3956,#3957),.UNSPECIFIED.,.F.,.F.,(4,1,1,1,
    1,1,1,1,1,1,1,1,1,1,1,1,1,1,1,4),(0.,5.595890432166E-03,
    2.238333316142E-02,5.036237390098E-02,8.953301918139E-02,
    0.139895271179,0.201449130885,0.27419459883,0.358131675335,
    0.453260360606,0.559580654786,0.677092557974,0.805796070246,
    0.945691191659,1.096777922257,1.259056262075,1.43252621114,
    1.617187769477,1.813040937104,2.020085714038),.UNSPECIFIED.);
#3936 = CARTESIAN_POINT('',(4.151458371795,-9.260729199688,0.));
#3937 = CARTESIAN_POINT('',(4.152244029358,-9.262421200838,0.));
#3938 = CARTESIAN_POINT('',(4.155446972203,-9.269159870239,0.));
#3939 = CARTESIAN_POINT('',(4.163172316806,-9.28406935969,0.));
#3940 = CARTESIAN_POINT('',(4.176758537718,-9.308532109462,0.));
#3941 = CARTESIAN_POINT('',(4.196907506198,-9.342132474995,0.));
#3942 = CARTESIAN_POINT('',(4.224200314097,-9.384468376943,0.));
#3943 = CARTESIAN_POINT('',(4.259246018257,-9.435085373563,0.));
#3944 = CARTESIAN_POINT('',(4.302612277123,-9.493507877746,0.));
#3945 = CARTESIAN_POINT('',(4.354850456896,-9.559228393022,0.));
#3946 = CARTESIAN_POINT('',(4.416484670123,-9.63171287658,0.));
#3947 = CARTESIAN_POINT('',(4.4880138698,-9.710400362262,0.));
#3948 = CARTESIAN_POINT('',(4.569909554877,-9.794704607807,0.));
#3949 = CARTESIAN_POINT('',(4.662614997156,-9.884015134649,0.));
#3950 = CARTESIAN_POINT('',(4.766544053165,-9.977698521139,0.));
#3951 = CARTESIAN_POINT('',(4.882080148312,-10.07509968675,0.));
#3952 = CARTESIAN_POINT('',(5.009575395417,-10.17554318213,0.));
#3953 = CARTESIAN_POINT('',(5.149349255674,-10.2783347502,0.));
#3954 = CARTESIAN_POINT('',(5.301689427499,-10.38276194831,0.));
#3955 = CARTESIAN_POINT('',(5.466843877237,-10.48809881896,0.));
#3956 = CARTESIAN_POINT('',(5.582436575442,-10.55652827595,0.));
#3957 = CARTESIAN_POINT('',(5.64238102714,-10.59072879194,0.));
#3958 = VECTOR('',#3959,1.);
#3959 = DIRECTION('',(-0.,-0.,-1.));
#3960 = ADVANCED_FACE('',(#3961),#3972,.F.);
#3961 = FACE_BOUND('',#3962,.F.);
#3962 = EDGE_LOOP('',(#3963,#3964,#3965,#3971));
#3963 = ORIENTED_EDGE('',*,*,#3910,.T.);
#3964 = ORIENTED_EDGE('',*,*,#1903,.T.);
#3965 = ORIENTED_EDGE('',*,*,#3966,.F.);
#3966 = EDGE_CURVE('',#466,#1904,#3967,.T.);
#3967 = LINE('',#3968,#3969);
#3968 = CARTESIAN_POINT('',(4.151458371795,9.260729199688,0.));
#3969 = VECTOR('',#3970,1.);
#3970 = DIRECTION('',(0.,0.,1.));
#3971 = ORIENTED_EDGE('',*,*,#465,.F.);
#3972 = SURFACE_OF_LINEAR_EXTRUSION('',#3973,#3996);
#3973 = B_SPLINE_CURVE_WITH_KNOTS('',3,(#3974,#3975,#3976,#3977,#3978,
    #3979,#3980,#3981,#3982,#3983,#3984,#3985,#3986,#3987,#3988,#3989,
    #3990,#3991,#3992,#3993,#3994,#3995),.UNSPECIFIED.,.F.,.F.,(4,1,1,1,
    1,1,1,1,1,1,1,1,1,1,1,1,1,1,1,4),(0.,0.207044776933,0.402897944561,
    0.587559502897,0.761029451963,0.923307791781,1.074394522378,
    1.214289643791,1.342993156064,1.460505059252,1.566825353431,
    1.661954038703,1.745891115208,1.818636583153,1.880190442858,
    1.930552694856,1.969723340137,1.997702380876,2.014489823605,
    2.020085714038),.UNSPECIFIED.);
#3974 = CARTESIAN_POINT('',(5.64238102714,10.590728791947,0.));
#3975 = CARTESIAN_POINT('',(5.582436575442,10.55652827595,0.));
#3976 = CARTESIAN_POINT('',(5.466843877237,10.488098818966,0.));
#3977 = CARTESIAN_POINT('',(5.301689427499,10.382761948314,0.));
#3978 = CARTESIAN_POINT('',(5.149349255674,10.278334750203,0.));
#3979 = CARTESIAN_POINT('',(5.009575395417,10.175543182135,0.));
#3980 = CARTESIAN_POINT('',(4.882080148312,10.075099686756,0.));
#3981 = CARTESIAN_POINT('',(4.766544053165,9.977698521139,0.));
#3982 = CARTESIAN_POINT('',(4.662614997156,9.884015134649,0.));
#3983 = CARTESIAN_POINT('',(4.569909554877,9.794704607807,0.));
#3984 = CARTESIAN_POINT('',(4.4880138698,9.710400362262,0.));
#3985 = CARTESIAN_POINT('',(4.416484670123,9.63171287658,0.));
#3986 = CARTESIAN_POINT('',(4.354850456896,9.559228393022,0.));
#3987 = CARTESIAN_POINT('',(4.302612277123,9.493507877746,0.));
#3988 = CARTESIAN_POINT('',(4.259246018257,9.435085373563,0.));
#3989 = CARTESIAN_POINT('',(4.224200314097,9.384468376943,0.));
#3990 = CARTESIAN_POINT('',(4.196907506198,9.342132474995,0.));
#3991 = CARTESIAN_POINT('',(4.176758537718,9.308532109462,0.));
#3992 = CARTESIAN_POINT('',(4.163172316806,9.28406935969,0.));
#3993 = CARTESIAN_POINT('',(4.155446972203,9.269159870239,0.));
#3994 = CARTESIAN_POINT('',(4.152244029358,9.262421200838,0.));
#3995 = CARTESIAN_POINT('',(4.151458371795,9.260729199688,0.));
#3996 = VECTOR('',#3997,1.);
#3997 = DIRECTION('',(-0.,-0.,-1.));
#3998 = ADVANCED_FACE('',(#3999),#4010,.F.);
#3999 = FACE_BOUND('',#4000,.F.);
#4000 = EDGE_LOOP('',(#4001,#4007,#4008,#4009));
#4001 = ORIENTED_EDGE('',*,*,#4002,.T.);
#4002 = EDGE_CURVE('',#1402,#2840,#4003,.T.);
#4003 = LINE('',#4004,#4005);
#4004 = CARTESIAN_POINT('',(3.804293927814,-8.486303536334,0.));
#4005 = VECTOR('',#4006,1.);
#4006 = DIRECTION('',(0.,0.,1.));
#4007 = ORIENTED_EDGE('',*,*,#2846,.T.);
#4008 = ORIENTED_EDGE('',*,*,#3926,.F.);
#4009 = ORIENTED_EDGE('',*,*,#1408,.F.);
#4010 = SURFACE_OF_LINEAR_EXTRUSION('',#4011,#4014);
#4011 = B_SPLINE_CURVE_WITH_KNOTS('',1,(#4012,#4013),.UNSPECIFIED.,.F.,
  .F.,(2,2),(0.,0.848680304488),.PIECEWISE_BEZIER_KNOTS.);
#4012 = CARTESIAN_POINT('',(3.804293927814,-8.486303536334,0.));
#4013 = CARTESIAN_POINT('',(4.151458371795,-9.260729199688,0.));
#4014 = VECTOR('',#4015,1.);
#4015 = DIRECTION('',(-0.,-0.,-1.));
#4016 = ADVANCED_FACE('',(#4017),#4028,.F.);
#4017 = FACE_BOUND('',#4018,.F.);
#4018 = EDGE_LOOP('',(#4019,#4020,#4021,#4027));
#4019 = ORIENTED_EDGE('',*,*,#3966,.T.);
#4020 = ORIENTED_EDGE('',*,*,#1930,.T.);
#4021 = ORIENTED_EDGE('',*,*,#4022,.F.);
#4022 = EDGE_CURVE('',#493,#1931,#4023,.T.);
#4023 = LINE('',#4024,#4025);
#4024 = CARTESIAN_POINT('',(3.804293927814,8.486303536334,0.));
#4025 = VECTOR('',#4026,1.);
#4026 = DIRECTION('',(0.,0.,1.));
#4027 = ORIENTED_EDGE('',*,*,#492,.F.);
#4028 = SURFACE_OF_LINEAR_EXTRUSION('',#4029,#4032);
#4029 = B_SPLINE_CURVE_WITH_KNOTS('',1,(#4030,#4031),.UNSPECIFIED.,.F.,
  .F.,(2,2),(0.,0.848680304488),.PIECEWISE_BEZIER_KNOTS.);
#4030 = CARTESIAN_POINT('',(4.151458371795,9.260729199688,0.));
#4031 = CARTESIAN_POINT('',(3.804293927814,8.486303536334,0.));
#4032 = VECTOR('',#4033,1.);
#4033 = DIRECTION('',(-0.,-0.,-1.));
#4034 = ADVANCED_FACE('',(#4035),#4046,.F.);
#4035 = FACE_BOUND('',#4036,.F.);
#4036 = EDGE_LOOP('',(#4037,#4043,#4044,#4045));
#4037 = ORIENTED_EDGE('',*,*,#4038,.T.);
#4038 = EDGE_CURVE('',#1395,#2833,#4039,.T.);
#4039 = LINE('',#4040,#4041);
#4040 = CARTESIAN_POINT('',(2.540632541801,-8.946238667034,0.));
#4041 = VECTOR('',#4042,1.);
#4042 = DIRECTION('',(0.,0.,1.));
#4043 = ORIENTED_EDGE('',*,*,#2839,.T.);
#4044 = ORIENTED_EDGE('',*,*,#4002,.F.);
#4045 = ORIENTED_EDGE('',*,*,#1401,.F.);
#4046 = SURFACE_OF_LINEAR_EXTRUSION('',#4047,#4050);
#4047 = B_SPLINE_CURVE_WITH_KNOTS('',1,(#4048,#4049),.UNSPECIFIED.,.F.,
  .F.,(2,2),(0.,1.344760358931),.PIECEWISE_BEZIER_KNOTS.);
#4048 = CARTESIAN_POINT('',(2.540632541801,-8.946238667034,0.));
#4049 = CARTESIAN_POINT('',(3.804293927814,-8.486303536334,0.));
#4050 = VECTOR('',#4051,1.);
#4051 = DIRECTION('',(-0.,-0.,-1.));
#4052 = ADVANCED_FACE('',(#4053),#4064,.F.);
#4053 = FACE_BOUND('',#4054,.F.);
#4054 = EDGE_LOOP('',(#4055,#4056,#4057,#4063));
#4055 = ORIENTED_EDGE('',*,*,#4022,.T.);
#4056 = ORIENTED_EDGE('',*,*,#1937,.T.);
#4057 = ORIENTED_EDGE('',*,*,#4058,.F.);
#4058 = EDGE_CURVE('',#500,#1938,#4059,.T.);
#4059 = LINE('',#4060,#4061);
#4060 = CARTESIAN_POINT('',(2.540632541801,8.946238667034,0.));
#4061 = VECTOR('',#4062,1.);
#4062 = DIRECTION('',(0.,0.,1.));
#4063 = ORIENTED_EDGE('',*,*,#499,.F.);
#4064 = SURFACE_OF_LINEAR_EXTRUSION('',#4065,#4068);
#4065 = B_SPLINE_CURVE_WITH_KNOTS('',1,(#4066,#4067),.UNSPECIFIED.,.F.,
  .F.,(2,2),(0.,1.344760358931),.PIECEWISE_BEZIER_KNOTS.);
#4066 = CARTESIAN_POINT('',(3.804293927814,8.486303536334,0.));
#4067 = CARTESIAN_POINT('',(2.540632541801,8.946238667034,0.));
#4068 = VECTOR('',#4069,1.);
#4069 = DIRECTION('',(-0.,-0.,-1.));
#4070 = ADVANCED_FACE('',(#4071),#4082,.F.);
#4071 = FACE_BOUND('',#4072,.F.);
#4072 = EDGE_LOOP('',(#4073,#4079,#4080,#4081));
#4073 = ORIENTED_EDGE('',*,*,#4074,.T.);
#4074 = EDGE_CURVE('',#1368,#2806,#4075,.T.);
#4075 = LINE('',#4076,#4077);
#4076 = CARTESIAN_POINT('',(2.772480369669,-9.76263614617,0.));
#4077 = VECTOR('',#4078,1.);
#4078 = DIRECTION('',(0.,0.,1.));
#4079 = ORIENTED_EDGE('',*,*,#2832,.T.);
#4080 = ORIENTED_EDGE('',*,*,#4038,.F.);
#4081 = ORIENTED_EDGE('',*,*,#1394,.F.);
#4082 = SURFACE_OF_LINEAR_EXTRUSION('',#4083,#4086);
#4083 = B_SPLINE_CURVE_WITH_KNOTS('',1,(#4084,#4085),.UNSPECIFIED.,.F.,
  .F.,(2,2),(0.,0.848680304488),.PIECEWISE_BEZIER_KNOTS.);
#4084 = CARTESIAN_POINT('',(2.772480369669,-9.76263614617,0.));
#4085 = CARTESIAN_POINT('',(2.540632541801,-8.946238667034,0.));
#4086 = VECTOR('',#4087,1.);
#4087 = DIRECTION('',(-0.,-0.,-1.));
#4088 = ADVANCED_FACE('',(#4089),#4100,.F.);
#4089 = FACE_BOUND('',#4090,.F.);
#4090 = EDGE_LOOP('',(#4091,#4092,#4093,#4099));
#4091 = ORIENTED_EDGE('',*,*,#4058,.T.);
#4092 = ORIENTED_EDGE('',*,*,#1944,.T.);
#4093 = ORIENTED_EDGE('',*,*,#4094,.F.);
#4094 = EDGE_CURVE('',#507,#1945,#4095,.T.);
#4095 = LINE('',#4096,#4097);
#4096 = CARTESIAN_POINT('',(2.772480369669,9.76263614617,0.));
#4097 = VECTOR('',#4098,1.);
#4098 = DIRECTION('',(0.,0.,1.));
#4099 = ORIENTED_EDGE('',*,*,#506,.F.);
#4100 = SURFACE_OF_LINEAR_EXTRUSION('',#4101,#4104);
#4101 = B_SPLINE_CURVE_WITH_KNOTS('',1,(#4102,#4103),.UNSPECIFIED.,.F.,
  .F.,(2,2),(0.,0.848680304488),.PIECEWISE_BEZIER_KNOTS.);
#4102 = CARTESIAN_POINT('',(2.540632541801,8.946238667034,0.));
#4103 = CARTESIAN_POINT('',(2.772480369669,9.76263614617,0.));
#4104 = VECTOR('',#4105,1.);
#4105 = DIRECTION('',(-0.,-0.,-1.));
#4106 = ADVANCED_FACE('',(#4107),#4118,.F.);
#4107 = FACE_BOUND('',#4108,.F.);
#4108 = EDGE_LOOP('',(#4109,#4115,#4116,#4117));
#4109 = ORIENTED_EDGE('',*,*,#4110,.T.);
#4110 = EDGE_CURVE('',#1361,#2799,#4111,.T.);
#4111 = LINE('',#4112,#4113);
#4112 = CARTESIAN_POINT('',(2.485274613213,-11.73982155302,0.));
#4113 = VECTOR('',#4114,1.);
#4114 = DIRECTION('',(0.,0.,1.));
#4115 = ORIENTED_EDGE('',*,*,#2805,.T.);
#4116 = ORIENTED_EDGE('',*,*,#4074,.F.);
#4117 = ORIENTED_EDGE('',*,*,#1367,.F.);
#4118 = SURFACE_OF_LINEAR_EXTRUSION('',#4119,#4142);
#4119 = B_SPLINE_CURVE_WITH_KNOTS('',3,(#4120,#4121,#4122,#4123,#4124,
    #4125,#4126,#4127,#4128,#4129,#4130,#4131,#4132,#4133,#4134,#4135,
    #4136,#4137,#4138,#4139,#4140,#4141),.UNSPECIFIED.,.F.,.F.,(4,1,1,1,
    1,1,1,1,1,1,1,1,1,1,1,1,1,1,1,4),(0.,0.207044776933,0.402897944561,
    0.587559502897,0.761029451963,0.923307791781,1.074394522378,
    1.214289643791,1.342993156064,1.460505059252,1.566825353431,
    1.661954038703,1.745891115208,1.818636583153,1.880190442858,
    1.930552694856,1.969723340137,1.997702380876,2.014489823605,
    2.020085714038),.UNSPECIFIED.);
#4120 = CARTESIAN_POINT('',(2.485274613213,-11.73982155302,0.));
#4121 = CARTESIAN_POINT('',(2.509211059405,-11.67509088697,0.));
#4122 = CARTESIAN_POINT('',(2.553774596443,-11.54836932753,0.));
#4123 = CARTESIAN_POINT('',(2.612581009623,-11.36151736913,0.));
#4124 = CARTESIAN_POINT('',(2.662155842653,-11.1835991194,0.));
#4125 = CARTESIAN_POINT('',(2.703155685262,-11.01501130435,0.));
#4126 = CARTESIAN_POINT('',(2.736258876528,-10.85611475774,0.));
#4127 = CARTESIAN_POINT('',(2.762156397767,-10.70723596563,0.));
#4128 = CARTESIAN_POINT('',(2.781552153532,-10.56866601851,0.));
#4129 = CARTESIAN_POINT('',(2.795160942369,-10.44066027606,0.));
#4130 = CARTESIAN_POINT('',(2.803706952357,-10.32343794558,0.));
#4131 = CARTESIAN_POINT('',(2.807922157456,-10.21718175114,0.));
#4132 = CARTESIAN_POINT('',(2.808544576079,-10.12203770671,0.));
#4133 = CARTESIAN_POINT('',(2.806317010491,-10.03811481647,0.));
#4134 = CARTESIAN_POINT('',(2.801984230299,-9.965485287913,0.));
#4135 = CARTESIAN_POINT('',(2.796294818959,-9.904183474518,0.));
#4136 = CARTESIAN_POINT('',(2.78998932957,-9.854208813335,0.));
#4137 = CARTESIAN_POINT('',(2.783826436263,-9.815517932745,0.));
#4138 = CARTESIAN_POINT('',(2.778509732843,-9.788045324755,0.));
#4139 = CARTESIAN_POINT('',(2.774844055061,-9.77165823742,0.));
#4140 = CARTESIAN_POINT('',(2.772966118433,-9.764437305196,0.));
#4141 = CARTESIAN_POINT('',(2.772480369669,-9.76263614617,0.));
#4142 = VECTOR('',#4143,1.);
#4143 = DIRECTION('',(-0.,-0.,-1.));
#4144 = ADVANCED_FACE('',(#4145),#4156,.F.);
#4145 = FACE_BOUND('',#4146,.F.);
#4146 = EDGE_LOOP('',(#4147,#4148,#4149,#4155));
#4147 = ORIENTED_EDGE('',*,*,#4094,.T.);
#4148 = ORIENTED_EDGE('',*,*,#1951,.T.);
#4149 = ORIENTED_EDGE('',*,*,#4150,.F.);
#4150 = EDGE_CURVE('',#514,#1952,#4151,.T.);
#4151 = LINE('',#4152,#4153);
#4152 = CARTESIAN_POINT('',(2.485274613213,11.739821553027,0.));
#4153 = VECTOR('',#4154,1.);
#4154 = DIRECTION('',(0.,0.,1.));
#4155 = ORIENTED_EDGE('',*,*,#513,.F.);
#4156 = SURFACE_OF_LINEAR_EXTRUSION('',#4157,#4180);
#4157 = B_SPLINE_CURVE_WITH_KNOTS('',3,(#4158,#4159,#4160,#4161,#4162,
    #4163,#4164,#4165,#4166,#4167,#4168,#4169,#4170,#4171,#4172,#4173,
    #4174,#4175,#4176,#4177,#4178,#4179),.UNSPECIFIED.,.F.,.F.,(4,1,1,1,
    1,1,1,1,1,1,1,1,1,1,1,1,1,1,1,4),(0.,5.595890432166E-03,
    2.238333316142E-02,5.036237390098E-02,8.953301918139E-02,
    0.139895271179,0.201449130885,0.27419459883,0.358131675335,
    0.453260360606,0.559580654786,0.677092557974,0.805796070246,
    0.945691191659,1.096777922257,1.259056262075,1.43252621114,
    1.617187769477,1.813040937104,2.020085714038),.UNSPECIFIED.);
#4158 = CARTESIAN_POINT('',(2.772480369669,9.76263614617,0.));
#4159 = CARTESIAN_POINT('',(2.772966118433,9.764437305196,0.));
#4160 = CARTESIAN_POINT('',(2.774844055061,9.77165823742,0.));
#4161 = CARTESIAN_POINT('',(2.778509732843,9.788045324755,0.));
#4162 = CARTESIAN_POINT('',(2.783826436263,9.815517932745,0.));
#4163 = CARTESIAN_POINT('',(2.78998932957,9.854208813335,0.));
#4164 = CARTESIAN_POINT('',(2.796294818959,9.904183474518,0.));
#4165 = CARTESIAN_POINT('',(2.801984230299,9.965485287913,0.));
#4166 = CARTESIAN_POINT('',(2.806317010491,10.038114816473,0.));
#4167 = CARTESIAN_POINT('',(2.808544576079,10.12203770671,0.));
#4168 = CARTESIAN_POINT('',(2.807922157456,10.217181751147,0.));
#4169 = CARTESIAN_POINT('',(2.803706952357,10.32343794558,0.));
#4170 = CARTESIAN_POINT('',(2.795160942369,10.440660276065,0.));
#4171 = CARTESIAN_POINT('',(2.781552153532,10.568666018512,0.));
#4172 = CARTESIAN_POINT('',(2.762156397767,10.707235965634,0.));
#4173 = CARTESIAN_POINT('',(2.736258876528,10.856114757741,0.));
#4174 = CARTESIAN_POINT('',(2.703155685262,11.015011304356,0.));
#4175 = CARTESIAN_POINT('',(2.662155842653,11.183599119405,0.));
#4176 = CARTESIAN_POINT('',(2.612581009623,11.361517369135,0.));
#4177 = CARTESIAN_POINT('',(2.553774596443,11.54836932753,0.));
#4178 = CARTESIAN_POINT('',(2.509211059405,11.675090886975,0.));
#4179 = CARTESIAN_POINT('',(2.485274613213,11.739821553027,0.));
#4180 = VECTOR('',#4181,1.);
#4181 = DIRECTION('',(-0.,-0.,-1.));
#4182 = ADVANCED_FACE('',(#4183),#4194,.F.);
#4183 = FACE_BOUND('',#4184,.F.);
#4184 = EDGE_LOOP('',(#4185,#4191,#4192,#4193));
#4185 = ORIENTED_EDGE('',*,*,#4186,.T.);
#4186 = EDGE_CURVE('',#1334,#2772,#4187,.T.);
#4187 = LINE('',#4188,#4189);
#4188 = CARTESIAN_POINT('',(1.679861235521,-11.88183766213,0.));
#4189 = VECTOR('',#4190,1.);
#4190 = DIRECTION('',(0.,0.,1.));
#4191 = ORIENTED_EDGE('',*,*,#2798,.T.);
#4192 = ORIENTED_EDGE('',*,*,#4110,.F.);
#4193 = ORIENTED_EDGE('',*,*,#1360,.F.);
#4194 = SURFACE_OF_LINEAR_EXTRUSION('',#4195,#4198);
#4195 = B_SPLINE_CURVE_WITH_KNOTS('',1,(#4196,#4197),.UNSPECIFIED.,.F.,
  .F.,(2,2),(0.,0.817838177277),.PIECEWISE_BEZIER_KNOTS.);
#4196 = CARTESIAN_POINT('',(1.679861235521,-11.88183766213,0.));
#4197 = CARTESIAN_POINT('',(2.485274613213,-11.73982155302,0.));
#4198 = VECTOR('',#4199,1.);
#4199 = DIRECTION('',(-0.,-0.,-1.));
#4200 = ADVANCED_FACE('',(#4201),#4212,.F.);
#4201 = FACE_BOUND('',#4202,.F.);
#4202 = EDGE_LOOP('',(#4203,#4204,#4205,#4211));
#4203 = ORIENTED_EDGE('',*,*,#4150,.T.);
#4204 = ORIENTED_EDGE('',*,*,#1978,.T.);
#4205 = ORIENTED_EDGE('',*,*,#4206,.F.);
#4206 = EDGE_CURVE('',#541,#1979,#4207,.T.);
#4207 = LINE('',#4208,#4209);
#4208 = CARTESIAN_POINT('',(1.679861235521,11.881837662138,0.));
#4209 = VECTOR('',#4210,1.);
#4210 = DIRECTION('',(0.,0.,1.));
#4211 = ORIENTED_EDGE('',*,*,#540,.F.);
#4212 = SURFACE_OF_LINEAR_EXTRUSION('',#4213,#4216);
#4213 = B_SPLINE_CURVE_WITH_KNOTS('',1,(#4214,#4215),.UNSPECIFIED.,.F.,
  .F.,(2,2),(0.,0.817838177277),.PIECEWISE_BEZIER_KNOTS.);
#4214 = CARTESIAN_POINT('',(2.485274613213,11.739821553027,0.));
#4215 = CARTESIAN_POINT('',(1.679861235521,11.881837662138,0.));
#4216 = VECTOR('',#4217,1.);
#4217 = DIRECTION('',(-0.,-0.,-1.));
#4218 = ADVANCED_FACE('',(#4219),#4230,.F.);
#4219 = FACE_BOUND('',#4220,.F.);
#4220 = EDGE_LOOP('',(#4221,#4227,#4228,#4229));
#4221 = ORIENTED_EDGE('',*,*,#4222,.T.);
#4222 = EDGE_CURVE('',#1327,#2765,#4223,.T.);
#4223 = LINE('',#4224,#4225);
#4224 = CARTESIAN_POINT('',(0.733738869298,-10.12212127937,0.));
#4225 = VECTOR('',#4226,1.);
#4226 = DIRECTION('',(0.,0.,1.));
#4227 = ORIENTED_EDGE('',*,*,#2771,.T.);
#4228 = ORIENTED_EDGE('',*,*,#4186,.F.);
#4229 = ORIENTED_EDGE('',*,*,#1333,.F.);
#4230 = SURFACE_OF_LINEAR_EXTRUSION('',#4231,#4254);
#4231 = B_SPLINE_CURVE_WITH_KNOTS('',3,(#4232,#4233,#4234,#4235,#4236,
    #4237,#4238,#4239,#4240,#4241,#4242,#4243,#4244,#4245,#4246,#4247,
    #4248,#4249,#4250,#4251,#4252,#4253),.UNSPECIFIED.,.F.,.F.,(4,1,1,1,
    1,1,1,1,1,1,1,1,1,1,1,1,1,1,1,4),(0.,5.595890432166E-03,
    2.238333316142E-02,5.036237390098E-02,8.953301918139E-02,
    0.139895271179,0.201449130885,0.27419459883,0.358131675335,
    0.453260360606,0.559580654786,0.677092557974,0.805796070246,
    0.945691191659,1.096777922257,1.259056262075,1.43252621114,
    1.617187769477,1.813040937104,2.020085714038),.UNSPECIFIED.);
#4232 = CARTESIAN_POINT('',(0.733738869298,-10.12212127937,0.));
#4233 = CARTESIAN_POINT('',(0.733898447437,-10.12397995108,0.));
#4234 = CARTESIAN_POINT('',(0.734603468519,-10.13140769996,0.));
#4235 = CARTESIAN_POINT('',(0.736763572116,-10.14806026064,0.));
#4236 = CARTESIAN_POINT('',(0.741163690469,-10.17569448731,0.));
#4237 = CARTESIAN_POINT('',(0.74860552563,-10.21415985595,0.));
#4238 = CARTESIAN_POINT('',(0.759772644561,-10.26327728067,0.));
#4239 = CARTESIAN_POINT('',(0.775392801712,-10.32282803564,0.));
#4240 = CARTESIAN_POINT('',(0.796162081905,-10.39255936578,0.));
#4241 = CARTESIAN_POINT('',(0.822772173907,-10.47218295875,0.));
#4242 = CARTESIAN_POINT('',(0.855898235809,-10.56137623552,0.));
#4243 = CARTESIAN_POINT('',(0.896200991785,-10.65978271229,0.));
#4244 = CARTESIAN_POINT('',(0.944324012582,-10.76701276367,0.));
#4245 = CARTESIAN_POINT('',(1.000892633407,-10.88264433536,0.));
#4246 = CARTESIAN_POINT('',(1.06651239515,-11.00622375297,0.));
#4247 = CARTESIAN_POINT('',(1.14176765057,-11.13726658138,0.));
#4248 = CARTESIAN_POINT('',(1.227220294774,-11.27525853548,0.));
#4249 = CARTESIAN_POINT('',(1.323407972992,-11.41965648919,0.));
#4250 = CARTESIAN_POINT('',(1.430844703041,-11.56988936406,0.));
#4251 = CARTESIAN_POINT('',(1.550011789152,-11.72535979268,0.));
#4252 = CARTESIAN_POINT('',(1.635229141986,-11.82919747966,0.));
#4253 = CARTESIAN_POINT('',(1.679861235521,-11.88183766213,0.));
#4254 = VECTOR('',#4255,1.);
#4255 = DIRECTION('',(-0.,-0.,-1.));
#4256 = ADVANCED_FACE('',(#4257),#4268,.F.);
#4257 = FACE_BOUND('',#4258,.F.);
#4258 = EDGE_LOOP('',(#4259,#4260,#4261,#4267));
#4259 = ORIENTED_EDGE('',*,*,#4206,.T.);
#4260 = ORIENTED_EDGE('',*,*,#1985,.T.);
#4261 = ORIENTED_EDGE('',*,*,#4262,.F.);
#4262 = EDGE_CURVE('',#548,#1986,#4263,.T.);
#4263 = LINE('',#4264,#4265);
#4264 = CARTESIAN_POINT('',(0.733738869298,10.122121279375,0.));
#4265 = VECTOR('',#4266,1.);
#4266 = DIRECTION('',(0.,0.,1.));
#4267 = ORIENTED_EDGE('',*,*,#547,.F.);
#4268 = SURFACE_OF_LINEAR_EXTRUSION('',#4269,#4292);
#4269 = B_SPLINE_CURVE_WITH_KNOTS('',3,(#4270,#4271,#4272,#4273,#4274,
    #4275,#4276,#4277,#4278,#4279,#4280,#4281,#4282,#4283,#4284,#4285,
    #4286,#4287,#4288,#4289,#4290,#4291),.UNSPECIFIED.,.F.,.F.,(4,1,1,1,
    1,1,1,1,1,1,1,1,1,1,1,1,1,1,1,4),(0.,0.207044776933,0.402897944561,
    0.587559502897,0.761029451963,0.923307791781,1.074394522378,
    1.214289643791,1.342993156064,1.460505059252,1.566825353431,
    1.661954038703,1.745891115208,1.818636583153,1.880190442858,
    1.930552694856,1.969723340137,1.997702380876,2.014489823605,
    2.020085714038),.UNSPECIFIED.);
#4270 = CARTESIAN_POINT('',(1.679861235521,11.881837662138,0.));
#4271 = CARTESIAN_POINT('',(1.635229141986,11.829197479667,0.));
#4272 = CARTESIAN_POINT('',(1.550011789152,11.725359792687,0.));
#4273 = CARTESIAN_POINT('',(1.430844703041,11.569889364068,0.));
#4274 = CARTESIAN_POINT('',(1.323407972992,11.419656489192,0.));
#4275 = CARTESIAN_POINT('',(1.227220294774,11.275258535482,0.));
#4276 = CARTESIAN_POINT('',(1.14176765057,11.13726658138,0.));
#4277 = CARTESIAN_POINT('',(1.06651239515,11.006223752972,0.));
#4278 = CARTESIAN_POINT('',(1.000892633407,10.882644335365,0.));
#4279 = CARTESIAN_POINT('',(0.944324012582,10.767012763678,0.));
#4280 = CARTESIAN_POINT('',(0.896200991785,10.659782712291,0.));
#4281 = CARTESIAN_POINT('',(0.855898235809,10.561376235522,0.));
#4282 = CARTESIAN_POINT('',(0.822772173907,10.472182958759,0.));
#4283 = CARTESIAN_POINT('',(0.796162081905,10.392559365787,0.));
#4284 = CARTESIAN_POINT('',(0.775392801712,10.322828035646,0.));
#4285 = CARTESIAN_POINT('',(0.759772644561,10.263277280676,0.));
#4286 = CARTESIAN_POINT('',(0.74860552563,10.214159855951,0.));
#4287 = CARTESIAN_POINT('',(0.741163690469,10.175694487317,0.));
#4288 = CARTESIAN_POINT('',(0.736763572116,10.148060260649,0.));
#4289 = CARTESIAN_POINT('',(0.734603468519,10.131407699964,0.));
#4290 = CARTESIAN_POINT('',(0.733898447437,10.123979951083,0.));
#4291 = CARTESIAN_POINT('',(0.733738869298,10.122121279375,0.));
#4292 = VECTOR('',#4293,1.);
#4293 = DIRECTION('',(-0.,-0.,-1.));
#4294 = ADVANCED_FACE('',(#4295),#4306,.F.);
#4295 = FACE_BOUND('',#4296,.F.);
#4296 = EDGE_LOOP('',(#4297,#4303,#4304,#4305));
#4297 = ORIENTED_EDGE('',*,*,#4298,.T.);
#4298 = EDGE_CURVE('',#1320,#2758,#4299,.T.);
#4299 = LINE('',#4300,#4301);
#4300 = CARTESIAN_POINT('',(0.672380179465,-9.275661965286,0.));
#4301 = VECTOR('',#4302,1.);
#4302 = DIRECTION('',(0.,0.,1.));
#4303 = ORIENTED_EDGE('',*,*,#2764,.T.);
#4304 = ORIENTED_EDGE('',*,*,#4222,.F.);
#4305 = ORIENTED_EDGE('',*,*,#1326,.F.);
#4306 = SURFACE_OF_LINEAR_EXTRUSION('',#4307,#4310);
#4307 = B_SPLINE_CURVE_WITH_KNOTS('',1,(#4308,#4309),.UNSPECIFIED.,.F.,
  .F.,(2,2),(0.,0.848680304488),.PIECEWISE_BEZIER_KNOTS.);
#4308 = CARTESIAN_POINT('',(0.672380179465,-9.275661965286,0.));
#4309 = CARTESIAN_POINT('',(0.733738869298,-10.12212127937,0.));
#4310 = VECTOR('',#4311,1.);
#4311 = DIRECTION('',(-0.,-0.,-1.));
#4312 = ADVANCED_FACE('',(#4313),#4324,.F.);
#4313 = FACE_BOUND('',#4314,.F.);
#4314 = EDGE_LOOP('',(#4315,#4316,#4317,#4323));
#4315 = ORIENTED_EDGE('',*,*,#4262,.T.);
#4316 = ORIENTED_EDGE('',*,*,#2012,.T.);
#4317 = ORIENTED_EDGE('',*,*,#4318,.F.);
#4318 = EDGE_CURVE('',#575,#2013,#4319,.T.);
#4319 = LINE('',#4320,#4321);
#4320 = CARTESIAN_POINT('',(0.672380179465,9.275661965286,0.));
#4321 = VECTOR('',#4322,1.);
#4322 = DIRECTION('',(0.,0.,1.));
#4323 = ORIENTED_EDGE('',*,*,#574,.F.);
#4324 = SURFACE_OF_LINEAR_EXTRUSION('',#4325,#4328);
#4325 = B_SPLINE_CURVE_WITH_KNOTS('',1,(#4326,#4327),.UNSPECIFIED.,.F.,
  .F.,(2,2),(0.,0.848680304488),.PIECEWISE_BEZIER_KNOTS.);
#4326 = CARTESIAN_POINT('',(0.733738869298,10.122121279375,0.));
#4327 = CARTESIAN_POINT('',(0.672380179465,9.275661965286,0.));
#4328 = VECTOR('',#4329,1.);
#4329 = DIRECTION('',(-0.,-0.,-1.));
#4330 = ADVANCED_FACE('',(#4331),#4342,.F.);
#4331 = FACE_BOUND('',#4332,.F.);
#4332 = EDGE_LOOP('',(#4333,#4339,#4340,#4341));
#4333 = ORIENTED_EDGE('',*,*,#4334,.T.);
#4334 = EDGE_CURVE('',#1313,#2751,#4335,.T.);
#4335 = LINE('',#4336,#4337);
#4336 = CARTESIAN_POINT('',(-0.672380179465,-9.275661965286,0.));
#4337 = VECTOR('',#4338,1.);
#4338 = DIRECTION('',(0.,0.,1.));
#4339 = ORIENTED_EDGE('',*,*,#2757,.T.);
#4340 = ORIENTED_EDGE('',*,*,#4298,.F.);
#4341 = ORIENTED_EDGE('',*,*,#1319,.F.);
#4342 = SURFACE_OF_LINEAR_EXTRUSION('',#4343,#4346);
#4343 = B_SPLINE_CURVE_WITH_KNOTS('',1,(#4344,#4345),.UNSPECIFIED.,.F.,
  .F.,(2,2),(0.,1.344760358931),.PIECEWISE_BEZIER_KNOTS.);
#4344 = CARTESIAN_POINT('',(-0.672380179465,-9.275661965286,0.));
#4345 = CARTESIAN_POINT('',(0.672380179465,-9.275661965286,0.));
#4346 = VECTOR('',#4347,1.);
#4347 = DIRECTION('',(-0.,-0.,-1.));
#4348 = ADVANCED_FACE('',(#4349),#4360,.F.);
#4349 = FACE_BOUND('',#4350,.F.);
#4350 = EDGE_LOOP('',(#4351,#4352,#4353,#4359));
#4351 = ORIENTED_EDGE('',*,*,#4318,.T.);
#4352 = ORIENTED_EDGE('',*,*,#2019,.T.);
#4353 = ORIENTED_EDGE('',*,*,#4354,.F.);
#4354 = EDGE_CURVE('',#582,#2020,#4355,.T.);
#4355 = LINE('',#4356,#4357);
#4356 = CARTESIAN_POINT('',(-0.672380179465,9.275661965286,0.));
#4357 = VECTOR('',#4358,1.);
#4358 = DIRECTION('',(0.,0.,1.));
#4359 = ORIENTED_EDGE('',*,*,#581,.F.);
#4360 = SURFACE_OF_LINEAR_EXTRUSION('',#4361,#4364);
#4361 = B_SPLINE_CURVE_WITH_KNOTS('',1,(#4362,#4363),.UNSPECIFIED.,.F.,
  .F.,(2,2),(0.,1.344760358931),.PIECEWISE_BEZIER_KNOTS.);
#4362 = CARTESIAN_POINT('',(0.672380179465,9.275661965286,0.));
#4363 = CARTESIAN_POINT('',(-0.672380179465,9.275661965286,0.));
#4364 = VECTOR('',#4365,1.);
#4365 = DIRECTION('',(-0.,-0.,-1.));
#4366 = ADVANCED_FACE('',(#4367),#4378,.F.);
#4367 = FACE_BOUND('',#4368,.F.);
#4368 = EDGE_LOOP('',(#4369,#4375,#4376,#4377));
#4369 = ORIENTED_EDGE('',*,*,#4370,.T.);
#4370 = EDGE_CURVE('',#1286,#2724,#4371,.T.);
#4371 = LINE('',#4372,#4373);
#4372 = CARTESIAN_POINT('',(-0.733738869298,-10.12212127937,0.));
#4373 = VECTOR('',#4374,1.);
#4374 = DIRECTION('',(0.,0.,1.));
#4375 = ORIENTED_EDGE('',*,*,#2750,.T.);
#4376 = ORIENTED_EDGE('',*,*,#4334,.F.);
#4377 = ORIENTED_EDGE('',*,*,#1312,.F.);
#4378 = SURFACE_OF_LINEAR_EXTRUSION('',#4379,#4382);
#4379 = B_SPLINE_CURVE_WITH_KNOTS('',1,(#4380,#4381),.UNSPECIFIED.,.F.,
  .F.,(2,2),(0.,0.848680304488),.PIECEWISE_BEZIER_KNOTS.);
#4380 = CARTESIAN_POINT('',(-0.733738869298,-10.12212127937,0.));
#4381 = CARTESIAN_POINT('',(-0.672380179465,-9.275661965286,0.));
#4382 = VECTOR('',#4383,1.);
#4383 = DIRECTION('',(-0.,-0.,-1.));
#4384 = ADVANCED_FACE('',(#4385),#4396,.F.);
#4385 = FACE_BOUND('',#4386,.F.);
#4386 = EDGE_LOOP('',(#4387,#4388,#4389,#4395));
#4387 = ORIENTED_EDGE('',*,*,#4354,.T.);
#4388 = ORIENTED_EDGE('',*,*,#2026,.T.);
#4389 = ORIENTED_EDGE('',*,*,#4390,.F.);
#4390 = EDGE_CURVE('',#589,#2027,#4391,.T.);
#4391 = LINE('',#4392,#4393);
#4392 = CARTESIAN_POINT('',(-0.733738869298,10.122121279375,0.));
#4393 = VECTOR('',#4394,1.);
#4394 = DIRECTION('',(0.,0.,1.));
#4395 = ORIENTED_EDGE('',*,*,#588,.F.);
#4396 = SURFACE_OF_LINEAR_EXTRUSION('',#4397,#4400);
#4397 = B_SPLINE_CURVE_WITH_KNOTS('',1,(#4398,#4399),.UNSPECIFIED.,.F.,
  .F.,(2,2),(0.,0.848680304488),.PIECEWISE_BEZIER_KNOTS.);
#4398 = CARTESIAN_POINT('',(-0.672380179465,9.275661965286,0.));
#4399 = CARTESIAN_POINT('',(-0.733738869298,10.122121279375,0.));
#4400 = VECTOR('',#4401,1.);
#4401 = DIRECTION('',(-0.,-0.,-1.));
#4402 = ADVANCED_FACE('',(#4403),#4414,.F.);
#4403 = FACE_BOUND('',#4404,.F.);
#4404 = EDGE_LOOP('',(#4405,#4411,#4412,#4413));
#4405 = ORIENTED_EDGE('',*,*,#4406,.T.);
#4406 = EDGE_CURVE('',#1279,#2717,#4407,.T.);
#4407 = LINE('',#4408,#4409);
#4408 = CARTESIAN_POINT('',(-1.679861235521,-11.88183766213,0.));
#4409 = VECTOR('',#4410,1.);
#4410 = DIRECTION('',(0.,0.,1.));
#4411 = ORIENTED_EDGE('',*,*,#2723,.T.);
#4412 = ORIENTED_EDGE('',*,*,#4370,.F.);
#4413 = ORIENTED_EDGE('',*,*,#1285,.F.);
#4414 = SURFACE_OF_LINEAR_EXTRUSION('',#4415,#4438);
#4415 = B_SPLINE_CURVE_WITH_KNOTS('',3,(#4416,#4417,#4418,#4419,#4420,
    #4421,#4422,#4423,#4424,#4425,#4426,#4427,#4428,#4429,#4430,#4431,
    #4432,#4433,#4434,#4435,#4436,#4437),.UNSPECIFIED.,.F.,.F.,(4,1,1,1,
    1,1,1,1,1,1,1,1,1,1,1,1,1,1,1,4),(0.,0.207044776933,0.402897944561,
    0.587559502897,0.761029451963,0.923307791781,1.074394522378,
    1.214289643791,1.342993156064,1.460505059252,1.566825353431,
    1.661954038703,1.745891115208,1.818636583153,1.880190442858,
    1.930552694856,1.969723340137,1.997702380876,2.014489823605,
    2.020085714038),.UNSPECIFIED.);
#4416 = CARTESIAN_POINT('',(-1.679861235521,-11.88183766213,0.));
#4417 = CARTESIAN_POINT('',(-1.635229141986,-11.82919747966,0.));
#4418 = CARTESIAN_POINT('',(-1.550011789152,-11.72535979268,0.));
#4419 = CARTESIAN_POINT('',(-1.430844703041,-11.56988936406,0.));
#4420 = CARTESIAN_POINT('',(-1.323407972992,-11.41965648919,0.));
#4421 = CARTESIAN_POINT('',(-1.227220294774,-11.27525853548,0.));
#4422 = CARTESIAN_POINT('',(-1.14176765057,-11.13726658138,0.));
#4423 = CARTESIAN_POINT('',(-1.06651239515,-11.00622375297,0.));
#4424 = CARTESIAN_POINT('',(-1.000892633407,-10.88264433536,0.));
#4425 = CARTESIAN_POINT('',(-0.944324012582,-10.76701276367,0.));
#4426 = CARTESIAN_POINT('',(-0.896200991785,-10.65978271229,0.));
#4427 = CARTESIAN_POINT('',(-0.855898235809,-10.56137623552,0.));
#4428 = CARTESIAN_POINT('',(-0.822772173907,-10.47218295875,0.));
#4429 = CARTESIAN_POINT('',(-0.796162081905,-10.39255936578,0.));
#4430 = CARTESIAN_POINT('',(-0.775392801712,-10.32282803564,0.));
#4431 = CARTESIAN_POINT('',(-0.759772644561,-10.26327728067,0.));
#4432 = CARTESIAN_POINT('',(-0.74860552563,-10.21415985595,0.));
#4433 = CARTESIAN_POINT('',(-0.741163690469,-10.17569448731,0.));
#4434 = CARTESIAN_POINT('',(-0.736763572116,-10.14806026064,0.));
#4435 = CARTESIAN_POINT('',(-0.734603468519,-10.13140769996,0.));
#4436 = CARTESIAN_POINT('',(-0.733898447437,-10.12397995108,0.));
#4437 = CARTESIAN_POINT('',(-0.733738869298,-10.12212127937,0.));
#4438 = VECTOR('',#4439,1.);
#4439 = DIRECTION('',(-0.,-0.,-1.));
#4440 = ADVANCED_FACE('',(#4441),#4452,.F.);
#4441 = FACE_BOUND('',#4442,.F.);
#4442 = EDGE_LOOP('',(#4443,#4444,#4445,#4451));
#4443 = ORIENTED_EDGE('',*,*,#4390,.T.);
#4444 = ORIENTED_EDGE('',*,*,#2033,.T.);
#4445 = ORIENTED_EDGE('',*,*,#4446,.F.);
#4446 = EDGE_CURVE('',#596,#2034,#4447,.T.);
#4447 = LINE('',#4448,#4449);
#4448 = CARTESIAN_POINT('',(-1.679861235521,11.881837662138,0.));
#4449 = VECTOR('',#4450,1.);
#4450 = DIRECTION('',(0.,0.,1.));
#4451 = ORIENTED_EDGE('',*,*,#595,.F.);
#4452 = SURFACE_OF_LINEAR_EXTRUSION('',#4453,#4476);
#4453 = B_SPLINE_CURVE_WITH_KNOTS('',3,(#4454,#4455,#4456,#4457,#4458,
    #4459,#4460,#4461,#4462,#4463,#4464,#4465,#4466,#4467,#4468,#4469,
    #4470,#4471,#4472,#4473,#4474,#4475),.UNSPECIFIED.,.F.,.F.,(4,1,1,1,
    1,1,1,1,1,1,1,1,1,1,1,1,1,1,1,4),(0.,5.595890432166E-03,
    2.238333316142E-02,5.036237390098E-02,8.953301918139E-02,
    0.139895271179,0.201449130885,0.27419459883,0.358131675335,
    0.453260360606,0.559580654786,0.677092557974,0.805796070246,
    0.945691191659,1.096777922257,1.259056262075,1.43252621114,
    1.617187769477,1.813040937104,2.020085714038),.UNSPECIFIED.);
#4454 = CARTESIAN_POINT('',(-0.733738869298,10.122121279375,0.));
#4455 = CARTESIAN_POINT('',(-0.733898447437,10.123979951083,0.));
#4456 = CARTESIAN_POINT('',(-0.734603468519,10.131407699964,0.));
#4457 = CARTESIAN_POINT('',(-0.736763572116,10.148060260649,0.));
#4458 = CARTESIAN_POINT('',(-0.741163690469,10.175694487317,0.));
#4459 = CARTESIAN_POINT('',(-0.74860552563,10.214159855951,0.));
#4460 = CARTESIAN_POINT('',(-0.759772644561,10.263277280676,0.));
#4461 = CARTESIAN_POINT('',(-0.775392801712,10.322828035646,0.));
#4462 = CARTESIAN_POINT('',(-0.796162081905,10.392559365787,0.));
#4463 = CARTESIAN_POINT('',(-0.822772173907,10.472182958759,0.));
#4464 = CARTESIAN_POINT('',(-0.855898235809,10.561376235522,0.));
#4465 = CARTESIAN_POINT('',(-0.896200991785,10.659782712291,0.));
#4466 = CARTESIAN_POINT('',(-0.944324012582,10.767012763678,0.));
#4467 = CARTESIAN_POINT('',(-1.000892633407,10.882644335365,0.));
#4468 = CARTESIAN_POINT('',(-1.06651239515,11.006223752972,0.));
#4469 = CARTESIAN_POINT('',(-1.14176765057,11.13726658138,0.));
#4470 = CARTESIAN_POINT('',(-1.227220294774,11.275258535482,0.));
#4471 = CARTESIAN_POINT('',(-1.323407972992,11.419656489192,0.));
#4472 = CARTESIAN_POINT('',(-1.430844703041,11.569889364068,0.));
#4473 = CARTESIAN_POINT('',(-1.550011789152,11.725359792687,0.));
#4474 = CARTESIAN_POINT('',(-1.635229141986,11.829197479667,0.));
#4475 = CARTESIAN_POINT('',(-1.679861235521,11.881837662138,0.));
#4476 = VECTOR('',#4477,1.);
#4477 = DIRECTION('',(-0.,-0.,-1.));
#4478 = ADVANCED_FACE('',(#4479),#4490,.F.);
#4479 = FACE_BOUND('',#4480,.F.);
#4480 = EDGE_LOOP('',(#4481,#4487,#4488,#4489));
#4481 = ORIENTED_EDGE('',*,*,#4482,.T.);
#4482 = EDGE_CURVE('',#1252,#2690,#4483,.T.);
#4483 = LINE('',#4484,#4485);
#4484 = CARTESIAN_POINT('',(-2.485274613213,-11.73982155302,0.));
#4485 = VECTOR('',#4486,1.);
#4486 = DIRECTION('',(0.,0.,1.));
#4487 = ORIENTED_EDGE('',*,*,#2716,.T.);
#4488 = ORIENTED_EDGE('',*,*,#4406,.F.);
#4489 = ORIENTED_EDGE('',*,*,#1278,.F.);
#4490 = SURFACE_OF_LINEAR_EXTRUSION('',#4491,#4494);
#4491 = B_SPLINE_CURVE_WITH_KNOTS('',1,(#4492,#4493),.UNSPECIFIED.,.F.,
  .F.,(2,2),(0.,0.817838177277),.PIECEWISE_BEZIER_KNOTS.);
#4492 = CARTESIAN_POINT('',(-2.485274613213,-11.73982155302,0.));
#4493 = CARTESIAN_POINT('',(-1.679861235521,-11.88183766213,0.));
#4494 = VECTOR('',#4495,1.);
#4495 = DIRECTION('',(-0.,-0.,-1.));
#4496 = ADVANCED_FACE('',(#4497),#4508,.F.);
#4497 = FACE_BOUND('',#4498,.F.);
#4498 = EDGE_LOOP('',(#4499,#4500,#4501,#4507));
#4499 = ORIENTED_EDGE('',*,*,#4446,.T.);
#4500 = ORIENTED_EDGE('',*,*,#2060,.T.);
#4501 = ORIENTED_EDGE('',*,*,#4502,.F.);
#4502 = EDGE_CURVE('',#623,#2061,#4503,.T.);
#4503 = LINE('',#4504,#4505);
#4504 = CARTESIAN_POINT('',(-2.485274613213,11.739821553027,0.));
#4505 = VECTOR('',#4506,1.);
#4506 = DIRECTION('',(0.,0.,1.));
#4507 = ORIENTED_EDGE('',*,*,#622,.F.);
#4508 = SURFACE_OF_LINEAR_EXTRUSION('',#4509,#4512);
#4509 = B_SPLINE_CURVE_WITH_KNOTS('',1,(#4510,#4511),.UNSPECIFIED.,.F.,
  .F.,(2,2),(0.,0.817838177277),.PIECEWISE_BEZIER_KNOTS.);
#4510 = CARTESIAN_POINT('',(-1.679861235521,11.881837662138,0.));
#4511 = CARTESIAN_POINT('',(-2.485274613213,11.739821553027,0.));
#4512 = VECTOR('',#4513,1.);
#4513 = DIRECTION('',(-0.,-0.,-1.));
#4514 = ADVANCED_FACE('',(#4515),#4526,.F.);
#4515 = FACE_BOUND('',#4516,.F.);
#4516 = EDGE_LOOP('',(#4517,#4523,#4524,#4525));
#4517 = ORIENTED_EDGE('',*,*,#4518,.T.);
#4518 = EDGE_CURVE('',#1245,#2683,#4519,.T.);
#4519 = LINE('',#4520,#4521);
#4520 = CARTESIAN_POINT('',(-2.772480369669,-9.76263614617,0.));
#4521 = VECTOR('',#4522,1.);
#4522 = DIRECTION('',(0.,0.,1.));
#4523 = ORIENTED_EDGE('',*,*,#2689,.T.);
#4524 = ORIENTED_EDGE('',*,*,#4482,.F.);
#4525 = ORIENTED_EDGE('',*,*,#1251,.F.);
#4526 = SURFACE_OF_LINEAR_EXTRUSION('',#4527,#4550);
#4527 = B_SPLINE_CURVE_WITH_KNOTS('',3,(#4528,#4529,#4530,#4531,#4532,
    #4533,#4534,#4535,#4536,#4537,#4538,#4539,#4540,#4541,#4542,#4543,
    #4544,#4545,#4546,#4547,#4548,#4549),.UNSPECIFIED.,.F.,.F.,(4,1,1,1,
    1,1,1,1,1,1,1,1,1,1,1,1,1,1,1,4),(0.,5.595890432166E-03,
    2.238333316142E-02,5.036237390098E-02,8.953301918139E-02,
    0.139895271179,0.201449130885,0.27419459883,0.358131675335,
    0.453260360606,0.559580654786,0.677092557974,0.805796070246,
    0.945691191659,1.096777922257,1.259056262075,1.43252621114,
    1.617187769477,1.813040937104,2.020085714038),.UNSPECIFIED.);
#4528 = CARTESIAN_POINT('',(-2.772480369669,-9.76263614617,0.));
#4529 = CARTESIAN_POINT('',(-2.772966118433,-9.764437305196,0.));
#4530 = CARTESIAN_POINT('',(-2.774844055061,-9.77165823742,0.));
#4531 = CARTESIAN_POINT('',(-2.778509732843,-9.788045324755,0.));
#4532 = CARTESIAN_POINT('',(-2.783826436263,-9.815517932745,0.));
#4533 = CARTESIAN_POINT('',(-2.78998932957,-9.854208813335,0.));
#4534 = CARTESIAN_POINT('',(-2.796294818959,-9.904183474518,0.));
#4535 = CARTESIAN_POINT('',(-2.801984230299,-9.965485287913,0.));
#4536 = CARTESIAN_POINT('',(-2.806317010491,-10.03811481647,0.));
#4537 = CARTESIAN_POINT('',(-2.808544576079,-10.12203770671,0.));
#4538 = CARTESIAN_POINT('',(-2.807922157456,-10.21718175114,0.));
#4539 = CARTESIAN_POINT('',(-2.803706952357,-10.32343794558,0.));
#4540 = CARTESIAN_POINT('',(-2.795160942369,-10.44066027606,0.));
#4541 = CARTESIAN_POINT('',(-2.781552153532,-10.56866601851,0.));
#4542 = CARTESIAN_POINT('',(-2.762156397767,-10.70723596563,0.));
#4543 = CARTESIAN_POINT('',(-2.736258876528,-10.85611475774,0.));
#4544 = CARTESIAN_POINT('',(-2.703155685262,-11.01501130435,0.));
#4545 = CARTESIAN_POINT('',(-2.662155842653,-11.1835991194,0.));
#4546 = CARTESIAN_POINT('',(-2.612581009623,-11.36151736913,0.));
#4547 = CARTESIAN_POINT('',(-2.553774596443,-11.54836932753,0.));
#4548 = CARTESIAN_POINT('',(-2.509211059405,-11.67509088697,0.));
#4549 = CARTESIAN_POINT('',(-2.485274613213,-11.73982155302,0.));
#4550 = VECTOR('',#4551,1.);
#4551 = DIRECTION('',(-0.,-0.,-1.));
#4552 = ADVANCED_FACE('',(#4553),#4564,.F.);
#4553 = FACE_BOUND('',#4554,.F.);
#4554 = EDGE_LOOP('',(#4555,#4556,#4557,#4563));
#4555 = ORIENTED_EDGE('',*,*,#4502,.T.);
#4556 = ORIENTED_EDGE('',*,*,#2067,.T.);
#4557 = ORIENTED_EDGE('',*,*,#4558,.F.);
#4558 = EDGE_CURVE('',#630,#2068,#4559,.T.);
#4559 = LINE('',#4560,#4561);
#4560 = CARTESIAN_POINT('',(-2.772480369669,9.76263614617,0.));
#4561 = VECTOR('',#4562,1.);
#4562 = DIRECTION('',(0.,0.,1.));
#4563 = ORIENTED_EDGE('',*,*,#629,.F.);
#4564 = SURFACE_OF_LINEAR_EXTRUSION('',#4565,#4588);
#4565 = B_SPLINE_CURVE_WITH_KNOTS('',3,(#4566,#4567,#4568,#4569,#4570,
    #4571,#4572,#4573,#4574,#4575,#4576,#4577,#4578,#4579,#4580,#4581,
    #4582,#4583,#4584,#4585,#4586,#4587),.UNSPECIFIED.,.F.,.F.,(4,1,1,1,
    1,1,1,1,1,1,1,1,1,1,1,1,1,1,1,4),(0.,0.207044776933,0.402897944561,
    0.587559502897,0.761029451963,0.923307791781,1.074394522378,
    1.214289643791,1.342993156064,1.460505059252,1.566825353431,
    1.661954038703,1.745891115208,1.818636583153,1.880190442858,
    1.930552694856,1.969723340137,1.997702380876,2.014489823605,
    2.020085714038),.UNSPECIFIED.);
#4566 = CARTESIAN_POINT('',(-2.485274613213,11.739821553027,0.));
#4567 = CARTESIAN_POINT('',(-2.509211059405,11.675090886975,0.));
#4568 = CARTESIAN_POINT('',(-2.553774596443,11.54836932753,0.));
#4569 = CARTESIAN_POINT('',(-2.612581009623,11.361517369135,0.));
#4570 = CARTESIAN_POINT('',(-2.662155842653,11.183599119405,0.));
#4571 = CARTESIAN_POINT('',(-2.703155685262,11.015011304356,0.));
#4572 = CARTESIAN_POINT('',(-2.736258876528,10.856114757741,0.));
#4573 = CARTESIAN_POINT('',(-2.762156397767,10.707235965634,0.));
#4574 = CARTESIAN_POINT('',(-2.781552153532,10.568666018512,0.));
#4575 = CARTESIAN_POINT('',(-2.795160942369,10.440660276065,0.));
#4576 = CARTESIAN_POINT('',(-2.803706952357,10.32343794558,0.));
#4577 = CARTESIAN_POINT('',(-2.807922157456,10.217181751147,0.));
#4578 = CARTESIAN_POINT('',(-2.808544576079,10.12203770671,0.));
#4579 = CARTESIAN_POINT('',(-2.806317010491,10.038114816473,0.));
#4580 = CARTESIAN_POINT('',(-2.801984230299,9.965485287913,0.));
#4581 = CARTESIAN_POINT('',(-2.796294818959,9.904183474518,0.));
#4582 = CARTESIAN_POINT('',(-2.78998932957,9.854208813335,0.));
#4583 = CARTESIAN_POINT('',(-2.783826436263,9.815517932745,0.));
#4584 = CARTESIAN_POINT('',(-2.778509732843,9.788045324755,0.));
#4585 = CARTESIAN_POINT('',(-2.774844055061,9.77165823742,0.));
#4586 = CARTESIAN_POINT('',(-2.772966118433,9.764437305196,0.));
#4587 = CARTESIAN_POINT('',(-2.772480369669,9.76263614617,0.));
#4588 = VECTOR('',#4589,1.);
#4589 = DIRECTION('',(-0.,-0.,-1.));
#4590 = ADVANCED_FACE('',(#4591),#4602,.F.);
#4591 = FACE_BOUND('',#4592,.F.);
#4592 = EDGE_LOOP('',(#4593,#4599,#4600,#4601));
#4593 = ORIENTED_EDGE('',*,*,#4594,.T.);
#4594 = EDGE_CURVE('',#1238,#2676,#4595,.T.);
#4595 = LINE('',#4596,#4597);
#4596 = CARTESIAN_POINT('',(-2.540632541801,-8.946238667034,0.));
#4597 = VECTOR('',#4598,1.);
#4598 = DIRECTION('',(0.,0.,1.));
#4599 = ORIENTED_EDGE('',*,*,#2682,.T.);
#4600 = ORIENTED_EDGE('',*,*,#4518,.F.);
#4601 = ORIENTED_EDGE('',*,*,#1244,.F.);
#4602 = SURFACE_OF_LINEAR_EXTRUSION('',#4603,#4606);
#4603 = B_SPLINE_CURVE_WITH_KNOTS('',1,(#4604,#4605),.UNSPECIFIED.,.F.,
  .F.,(2,2),(0.,0.848680304488),.PIECEWISE_BEZIER_KNOTS.);
#4604 = CARTESIAN_POINT('',(-2.540632541801,-8.946238667034,0.));
#4605 = CARTESIAN_POINT('',(-2.772480369669,-9.76263614617,0.));
#4606 = VECTOR('',#4607,1.);
#4607 = DIRECTION('',(-0.,-0.,-1.));
#4608 = ADVANCED_FACE('',(#4609),#4620,.F.);
#4609 = FACE_BOUND('',#4610,.F.);
#4610 = EDGE_LOOP('',(#4611,#4612,#4613,#4619));
#4611 = ORIENTED_EDGE('',*,*,#4558,.T.);
#4612 = ORIENTED_EDGE('',*,*,#2094,.T.);
#4613 = ORIENTED_EDGE('',*,*,#4614,.F.);
#4614 = EDGE_CURVE('',#657,#2095,#4615,.T.);
#4615 = LINE('',#4616,#4617);
#4616 = CARTESIAN_POINT('',(-2.540632541801,8.946238667034,0.));
#4617 = VECTOR('',#4618,1.);
#4618 = DIRECTION('',(0.,0.,1.));
#4619 = ORIENTED_EDGE('',*,*,#656,.F.);
#4620 = SURFACE_OF_LINEAR_EXTRUSION('',#4621,#4624);
#4621 = B_SPLINE_CURVE_WITH_KNOTS('',1,(#4622,#4623),.UNSPECIFIED.,.F.,
  .F.,(2,2),(0.,0.848680304488),.PIECEWISE_BEZIER_KNOTS.);
#4622 = CARTESIAN_POINT('',(-2.772480369669,9.76263614617,0.));
#4623 = CARTESIAN_POINT('',(-2.540632541801,8.946238667034,0.));
#4624 = VECTOR('',#4625,1.);
#4625 = DIRECTION('',(-0.,-0.,-1.));
#4626 = ADVANCED_FACE('',(#4627),#4638,.F.);
#4627 = FACE_BOUND('',#4628,.F.);
#4628 = EDGE_LOOP('',(#4629,#4635,#4636,#4637));
#4629 = ORIENTED_EDGE('',*,*,#4630,.T.);
#4630 = EDGE_CURVE('',#1231,#2669,#4631,.T.);
#4631 = LINE('',#4632,#4633);
#4632 = CARTESIAN_POINT('',(-3.804293927814,-8.486303536334,0.));
#4633 = VECTOR('',#4634,1.);
#4634 = DIRECTION('',(0.,0.,1.));
#4635 = ORIENTED_EDGE('',*,*,#2675,.T.);
#4636 = ORIENTED_EDGE('',*,*,#4594,.F.);
#4637 = ORIENTED_EDGE('',*,*,#1237,.F.);
#4638 = SURFACE_OF_LINEAR_EXTRUSION('',#4639,#4642);
#4639 = B_SPLINE_CURVE_WITH_KNOTS('',1,(#4640,#4641),.UNSPECIFIED.,.F.,
  .F.,(2,2),(0.,1.344760358931),.PIECEWISE_BEZIER_KNOTS.);
#4640 = CARTESIAN_POINT('',(-3.804293927814,-8.486303536334,0.));
#4641 = CARTESIAN_POINT('',(-2.540632541801,-8.946238667034,0.));
#4642 = VECTOR('',#4643,1.);
#4643 = DIRECTION('',(-0.,-0.,-1.));
#4644 = ADVANCED_FACE('',(#4645),#4656,.F.);
#4645 = FACE_BOUND('',#4646,.F.);
#4646 = EDGE_LOOP('',(#4647,#4648,#4649,#4655));
#4647 = ORIENTED_EDGE('',*,*,#4614,.T.);
#4648 = ORIENTED_EDGE('',*,*,#2101,.T.);
#4649 = ORIENTED_EDGE('',*,*,#4650,.F.);
#4650 = EDGE_CURVE('',#664,#2102,#4651,.T.);
#4651 = LINE('',#4652,#4653);
#4652 = CARTESIAN_POINT('',(-3.804293927814,8.486303536334,0.));
#4653 = VECTOR('',#4654,1.);
#4654 = DIRECTION('',(0.,0.,1.));
#4655 = ORIENTED_EDGE('',*,*,#663,.F.);
#4656 = SURFACE_OF_LINEAR_EXTRUSION('',#4657,#4660);
#4657 = B_SPLINE_CURVE_WITH_KNOTS('',1,(#4658,#4659),.UNSPECIFIED.,.F.,
  .F.,(2,2),(0.,1.344760358931),.PIECEWISE_BEZIER_KNOTS.);
#4658 = CARTESIAN_POINT('',(-2.540632541801,8.946238667034,0.));
#4659 = CARTESIAN_POINT('',(-3.804293927814,8.486303536334,0.));
#4660 = VECTOR('',#4661,1.);
#4661 = DIRECTION('',(-0.,-0.,-1.));
#4662 = ADVANCED_FACE('',(#4663),#4674,.F.);
#4663 = FACE_BOUND('',#4664,.F.);
#4664 = EDGE_LOOP('',(#4665,#4671,#4672,#4673));
#4665 = ORIENTED_EDGE('',*,*,#4666,.T.);
#4666 = EDGE_CURVE('',#1204,#2642,#4667,.T.);
#4667 = LINE('',#4668,#4669);
#4668 = CARTESIAN_POINT('',(-4.151458371795,-9.260729199688,0.));
#4669 = VECTOR('',#4670,1.);
#4670 = DIRECTION('',(0.,0.,1.));
#4671 = ORIENTED_EDGE('',*,*,#2668,.T.);
#4672 = ORIENTED_EDGE('',*,*,#4630,.F.);
#4673 = ORIENTED_EDGE('',*,*,#1230,.F.);
#4674 = SURFACE_OF_LINEAR_EXTRUSION('',#4675,#4678);
#4675 = B_SPLINE_CURVE_WITH_KNOTS('',1,(#4676,#4677),.UNSPECIFIED.,.F.,
  .F.,(2,2),(0.,0.848680304488),.PIECEWISE_BEZIER_KNOTS.);
#4676 = CARTESIAN_POINT('',(-4.151458371795,-9.260729199688,0.));
#4677 = CARTESIAN_POINT('',(-3.804293927814,-8.486303536334,0.));
#4678 = VECTOR('',#4679,1.);
#4679 = DIRECTION('',(-0.,-0.,-1.));
#4680 = ADVANCED_FACE('',(#4681),#4692,.F.);
#4681 = FACE_BOUND('',#4682,.F.);
#4682 = EDGE_LOOP('',(#4683,#4684,#4685,#4691));
#4683 = ORIENTED_EDGE('',*,*,#4650,.T.);
#4684 = ORIENTED_EDGE('',*,*,#2108,.T.);
#4685 = ORIENTED_EDGE('',*,*,#4686,.F.);
#4686 = EDGE_CURVE('',#671,#2109,#4687,.T.);
#4687 = LINE('',#4688,#4689);
#4688 = CARTESIAN_POINT('',(-4.151458371795,9.260729199688,0.));
#4689 = VECTOR('',#4690,1.);
#4690 = DIRECTION('',(0.,0.,1.));
#4691 = ORIENTED_EDGE('',*,*,#670,.F.);
#4692 = SURFACE_OF_LINEAR_EXTRUSION('',#4693,#4696);
#4693 = B_SPLINE_CURVE_WITH_KNOTS('',1,(#4694,#4695),.UNSPECIFIED.,.F.,
  .F.,(2,2),(0.,0.848680304488),.PIECEWISE_BEZIER_KNOTS.);
#4694 = CARTESIAN_POINT('',(-3.804293927814,8.486303536334,0.));
#4695 = CARTESIAN_POINT('',(-4.151458371795,9.260729199688,0.));
#4696 = VECTOR('',#4697,1.);
#4697 = DIRECTION('',(-0.,-0.,-1.));
#4698 = ADVANCED_FACE('',(#4699),#4710,.F.);
#4699 = FACE_BOUND('',#4700,.F.);
#4700 = EDGE_LOOP('',(#4701,#4707,#4708,#4709));
#4701 = ORIENTED_EDGE('',*,*,#4702,.T.);
#4702 = EDGE_CURVE('',#1197,#2635,#4703,.T.);
#4703 = LINE('',#4704,#4705);
#4704 = CARTESIAN_POINT('',(-5.64238102714,-10.59072879194,0.));
#4705 = VECTOR('',#4706,1.);
#4706 = DIRECTION('',(0.,0.,1.));
#4707 = ORIENTED_EDGE('',*,*,#2641,.T.);
#4708 = ORIENTED_EDGE('',*,*,#4666,.F.);
#4709 = ORIENTED_EDGE('',*,*,#1203,.F.);
#4710 = SURFACE_OF_LINEAR_EXTRUSION('',#4711,#4734);
#4711 = B_SPLINE_CURVE_WITH_KNOTS('',3,(#4712,#4713,#4714,#4715,#4716,
    #4717,#4718,#4719,#4720,#4721,#4722,#4723,#4724,#4725,#4726,#4727,
    #4728,#4729,#4730,#4731,#4732,#4733),.UNSPECIFIED.,.F.,.F.,(4,1,1,1,
    1,1,1,1,1,1,1,1,1,1,1,1,1,1,1,4),(0.,0.207044776933,0.402897944561,
    0.587559502897,0.761029451963,0.923307791781,1.074394522378,
    1.214289643791,1.342993156064,1.460505059252,1.566825353431,
    1.661954038703,1.745891115208,1.818636583153,1.880190442858,
    1.930552694856,1.969723340137,1.997702380876,2.014489823605,
    2.020085714038),.UNSPECIFIED.);
#4712 = CARTESIAN_POINT('',(-5.64238102714,-10.59072879194,0.));
#4713 = CARTESIAN_POINT('',(-5.582436575442,-10.55652827595,0.));
#4714 = CARTESIAN_POINT('',(-5.466843877237,-10.48809881896,0.));
#4715 = CARTESIAN_POINT('',(-5.301689427499,-10.38276194831,0.));
#4716 = CARTESIAN_POINT('',(-5.149349255674,-10.2783347502,0.));
#4717 = CARTESIAN_POINT('',(-5.009575395417,-10.17554318213,0.));
#4718 = CARTESIAN_POINT('',(-4.882080148312,-10.07509968675,0.));
#4719 = CARTESIAN_POINT('',(-4.766544053165,-9.977698521139,0.));
#4720 = CARTESIAN_POINT('',(-4.662614997156,-9.884015134649,0.));
#4721 = CARTESIAN_POINT('',(-4.569909554877,-9.794704607807,0.));
#4722 = CARTESIAN_POINT('',(-4.4880138698,-9.710400362262,0.));
#4723 = CARTESIAN_POINT('',(-4.416484670123,-9.63171287658,0.));
#4724 = CARTESIAN_POINT('',(-4.354850456896,-9.559228393022,0.));
#4725 = CARTESIAN_POINT('',(-4.302612277123,-9.493507877746,0.));
#4726 = CARTESIAN_POINT('',(-4.259246018257,-9.435085373563,0.));
#4727 = CARTESIAN_POINT('',(-4.224200314097,-9.384468376943,0.));
#4728 = CARTESIAN_POINT('',(-4.196907506198,-9.342132474995,0.));
#4729 = CARTESIAN_POINT('',(-4.176758537718,-9.308532109462,0.));
#4730 = CARTESIAN_POINT('',(-4.163172316806,-9.28406935969,0.));
#4731 = CARTESIAN_POINT('',(-4.155446972203,-9.269159870239,0.));
#4732 = CARTESIAN_POINT('',(-4.152244029358,-9.262421200838,0.));
#4733 = CARTESIAN_POINT('',(-4.151458371795,-9.260729199688,0.));
#4734 = VECTOR('',#4735,1.);
#4735 = DIRECTION('',(-0.,-0.,-1.));
#4736 = ADVANCED_FACE('',(#4737),#4748,.F.);
#4737 = FACE_BOUND('',#4738,.F.);
#4738 = EDGE_LOOP('',(#4739,#4740,#4741,#4747));
#4739 = ORIENTED_EDGE('',*,*,#4686,.T.);
#4740 = ORIENTED_EDGE('',*,*,#2115,.T.);
#4741 = ORIENTED_EDGE('',*,*,#4742,.F.);
#4742 = EDGE_CURVE('',#678,#2116,#4743,.T.);
#4743 = LINE('',#4744,#4745);
#4744 = CARTESIAN_POINT('',(-5.64238102714,10.590728791947,0.));
#4745 = VECTOR('',#4746,1.);
#4746 = DIRECTION('',(0.,0.,1.));
#4747 = ORIENTED_EDGE('',*,*,#677,.F.);
#4748 = SURFACE_OF_LINEAR_EXTRUSION('',#4749,#4772);
#4749 = B_SPLINE_CURVE_WITH_KNOTS('',3,(#4750,#4751,#4752,#4753,#4754,
    #4755,#4756,#4757,#4758,#4759,#4760,#4761,#4762,#4763,#4764,#4765,
    #4766,#4767,#4768,#4769,#4770,#4771),.UNSPECIFIED.,.F.,.F.,(4,1,1,1,
    1,1,1,1,1,1,1,1,1,1,1,1,1,1,1,4),(0.,5.595890432166E-03,
    2.238333316142E-02,5.036237390098E-02,8.953301918139E-02,
    0.139895271179,0.201449130885,0.27419459883,0.358131675335,
    0.453260360606,0.559580654786,0.677092557974,0.805796070246,
    0.945691191659,1.096777922257,1.259056262075,1.43252621114,
    1.617187769477,1.813040937104,2.020085714038),.UNSPECIFIED.);
#4750 = CARTESIAN_POINT('',(-4.151458371795,9.260729199688,0.));
#4751 = CARTESIAN_POINT('',(-4.152244029358,9.262421200838,0.));
#4752 = CARTESIAN_POINT('',(-4.155446972203,9.269159870239,0.));
#4753 = CARTESIAN_POINT('',(-4.163172316806,9.28406935969,0.));
#4754 = CARTESIAN_POINT('',(-4.176758537718,9.308532109462,0.));
#4755 = CARTESIAN_POINT('',(-4.196907506198,9.342132474995,0.));
#4756 = CARTESIAN_POINT('',(-4.224200314097,9.384468376943,0.));
#4757 = CARTESIAN_POINT('',(-4.259246018257,9.435085373563,0.));
#4758 = CARTESIAN_POINT('',(-4.302612277123,9.493507877746,0.));
#4759 = CARTESIAN_POINT('',(-4.354850456896,9.559228393022,0.));
#4760 = CARTESIAN_POINT('',(-4.416484670123,9.63171287658,0.));
#4761 = CARTESIAN_POINT('',(-4.4880138698,9.710400362262,0.));
#4762 = CARTESIAN_POINT('',(-4.569909554877,9.794704607807,0.));
#4763 = CARTESIAN_POINT('',(-4.662614997156,9.884015134649,0.));
#4764 = CARTESIAN_POINT('',(-4.766544053165,9.977698521139,0.));
#4765 = CARTESIAN_POINT('',(-4.882080148312,10.075099686756,0.));
#4766 = CARTESIAN_POINT('',(-5.009575395417,10.175543182135,0.));
#4767 = CARTESIAN_POINT('',(-5.149349255674,10.278334750203,0.));
#4768 = CARTESIAN_POINT('',(-5.301689427499,10.382761948314,0.));
#4769 = CARTESIAN_POINT('',(-5.466843877237,10.488098818966,0.));
#4770 = CARTESIAN_POINT('',(-5.582436575442,10.55652827595,0.));
#4771 = CARTESIAN_POINT('',(-5.64238102714,10.590728791947,0.));
#4772 = VECTOR('',#4773,1.);
#4773 = DIRECTION('',(-0.,-0.,-1.));
#4774 = ADVANCED_FACE('',(#4775),#4786,.F.);
#4775 = FACE_BOUND('',#4776,.F.);
#4776 = EDGE_LOOP('',(#4777,#4783,#4784,#4785));
#4777 = ORIENTED_EDGE('',*,*,#4778,.T.);
#4778 = EDGE_CURVE('',#1170,#2608,#4779,.T.);
#4779 = LINE('',#4780,#4781);
#4780 = CARTESIAN_POINT('',(-6.350649664847,-10.1818097033,0.));
#4781 = VECTOR('',#4782,1.);
#4782 = DIRECTION('',(0.,0.,1.));
#4783 = ORIENTED_EDGE('',*,*,#2634,.T.);
#4784 = ORIENTED_EDGE('',*,*,#4702,.F.);
#4785 = ORIENTED_EDGE('',*,*,#1196,.F.);
#4786 = SURFACE_OF_LINEAR_EXTRUSION('',#4787,#4790);
#4787 = B_SPLINE_CURVE_WITH_KNOTS('',1,(#4788,#4789),.UNSPECIFIED.,.F.,
  .F.,(2,2),(0.,0.817838177277),.PIECEWISE_BEZIER_KNOTS.);
#4788 = CARTESIAN_POINT('',(-6.350649664847,-10.1818097033,0.));
#4789 = CARTESIAN_POINT('',(-5.64238102714,-10.59072879194,0.));
#4790 = VECTOR('',#4791,1.);
#4791 = DIRECTION('',(-0.,-0.,-1.));
#4792 = ADVANCED_FACE('',(#4793),#4804,.F.);
#4793 = FACE_BOUND('',#4794,.F.);
#4794 = EDGE_LOOP('',(#4795,#4796,#4797,#4803));
#4795 = ORIENTED_EDGE('',*,*,#4742,.T.);
#4796 = ORIENTED_EDGE('',*,*,#2142,.T.);
#4797 = ORIENTED_EDGE('',*,*,#4798,.F.);
#4798 = EDGE_CURVE('',#705,#2143,#4799,.T.);
#4799 = LINE('',#4800,#4801);
#4800 = CARTESIAN_POINT('',(-6.350649664847,10.181809703308,0.));
#4801 = VECTOR('',#4802,1.);
#4802 = DIRECTION('',(0.,0.,1.));
#4803 = ORIENTED_EDGE('',*,*,#704,.F.);
#4804 = SURFACE_OF_LINEAR_EXTRUSION('',#4805,#4808);
#4805 = B_SPLINE_CURVE_WITH_KNOTS('',1,(#4806,#4807),.UNSPECIFIED.,.F.,
  .F.,(2,2),(0.,0.817838177277),.PIECEWISE_BEZIER_KNOTS.);
#4806 = CARTESIAN_POINT('',(-5.64238102714,10.590728791947,0.));
#4807 = CARTESIAN_POINT('',(-6.350649664847,10.181809703308,0.));
#4808 = VECTOR('',#4809,1.);
#4809 = DIRECTION('',(-0.,-0.,-1.));
#4810 = ADVANCED_FACE('',(#4811),#4822,.F.);
#4811 = FACE_BOUND('',#4812,.F.);
#4812 = EDGE_LOOP('',(#4813,#4819,#4820,#4821));
#4813 = ORIENTED_EDGE('',*,*,#4814,.T.);
#4814 = EDGE_CURVE('',#1163,#2601,#4815,.T.);
#4815 = LINE('',#4816,#4817);
#4816 = CARTESIAN_POINT('',(-5.944297558601,-8.225633012572,0.));
#4817 = VECTOR('',#4818,1.);
#4818 = DIRECTION('',(0.,0.,1.));
#4819 = ORIENTED_EDGE('',*,*,#2607,.T.);
#4820 = ORIENTED_EDGE('',*,*,#4778,.F.);
#4821 = ORIENTED_EDGE('',*,*,#1169,.F.);
#4822 = SURFACE_OF_LINEAR_EXTRUSION('',#4823,#4846);
#4823 = B_SPLINE_CURVE_WITH_KNOTS('',3,(#4824,#4825,#4826,#4827,#4828,
    #4829,#4830,#4831,#4832,#4833,#4834,#4835,#4836,#4837,#4838,#4839,
    #4840,#4841,#4842,#4843,#4844,#4845),.UNSPECIFIED.,.F.,.F.,(4,1,1,1,
    1,1,1,1,1,1,1,1,1,1,1,1,1,1,1,4),(0.,5.595890432166E-03,
    2.238333316142E-02,5.036237390098E-02,8.953301918139E-02,
    0.139895271179,0.201449130885,0.27419459883,0.358131675335,
    0.453260360606,0.559580654786,0.677092557974,0.805796070246,
    0.945691191659,1.096777922257,1.259056262075,1.43252621114,
    1.617187769477,1.813040937104,2.020085714038),.UNSPECIFIED.);
#4824 = CARTESIAN_POINT('',(-5.944297558601,-8.225633012572,0.));
#4825 = CARTESIAN_POINT('',(-5.945370045799,-8.227159412555,0.));
#4826 = CARTESIAN_POINT('',(-5.949604433265,-8.233302577127,0.));
#4827 = CARTESIAN_POINT('',(-5.958653757585,-8.247447666531,0.));
#4828 = CARTESIAN_POINT('',(-5.973046009878,-8.271445053868,0.));
#4829 = CARTESIAN_POINT('',(-5.992070295766,-8.305694755198,0.));
#4830 = CARTESIAN_POINT('',(-6.015087858396,-8.350498971153,0.));
#4831 = CARTESIAN_POINT('',(-6.041400611252,-8.406157939559,0.));
#4832 = CARTESIAN_POINT('',(-6.070312854594,-8.472925473496,0.));
#4833 = CARTESIAN_POINT('',(-6.101109400487,-8.551025321865,0.));
#4834 = CARTESIAN_POINT('',(-6.133065698015,-8.640644358041,0.));
#4835 = CARTESIAN_POINT('',(-6.165446459737,-8.741934204915,0.));
#4836 = CARTESIAN_POINT('',(-6.197508235487,-8.855010071424,0.));
#4837 = CARTESIAN_POINT('',(-6.228500699418,-8.979950602928,0.));
#4838 = CARTESIAN_POINT('',(-6.257668364026,-9.116797498868,0.));
#4839 = CARTESIAN_POINT('',(-6.284252200235,-9.265555275128,0.));
#4840 = CARTESIAN_POINT('',(-6.307491195326,-9.426191145672,0.));
#4841 = CARTESIAN_POINT('',(-6.326624374439,-9.598634643473,0.));
#4842 = CARTESIAN_POINT('',(-6.340890894937,-9.782778701346,0.));
#4843 = CARTESIAN_POINT('',(-6.349538076008,-9.978475085694,0.));
#4844 = CARTESIAN_POINT('',(-6.35100337502,-10.11279602732,0.));
#4845 = CARTESIAN_POINT('',(-6.350649664847,-10.1818097033,0.));
#4846 = VECTOR('',#4847,1.);
#4847 = DIRECTION('',(-0.,-0.,-1.));
#4848 = ADVANCED_FACE('',(#4849),#4860,.F.);
#4849 = FACE_BOUND('',#4850,.F.);
#4850 = EDGE_LOOP('',(#4851,#4852,#4853,#4859));
#4851 = ORIENTED_EDGE('',*,*,#4798,.T.);
#4852 = ORIENTED_EDGE('',*,*,#2149,.T.);
#4853 = ORIENTED_EDGE('',*,*,#4854,.F.);
#4854 = EDGE_CURVE('',#712,#2150,#4855,.T.);
#4855 = LINE('',#4856,#4857);
#4856 = CARTESIAN_POINT('',(-5.944297558601,8.225633012572,0.));
#4857 = VECTOR('',#4858,1.);
#4858 = DIRECTION('',(0.,0.,1.));
#4859 = ORIENTED_EDGE('',*,*,#711,.F.);
#4860 = SURFACE_OF_LINEAR_EXTRUSION('',#4861,#4884);
#4861 = B_SPLINE_CURVE_WITH_KNOTS('',3,(#4862,#4863,#4864,#4865,#4866,
    #4867,#4868,#4869,#4870,#4871,#4872,#4873,#4874,#4875,#4876,#4877,
    #4878,#4879,#4880,#4881,#4882,#4883),.UNSPECIFIED.,.F.,.F.,(4,1,1,1,
    1,1,1,1,1,1,1,1,1,1,1,1,1,1,1,4),(0.,0.207044776933,0.402897944561,
    0.587559502897,0.761029451963,0.923307791781,1.074394522378,
    1.214289643791,1.342993156064,1.460505059252,1.566825353431,
    1.661954038703,1.745891115208,1.818636583153,1.880190442858,
    1.930552694856,1.969723340137,1.997702380876,2.014489823605,
    2.020085714038),.UNSPECIFIED.);
#4862 = CARTESIAN_POINT('',(-6.350649664847,10.181809703308,0.));
#4863 = CARTESIAN_POINT('',(-6.35100337502,10.112796027323,0.));
#4864 = CARTESIAN_POINT('',(-6.349538076008,9.978475085694,0.));
#4865 = CARTESIAN_POINT('',(-6.340890894937,9.782778701346,0.));
#4866 = CARTESIAN_POINT('',(-6.326624374439,9.598634643473,0.));
#4867 = CARTESIAN_POINT('',(-6.307491195326,9.426191145672,0.));
#4868 = CARTESIAN_POINT('',(-6.284252200235,9.265555275128,0.));
#4869 = CARTESIAN_POINT('',(-6.257668364026,9.116797498868,0.));
#4870 = CARTESIAN_POINT('',(-6.228500699418,8.979950602928,0.));
#4871 = CARTESIAN_POINT('',(-6.197508235487,8.855010071424,0.));
#4872 = CARTESIAN_POINT('',(-6.165446459737,8.741934204915,0.));
#4873 = CARTESIAN_POINT('',(-6.133065698015,8.640644358041,0.));
#4874 = CARTESIAN_POINT('',(-6.101109400487,8.551025321865,0.));
#4875 = CARTESIAN_POINT('',(-6.070312854594,8.472925473496,0.));
#4876 = CARTESIAN_POINT('',(-6.041400611252,8.406157939559,0.));
#4877 = CARTESIAN_POINT('',(-6.015087858396,8.350498971153,0.));
#4878 = CARTESIAN_POINT('',(-5.992070295766,8.305694755198,0.));
#4879 = CARTESIAN_POINT('',(-5.973046009878,8.271445053868,0.));
#4880 = CARTESIAN_POINT('',(-5.958653757585,8.247447666531,0.));
#4881 = CARTESIAN_POINT('',(-5.949604433265,8.233302577127,0.));
#4882 = CARTESIAN_POINT('',(-5.945370045799,8.227159412555,0.));
#4883 = CARTESIAN_POINT('',(-5.944297558601,8.225633012572,0.));
#4884 = VECTOR('',#4885,1.);
#4885 = DIRECTION('',(-0.,-0.,-1.));
#4886 = ADVANCED_FACE('',(#4887),#4898,.F.);
#4887 = FACE_BOUND('',#4888,.F.);
#4888 = EDGE_LOOP('',(#4889,#4895,#4896,#4897));
#4889 = ORIENTED_EDGE('',*,*,#4890,.T.);
#4890 = EDGE_CURVE('',#1156,#2594,#4891,.T.);
#4891 = LINE('',#4892,#4893);
#4892 = CARTESIAN_POINT('',(-5.447207482784,-7.537766953117,0.));
#4893 = VECTOR('',#4894,1.);
#4894 = DIRECTION('',(0.,0.,1.));
#4895 = ORIENTED_EDGE('',*,*,#2600,.T.);
#4896 = ORIENTED_EDGE('',*,*,#4814,.F.);
#4897 = ORIENTED_EDGE('',*,*,#1162,.F.);
#4898 = SURFACE_OF_LINEAR_EXTRUSION('',#4899,#4902);
#4899 = B_SPLINE_CURVE_WITH_KNOTS('',1,(#4900,#4901),.UNSPECIFIED.,.F.,
  .F.,(2,2),(0.,0.848680304488),.PIECEWISE_BEZIER_KNOTS.);
#4900 = CARTESIAN_POINT('',(-5.447207482784,-7.537766953117,0.));
#4901 = CARTESIAN_POINT('',(-5.944297558601,-8.225633012572,0.));
#4902 = VECTOR('',#4903,1.);
#4903 = DIRECTION('',(-0.,-0.,-1.));
#4904 = ADVANCED_FACE('',(#4905),#4916,.F.);
#4905 = FACE_BOUND('',#4906,.F.);
#4906 = EDGE_LOOP('',(#4907,#4908,#4909,#4915));
#4907 = ORIENTED_EDGE('',*,*,#4854,.T.);
#4908 = ORIENTED_EDGE('',*,*,#2176,.T.);
#4909 = ORIENTED_EDGE('',*,*,#4910,.F.);
#4910 = EDGE_CURVE('',#739,#2177,#4911,.T.);
#4911 = LINE('',#4912,#4913);
#4912 = CARTESIAN_POINT('',(-5.447207482784,7.537766953117,0.));
#4913 = VECTOR('',#4914,1.);
#4914 = DIRECTION('',(0.,0.,1.));
#4915 = ORIENTED_EDGE('',*,*,#738,.F.);
#4916 = SURFACE_OF_LINEAR_EXTRUSION('',#4917,#4920);
#4917 = B_SPLINE_CURVE_WITH_KNOTS('',1,(#4918,#4919),.UNSPECIFIED.,.F.,
  .F.,(2,2),(0.,0.848680304488),.PIECEWISE_BEZIER_KNOTS.);
#4918 = CARTESIAN_POINT('',(-5.944297558601,8.225633012572,0.));
#4919 = CARTESIAN_POINT('',(-5.447207482784,7.537766953117,0.));
#4920 = VECTOR('',#4921,1.);
#4921 = DIRECTION('',(-0.,-0.,-1.));
#4922 = ADVANCED_FACE('',(#4923),#4934,.F.);
#4923 = FACE_BOUND('',#4924,.F.);
#4924 = EDGE_LOOP('',(#4925,#4931,#4932,#4933));
#4925 = ORIENTED_EDGE('',*,*,#4926,.T.);
#4926 = EDGE_CURVE('',#1149,#2587,#4927,.T.);
#4927 = LINE('',#4928,#4929);
#4928 = CARTESIAN_POINT('',(-6.47735368307,-6.673371656399,0.));
#4929 = VECTOR('',#4930,1.);
#4930 = DIRECTION('',(0.,0.,1.));
#4931 = ORIENTED_EDGE('',*,*,#2593,.T.);
#4932 = ORIENTED_EDGE('',*,*,#4890,.F.);
#4933 = ORIENTED_EDGE('',*,*,#1155,.F.);
#4934 = SURFACE_OF_LINEAR_EXTRUSION('',#4935,#4938);
#4935 = B_SPLINE_CURVE_WITH_KNOTS('',1,(#4936,#4937),.UNSPECIFIED.,.F.,
  .F.,(2,2),(0.,1.344760358931),.PIECEWISE_BEZIER_KNOTS.);
#4936 = CARTESIAN_POINT('',(-6.47735368307,-6.673371656399,0.));
#4937 = CARTESIAN_POINT('',(-5.447207482784,-7.537766953117,0.));
#4938 = VECTOR('',#4939,1.);
#4939 = DIRECTION('',(-0.,-0.,-1.));
#4940 = ADVANCED_FACE('',(#4941),#4952,.F.);
#4941 = FACE_BOUND('',#4942,.F.);
#4942 = EDGE_LOOP('',(#4943,#4944,#4945,#4951));
#4943 = ORIENTED_EDGE('',*,*,#4910,.T.);
#4944 = ORIENTED_EDGE('',*,*,#2183,.T.);
#4945 = ORIENTED_EDGE('',*,*,#4946,.F.);
#4946 = EDGE_CURVE('',#746,#2184,#4947,.T.);
#4947 = LINE('',#4948,#4949);
#4948 = CARTESIAN_POINT('',(-6.47735368307,6.673371656399,0.));
#4949 = VECTOR('',#4950,1.);
#4950 = DIRECTION('',(0.,0.,1.));
#4951 = ORIENTED_EDGE('',*,*,#745,.F.);
#4952 = SURFACE_OF_LINEAR_EXTRUSION('',#4953,#4956);
#4953 = B_SPLINE_CURVE_WITH_KNOTS('',1,(#4954,#4955),.UNSPECIFIED.,.F.,
  .F.,(2,2),(0.,1.344760358931),.PIECEWISE_BEZIER_KNOTS.);
#4954 = CARTESIAN_POINT('',(-5.447207482784,7.537766953117,0.));
#4955 = CARTESIAN_POINT('',(-6.47735368307,6.673371656399,0.));
#4956 = VECTOR('',#4957,1.);
#4957 = DIRECTION('',(-0.,-0.,-1.));
#4958 = ADVANCED_FACE('',(#4959),#4970,.F.);
#4959 = FACE_BOUND('',#4960,.F.);
#4960 = EDGE_LOOP('',(#4961,#4967,#4968,#4969));
#4961 = ORIENTED_EDGE('',*,*,#4962,.T.);
#4962 = EDGE_CURVE('',#1122,#2560,#4963,.T.);
#4963 = LINE('',#4964,#4965);
#4964 = CARTESIAN_POINT('',(-7.068450725653,-7.282356504712,0.));
#4965 = VECTOR('',#4966,1.);
#4966 = DIRECTION('',(0.,0.,1.));
#4967 = ORIENTED_EDGE('',*,*,#2586,.T.);
#4968 = ORIENTED_EDGE('',*,*,#4926,.F.);
#4969 = ORIENTED_EDGE('',*,*,#1148,.F.);
#4970 = SURFACE_OF_LINEAR_EXTRUSION('',#4971,#4974);
#4971 = B_SPLINE_CURVE_WITH_KNOTS('',1,(#4972,#4973),.UNSPECIFIED.,.F.,
  .F.,(2,2),(0.,0.848680304488),.PIECEWISE_BEZIER_KNOTS.);
#4972 = CARTESIAN_POINT('',(-7.068450725653,-7.282356504712,0.));
#4973 = CARTESIAN_POINT('',(-6.47735368307,-6.673371656399,0.));
#4974 = VECTOR('',#4975,1.);
#4975 = DIRECTION('',(-0.,-0.,-1.));
#4976 = ADVANCED_FACE('',(#4977),#4988,.F.);
#4977 = FACE_BOUND('',#4978,.F.);
#4978 = EDGE_LOOP('',(#4979,#4980,#4981,#4987));
#4979 = ORIENTED_EDGE('',*,*,#4946,.T.);
#4980 = ORIENTED_EDGE('',*,*,#2190,.T.);
#4981 = ORIENTED_EDGE('',*,*,#4982,.F.);
#4982 = EDGE_CURVE('',#753,#2191,#4983,.T.);
#4983 = LINE('',#4984,#4985);
#4984 = CARTESIAN_POINT('',(-7.068450725653,7.282356504712,0.));
#4985 = VECTOR('',#4986,1.);
#4986 = DIRECTION('',(0.,0.,1.));
#4987 = ORIENTED_EDGE('',*,*,#752,.F.);
#4988 = SURFACE_OF_LINEAR_EXTRUSION('',#4989,#4992);
#4989 = B_SPLINE_CURVE_WITH_KNOTS('',1,(#4990,#4991),.UNSPECIFIED.,.F.,
  .F.,(2,2),(0.,0.848680304488),.PIECEWISE_BEZIER_KNOTS.);
#4990 = CARTESIAN_POINT('',(-6.47735368307,6.673371656399,0.));
#4991 = CARTESIAN_POINT('',(-7.068450725653,7.282356504712,0.));
#4992 = VECTOR('',#4993,1.);
#4993 = DIRECTION('',(-0.,-0.,-1.));
#4994 = ADVANCED_FACE('',(#4995),#5006,.F.);
#4995 = FACE_BOUND('',#4996,.F.);
#4996 = EDGE_LOOP('',(#4997,#5003,#5004,#5005));
#4997 = ORIENTED_EDGE('',*,*,#4998,.T.);
#4998 = EDGE_CURVE('',#1115,#2553,#4999,.T.);
#4999 = LINE('',#5000,#5001);
#5000 = CARTESIAN_POINT('',(-8.924346394211,-8.022221726937,0.));
#5001 = VECTOR('',#5002,1.);
#5002 = DIRECTION('',(0.,0.,1.));
#5003 = ORIENTED_EDGE('',*,*,#2559,.T.);
#5004 = ORIENTED_EDGE('',*,*,#4962,.F.);
#5005 = ORIENTED_EDGE('',*,*,#1121,.F.);
#5006 = SURFACE_OF_LINEAR_EXTRUSION('',#5007,#5030);
#5007 = B_SPLINE_CURVE_WITH_KNOTS('',3,(#5008,#5009,#5010,#5011,#5012,
    #5013,#5014,#5015,#5016,#5017,#5018,#5019,#5020,#5021,#5022,#5023,
    #5024,#5025,#5026,#5027,#5028,#5029),.UNSPECIFIED.,.F.,.F.,(4,1,1,1,
    1,1,1,1,1,1,1,1,1,1,1,1,1,1,1,4),(0.,0.207044776933,0.402897944561,
    0.587559502897,0.761029451963,0.923307791781,1.074394522378,
    1.214289643791,1.342993156064,1.460505059252,1.566825353431,
    1.661954038703,1.745891115208,1.818636583153,1.880190442858,
    1.930552694856,1.969723340137,1.997702380876,2.014489823605,
    2.020085714038),.UNSPECIFIED.);
#5008 = CARTESIAN_POINT('',(-8.924346394211,-8.022221726937,0.));
#5009 = CARTESIAN_POINT('',(-8.85631976991,-8.010585964388,0.));
#5010 = CARTESIAN_POINT('',(-8.724293911705,-7.985818339824,0.));
#5011 = CARTESIAN_POINT('',(-8.533072162398,-7.943320208346,0.));
#5012 = CARTESIAN_POINT('',(-8.354203021819,-7.897294148274,0.));
#5013 = CARTESIAN_POINT('',(-8.187701769914,-7.848507145999,0.));
#5014 = CARTESIAN_POINT('',(-8.033541728339,-7.797727077274,0.));
#5015 = CARTESIAN_POINT('',(-7.89166015167,-7.745715592509,0.));
#5016 = CARTESIAN_POINT('',(-7.761957179379,-7.693227836166,0.));
#5017 = CARTESIAN_POINT('',(-7.644296560171,-7.64101052179,0.));
#5018 = CARTESIAN_POINT('',(-7.538506039086,-7.589800418298,0.));
#5019 = CARTESIAN_POINT('',(-7.444377872848,-7.54032279578,0.));
#5020 = CARTESIAN_POINT('',(-7.361669504035,-7.4932898039,0.));
#5021 = CARTESIAN_POINT('',(-7.290103931925,-7.449399230394,0.));
#5022 = CARTESIAN_POINT('',(-7.229371305223,-7.409332168399,0.));
#5023 = CARTESIAN_POINT('',(-7.179127083195,-7.373754086948,0.));
#5024 = CARTESIAN_POINT('',(-7.13900050176,-7.343306042363,0.));
#5025 = CARTESIAN_POINT('',(-7.108574662928,-7.318623379903,0.));
#5026 = CARTESIAN_POINT('',(-7.08744103821,-7.300282675682,0.));
#5027 = CARTESIAN_POINT('',(-7.075082243174,-7.288914561933,0.));
#5028 = CARTESIAN_POINT('',(-7.069767700743,-7.283677754995,0.));
#5029 = CARTESIAN_POINT('',(-7.068450725653,-7.282356504712,0.));
#5030 = VECTOR('',#5031,1.);
#5031 = DIRECTION('',(-0.,-0.,-1.));
#5032 = ADVANCED_FACE('',(#5033),#5044,.F.);
#5033 = FACE_BOUND('',#5034,.F.);
#5034 = EDGE_LOOP('',(#5035,#5036,#5037,#5043));
#5035 = ORIENTED_EDGE('',*,*,#4982,.T.);
#5036 = ORIENTED_EDGE('',*,*,#2197,.T.);
#5037 = ORIENTED_EDGE('',*,*,#5038,.F.);
#5038 = EDGE_CURVE('',#760,#2198,#5039,.T.);
#5039 = LINE('',#5040,#5041);
#5040 = CARTESIAN_POINT('',(-8.924346394211,8.022221726937,0.));
#5041 = VECTOR('',#5042,1.);
#5042 = DIRECTION('',(0.,0.,1.));
#5043 = ORIENTED_EDGE('',*,*,#759,.F.);
#5044 = SURFACE_OF_LINEAR_EXTRUSION('',#5045,#5068);
#5045 = B_SPLINE_CURVE_WITH_KNOTS('',3,(#5046,#5047,#5048,#5049,#5050,
    #5051,#5052,#5053,#5054,#5055,#5056,#5057,#5058,#5059,#5060,#5061,
    #5062,#5063,#5064,#5065,#5066,#5067),.UNSPECIFIED.,.F.,.F.,(4,1,1,1,
    1,1,1,1,1,1,1,1,1,1,1,1,1,1,1,4),(0.,5.595890432166E-03,
    2.238333316142E-02,5.036237390098E-02,8.953301918139E-02,
    0.139895271179,0.201449130885,0.27419459883,0.358131675335,
    0.453260360606,0.559580654786,0.677092557974,0.805796070246,
    0.945691191659,1.096777922257,1.259056262075,1.43252621114,
    1.617187769477,1.813040937104,2.020085714038),.UNSPECIFIED.);
#5046 = CARTESIAN_POINT('',(-7.068450725653,7.282356504712,0.));
#5047 = CARTESIAN_POINT('',(-7.069767700743,7.283677754995,0.));
#5048 = CARTESIAN_POINT('',(-7.075082243174,7.288914561933,0.));
#5049 = CARTESIAN_POINT('',(-7.08744103821,7.300282675682,0.));
#5050 = CARTESIAN_POINT('',(-7.108574662928,7.318623379903,0.));
#5051 = CARTESIAN_POINT('',(-7.13900050176,7.343306042363,0.));
#5052 = CARTESIAN_POINT('',(-7.179127083195,7.373754086948,0.));
#5053 = CARTESIAN_POINT('',(-7.229371305223,7.409332168399,0.));
#5054 = CARTESIAN_POINT('',(-7.290103931925,7.449399230394,0.));
#5055 = CARTESIAN_POINT('',(-7.361669504035,7.4932898039,0.));
#5056 = CARTESIAN_POINT('',(-7.444377872848,7.54032279578,0.));
#5057 = CARTESIAN_POINT('',(-7.538506039086,7.589800418298,0.));
#5058 = CARTESIAN_POINT('',(-7.644296560171,7.64101052179,0.));
#5059 = CARTESIAN_POINT('',(-7.761957179379,7.693227836166,0.));
#5060 = CARTESIAN_POINT('',(-7.89166015167,7.745715592509,0.));
#5061 = CARTESIAN_POINT('',(-8.033541728339,7.797727077274,0.));
#5062 = CARTESIAN_POINT('',(-8.187701769914,7.848507145999,0.));
#5063 = CARTESIAN_POINT('',(-8.354203021819,7.897294148274,0.));
#5064 = CARTESIAN_POINT('',(-8.533072162398,7.943320208346,0.));
#5065 = CARTESIAN_POINT('',(-8.724293911705,7.985818339824,0.));
#5066 = CARTESIAN_POINT('',(-8.85631976991,8.010585964388,0.));
#5067 = CARTESIAN_POINT('',(-8.924346394211,8.022221726937,0.));
#5068 = VECTOR('',#5069,1.);
#5069 = DIRECTION('',(-0.,-0.,-1.));
#5070 = ADVANCED_FACE('',(#5071),#5082,.F.);
#5071 = FACE_BOUND('',#5072,.F.);
#5072 = EDGE_LOOP('',(#5073,#5079,#5080,#5081));
#5073 = ORIENTED_EDGE('',*,*,#5074,.T.);
#5074 = EDGE_CURVE('',#1088,#2526,#5075,.T.);
#5075 = LINE('',#5076,#5077);
#5076 = CARTESIAN_POINT('',(-9.450042641293,-7.395721335863,0.));
#5077 = VECTOR('',#5078,1.);
#5078 = DIRECTION('',(0.,0.,1.));
#5079 = ORIENTED_EDGE('',*,*,#2552,.T.);
#5080 = ORIENTED_EDGE('',*,*,#4998,.F.);
#5081 = ORIENTED_EDGE('',*,*,#1114,.F.);
#5082 = SURFACE_OF_LINEAR_EXTRUSION('',#5083,#5086);
#5083 = B_SPLINE_CURVE_WITH_KNOTS('',1,(#5084,#5085),.UNSPECIFIED.,.F.,
  .F.,(2,2),(0.,0.817838177277),.PIECEWISE_BEZIER_KNOTS.);
#5084 = CARTESIAN_POINT('',(-9.450042641293,-7.395721335863,0.));
#5085 = CARTESIAN_POINT('',(-8.924346394211,-8.022221726937,0.));
#5086 = VECTOR('',#5087,1.);
#5087 = DIRECTION('',(-0.,-0.,-1.));
#5088 = ADVANCED_FACE('',(#5089),#5100,.F.);
#5089 = FACE_BOUND('',#5090,.F.);
#5090 = EDGE_LOOP('',(#5091,#5092,#5093,#5099));
#5091 = ORIENTED_EDGE('',*,*,#5038,.T.);
#5092 = ORIENTED_EDGE('',*,*,#2224,.T.);
#5093 = ORIENTED_EDGE('',*,*,#5094,.F.);
#5094 = EDGE_CURVE('',#787,#2225,#5095,.T.);
#5095 = LINE('',#5096,#5097);
#5096 = CARTESIAN_POINT('',(-9.450042641293,7.395721335863,0.));
#5097 = VECTOR('',#5098,1.);
#5098 = DIRECTION('',(0.,0.,1.));
#5099 = ORIENTED_EDGE('',*,*,#786,.F.);
#5100 = SURFACE_OF_LINEAR_EXTRUSION('',#5101,#5104);
#5101 = B_SPLINE_CURVE_WITH_KNOTS('',1,(#5102,#5103),.UNSPECIFIED.,.F.,
  .F.,(2,2),(0.,0.817838177277),.PIECEWISE_BEZIER_KNOTS.);
#5102 = CARTESIAN_POINT('',(-8.924346394211,8.022221726937,0.));
#5103 = CARTESIAN_POINT('',(-9.450042641293,7.395721335863,0.));
#5104 = VECTOR('',#5105,1.);
#5105 = DIRECTION('',(-0.,-0.,-1.));
#5106 = ADVANCED_FACE('',(#5107),#5118,.F.);
#5107 = FACE_BOUND('',#5108,.F.);
#5108 = EDGE_LOOP('',(#5109,#5115,#5116,#5117));
#5109 = ORIENTED_EDGE('',*,*,#5110,.T.);
#5110 = EDGE_CURVE('',#1081,#2519,#5111,.T.);
#5111 = LINE('',#5112,#5113);
#5112 = CARTESIAN_POINT('',(-8.399144733477,-5.696497140244,0.));
#5113 = VECTOR('',#5114,1.);
#5114 = DIRECTION('',(0.,0.,1.));
#5115 = ORIENTED_EDGE('',*,*,#2525,.T.);
#5116 = ORIENTED_EDGE('',*,*,#5074,.F.);
#5117 = ORIENTED_EDGE('',*,*,#1087,.F.);
#5118 = SURFACE_OF_LINEAR_EXTRUSION('',#5119,#5142);
#5119 = B_SPLINE_CURVE_WITH_KNOTS('',3,(#5120,#5121,#5122,#5123,#5124,
    #5125,#5126,#5127,#5128,#5129,#5130,#5131,#5132,#5133,#5134,#5135,
    #5136,#5137,#5138,#5139,#5140,#5141),.UNSPECIFIED.,.F.,.F.,(4,1,1,1,
    1,1,1,1,1,1,1,1,1,1,1,1,1,1,1,4),(0.,5.595890432166E-03,
    2.238333316142E-02,5.036237390098E-02,8.953301918139E-02,
    0.139895271179,0.201449130885,0.27419459883,0.358131675335,
    0.453260360606,0.559580654786,0.677092557974,0.805796070246,
    0.945691191659,1.096777922257,1.259056262075,1.43252621114,
    1.617187769477,1.813040937104,2.020085714038),.UNSPECIFIED.);
#5120 = CARTESIAN_POINT('',(-8.399144733477,-5.696497140244,0.));
#5121 = CARTESIAN_POINT('',(-8.400674601324,-5.697564674819,0.));
#5122 = CARTESIAN_POINT('',(-8.406754710006,-5.701889115427,0.));
#5123 = CARTESIAN_POINT('',(-8.420096198799,-5.71208610036,0.));
#5124 = CARTESIAN_POINT('',(-8.441828081931,-5.729713827967,0.));
#5125 = CARTESIAN_POINT('',(-8.471419150754,-5.755391330584,0.));
#5126 = CARTESIAN_POINT('',(-8.508372528868,-5.789621051628,0.));
#5127 = CARTESIAN_POINT('',(-8.552134916911,-5.832923882017,0.));
#5128 = CARTESIAN_POINT('',(-8.602139380157,-5.885776271353,0.));
#5129 = CARTESIAN_POINT('',(-8.65779038841,-5.94863308351,0.));
#5130 = CARTESIAN_POINT('',(-8.718471000983,-6.021917733026,0.));
#5131 = CARTESIAN_POINT('',(-8.783542131774,-6.106024181929,0.));
#5132 = CARTESIAN_POINT('',(-8.852344569926,-6.201314966139,0.));
#5133 = CARTESIAN_POINT('',(-8.924200138074,-6.308120614674,0.));
#5134 = CARTESIAN_POINT('',(-8.998413172234,-6.426738704137,0.));
#5135 = CARTESIAN_POINT('',(-9.07427196291,-6.557433081303,0.));
#5136 = CARTESIAN_POINT('',(-9.151050178578,-6.700433219055,0.));
#5137 = CARTESIAN_POINT('',(-9.228008635636,-6.855933168778,0.));
#5138 = CARTESIAN_POINT('',(-9.304395756738,-7.024092543738,0.));
#5139 = CARTESIAN_POINT('',(-9.379453554404,-7.205029481914,0.));
#5140 = CARTESIAN_POINT('',(-9.426770952781,-7.330748717802,0.));
#5141 = CARTESIAN_POINT('',(-9.450042641293,-7.395721335863,0.));
#5142 = VECTOR('',#5143,1.);
#5143 = DIRECTION('',(-0.,-0.,-1.));
#5144 = ADVANCED_FACE('',(#5145),#5156,.F.);
#5145 = FACE_BOUND('',#5146,.F.);
#5146 = EDGE_LOOP('',(#5147,#5148,#5149,#5155));
#5147 = ORIENTED_EDGE('',*,*,#5094,.T.);
#5148 = ORIENTED_EDGE('',*,*,#2231,.T.);
#5149 = ORIENTED_EDGE('',*,*,#5150,.F.);
#5150 = EDGE_CURVE('',#794,#2232,#5151,.T.);
#5151 = LINE('',#5152,#5153);
#5152 = CARTESIAN_POINT('',(-8.399144733477,5.696497140244,0.));
#5153 = VECTOR('',#5154,1.);
#5154 = DIRECTION('',(0.,0.,1.));
#5155 = ORIENTED_EDGE('',*,*,#793,.F.);
#5156 = SURFACE_OF_LINEAR_EXTRUSION('',#5157,#5180);
#5157 = B_SPLINE_CURVE_WITH_KNOTS('',3,(#5158,#5159,#5160,#5161,#5162,
    #5163,#5164,#5165,#5166,#5167,#5168,#5169,#5170,#5171,#5172,#5173,
    #5174,#5175,#5176,#5177,#5178,#5179),.UNSPECIFIED.,.F.,.F.,(4,1,1,1,
    1,1,1,1,1,1,1,1,1,1,1,1,1,1,1,4),(0.,0.207044776933,0.402897944561,
    0.587559502897,0.761029451963,0.923307791781,1.074394522378,
    1.214289643791,1.342993156064,1.460505059252,1.566825353431,
    1.661954038703,1.745891115208,1.818636583153,1.880190442858,
    1.930552694856,1.969723340137,1.997702380876,2.014489823605,
    2.020085714038),.UNSPECIFIED.);
#5158 = CARTESIAN_POINT('',(-9.450042641293,7.395721335863,0.));
#5159 = CARTESIAN_POINT('',(-9.426770952781,7.330748717802,0.));
#5160 = CARTESIAN_POINT('',(-9.379453554404,7.205029481914,0.));
#5161 = CARTESIAN_POINT('',(-9.304395756738,7.024092543738,0.));
#5162 = CARTESIAN_POINT('',(-9.228008635636,6.855933168778,0.));
#5163 = CARTESIAN_POINT('',(-9.151050178578,6.700433219055,0.));
#5164 = CARTESIAN_POINT('',(-9.07427196291,6.557433081303,0.));
#5165 = CARTESIAN_POINT('',(-8.998413172234,6.426738704137,0.));
#5166 = CARTESIAN_POINT('',(-8.924200138074,6.308120614674,0.));
#5167 = CARTESIAN_POINT('',(-8.852344569926,6.201314966139,0.));
#5168 = CARTESIAN_POINT('',(-8.783542131774,6.106024181929,0.));
#5169 = CARTESIAN_POINT('',(-8.718471000983,6.021917733026,0.));
#5170 = CARTESIAN_POINT('',(-8.65779038841,5.94863308351,0.));
#5171 = CARTESIAN_POINT('',(-8.602139380157,5.885776271353,0.));
#5172 = CARTESIAN_POINT('',(-8.552134916911,5.832923882017,0.));
#5173 = CARTESIAN_POINT('',(-8.508372528868,5.789621051628,0.));
#5174 = CARTESIAN_POINT('',(-8.471419150754,5.755391330584,0.));
#5175 = CARTESIAN_POINT('',(-8.441828081931,5.729713827967,0.));
#5176 = CARTESIAN_POINT('',(-8.420096198799,5.71208610036,0.));
#5177 = CARTESIAN_POINT('',(-8.406754710006,5.701889115427,0.));
#5178 = CARTESIAN_POINT('',(-8.400674601324,5.697564674819,0.));
#5179 = CARTESIAN_POINT('',(-8.399144733477,5.696497140244,0.));
#5180 = VECTOR('',#5181,1.);
#5181 = DIRECTION('',(-0.,-0.,-1.));
#5182 = ADVANCED_FACE('',(#5183),#5194,.F.);
#5183 = FACE_BOUND('',#5184,.F.);
#5184 = EDGE_LOOP('',(#5185,#5191,#5192,#5193));
#5185 = ORIENTED_EDGE('',*,*,#5186,.T.);
#5186 = EDGE_CURVE('',#1074,#2512,#5187,.T.);
#5187 = LINE('',#5188,#5189);
#5188 = CARTESIAN_POINT('',(-7.696768809122,-5.220129299061,0.));
#5189 = VECTOR('',#5190,1.);
#5190 = DIRECTION('',(0.,0.,1.));
#5191 = ORIENTED_EDGE('',*,*,#2518,.T.);
#5192 = ORIENTED_EDGE('',*,*,#5110,.F.);
#5193 = ORIENTED_EDGE('',*,*,#1080,.F.);
#5194 = SURFACE_OF_LINEAR_EXTRUSION('',#5195,#5198);
#5195 = B_SPLINE_CURVE_WITH_KNOTS('',1,(#5196,#5197),.UNSPECIFIED.,.F.,
  .F.,(2,2),(0.,0.848680304488),.PIECEWISE_BEZIER_KNOTS.);
#5196 = CARTESIAN_POINT('',(-7.696768809122,-5.220129299061,0.));
#5197 = CARTESIAN_POINT('',(-8.399144733477,-5.696497140244,0.));
#5198 = VECTOR('',#5199,1.);
#5199 = DIRECTION('',(-0.,-0.,-1.));
#5200 = ADVANCED_FACE('',(#5201),#5212,.F.);
#5201 = FACE_BOUND('',#5202,.F.);
#5202 = EDGE_LOOP('',(#5203,#5204,#5205,#5211));
#5203 = ORIENTED_EDGE('',*,*,#5150,.T.);
#5204 = ORIENTED_EDGE('',*,*,#2258,.T.);
#5205 = ORIENTED_EDGE('',*,*,#5206,.F.);
#5206 = EDGE_CURVE('',#821,#2259,#5207,.T.);
#5207 = LINE('',#5208,#5209);
#5208 = CARTESIAN_POINT('',(-7.696768809122,5.220129299061,0.));
#5209 = VECTOR('',#5210,1.);
#5210 = DIRECTION('',(0.,0.,1.));
#5211 = ORIENTED_EDGE('',*,*,#820,.F.);
#5212 = SURFACE_OF_LINEAR_EXTRUSION('',#5213,#5216);
#5213 = B_SPLINE_CURVE_WITH_KNOTS('',1,(#5214,#5215),.UNSPECIFIED.,.F.,
  .F.,(2,2),(0.,0.848680304488),.PIECEWISE_BEZIER_KNOTS.);
#5214 = CARTESIAN_POINT('',(-8.399144733477,5.696497140244,0.));
#5215 = CARTESIAN_POINT('',(-7.696768809122,5.220129299061,0.));
#5216 = VECTOR('',#5217,1.);
#5217 = DIRECTION('',(-0.,-0.,-1.));
#5218 = ADVANCED_FACE('',(#5219),#5230,.F.);
#5219 = FACE_BOUND('',#5220,.F.);
#5220 = EDGE_LOOP('',(#5221,#5227,#5228,#5229));
#5221 = ORIENTED_EDGE('',*,*,#5222,.T.);
#5222 = EDGE_CURVE('',#1067,#2505,#5223,.T.);
#5223 = LINE('',#5224,#5225);
#5224 = CARTESIAN_POINT('',(-8.369148988588,-4.055532666225,0.));
#5225 = VECTOR('',#5226,1.);
#5226 = DIRECTION('',(0.,0.,1.));
#5227 = ORIENTED_EDGE('',*,*,#2511,.T.);
#5228 = ORIENTED_EDGE('',*,*,#5186,.F.);
#5229 = ORIENTED_EDGE('',*,*,#1073,.F.);
#5230 = SURFACE_OF_LINEAR_EXTRUSION('',#5231,#5234);
#5231 = B_SPLINE_CURVE_WITH_KNOTS('',1,(#5232,#5233),.UNSPECIFIED.,.F.,
  .F.,(2,2),(0.,1.344760358931),.PIECEWISE_BEZIER_KNOTS.);
#5232 = CARTESIAN_POINT('',(-8.369148988588,-4.055532666225,0.));
#5233 = CARTESIAN_POINT('',(-7.696768809122,-5.220129299061,0.));
#5234 = VECTOR('',#5235,1.);
#5235 = DIRECTION('',(-0.,-0.,-1.));
#5236 = ADVANCED_FACE('',(#5237),#5248,.F.);
#5237 = FACE_BOUND('',#5238,.F.);
#5238 = EDGE_LOOP('',(#5239,#5240,#5241,#5247));
#5239 = ORIENTED_EDGE('',*,*,#5206,.T.);
#5240 = ORIENTED_EDGE('',*,*,#2265,.T.);
#5241 = ORIENTED_EDGE('',*,*,#5242,.F.);
#5242 = EDGE_CURVE('',#828,#2266,#5243,.T.);
#5243 = LINE('',#5244,#5245);
#5244 = CARTESIAN_POINT('',(-8.369148988588,4.055532666225,0.));
#5245 = VECTOR('',#5246,1.);
#5246 = DIRECTION('',(0.,0.,1.));
#5247 = ORIENTED_EDGE('',*,*,#827,.F.);
#5248 = SURFACE_OF_LINEAR_EXTRUSION('',#5249,#5252);
#5249 = B_SPLINE_CURVE_WITH_KNOTS('',1,(#5250,#5251),.UNSPECIFIED.,.F.,
  .F.,(2,2),(0.,1.344760358931),.PIECEWISE_BEZIER_KNOTS.);
#5250 = CARTESIAN_POINT('',(-7.696768809122,5.220129299061,0.));
#5251 = CARTESIAN_POINT('',(-8.369148988588,4.055532666225,0.));
#5252 = VECTOR('',#5253,1.);
#5253 = DIRECTION('',(-0.,-0.,-1.));
#5254 = ADVANCED_FACE('',(#5255),#5266,.F.);
#5255 = FACE_BOUND('',#5256,.F.);
#5256 = EDGE_LOOP('',(#5257,#5263,#5264,#5265));
#5257 = ORIENTED_EDGE('',*,*,#5258,.T.);
#5258 = EDGE_CURVE('',#1040,#2478,#5259,.T.);
#5259 = LINE('',#5260,#5261);
#5260 = CARTESIAN_POINT('',(-9.132883602775,-4.425624139132,0.));
#5261 = VECTOR('',#5262,1.);
#5262 = DIRECTION('',(0.,0.,1.));
#5263 = ORIENTED_EDGE('',*,*,#2504,.T.);
#5264 = ORIENTED_EDGE('',*,*,#5222,.F.);
#5265 = ORIENTED_EDGE('',*,*,#1066,.F.);
#5266 = SURFACE_OF_LINEAR_EXTRUSION('',#5267,#5270);
#5267 = B_SPLINE_CURVE_WITH_KNOTS('',1,(#5268,#5269),.UNSPECIFIED.,.F.,
  .F.,(2,2),(0.,0.848680304488),.PIECEWISE_BEZIER_KNOTS.);
#5268 = CARTESIAN_POINT('',(-9.132883602775,-4.425624139132,0.));
#5269 = CARTESIAN_POINT('',(-8.369148988588,-4.055532666225,0.));
#5270 = VECTOR('',#5271,1.);
#5271 = DIRECTION('',(-0.,-0.,-1.));
#5272 = ADVANCED_FACE('',(#5273),#5284,.F.);
#5273 = FACE_BOUND('',#5274,.F.);
#5274 = EDGE_LOOP('',(#5275,#5276,#5277,#5283));
#5275 = ORIENTED_EDGE('',*,*,#5242,.T.);
#5276 = ORIENTED_EDGE('',*,*,#2272,.T.);
#5277 = ORIENTED_EDGE('',*,*,#5278,.F.);
#5278 = EDGE_CURVE('',#835,#2273,#5279,.T.);
#5279 = LINE('',#5280,#5281);
#5280 = CARTESIAN_POINT('',(-9.132883602775,4.425624139132,0.));
#5281 = VECTOR('',#5282,1.);
#5282 = DIRECTION('',(0.,0.,1.));
#5283 = ORIENTED_EDGE('',*,*,#834,.F.);
#5284 = SURFACE_OF_LINEAR_EXTRUSION('',#5285,#5288);
#5285 = B_SPLINE_CURVE_WITH_KNOTS('',1,(#5286,#5287),.UNSPECIFIED.,.F.,
  .F.,(2,2),(0.,0.848680304488),.PIECEWISE_BEZIER_KNOTS.);
#5286 = CARTESIAN_POINT('',(-8.369148988588,4.055532666225,0.));
#5287 = CARTESIAN_POINT('',(-9.132883602775,4.425624139132,0.));
#5288 = VECTOR('',#5289,1.);
#5289 = DIRECTION('',(-0.,-0.,-1.));
#5290 = ADVANCED_FACE('',(#5291),#5302,.F.);
#5291 = FACE_BOUND('',#5292,.F.);
#5292 = EDGE_LOOP('',(#5293,#5299,#5300,#5301));
#5293 = ORIENTED_EDGE('',*,*,#5294,.T.);
#5294 = EDGE_CURVE('',#1033,#2471,#5295,.T.);
#5295 = LINE('',#5296,#5297);
#5296 = CARTESIAN_POINT('',(-11.12990387681,-4.486116326275,0.));
#5297 = VECTOR('',#5298,1.);
#5298 = DIRECTION('',(0.,0.,1.));
#5299 = ORIENTED_EDGE('',*,*,#2477,.T.);
#5300 = ORIENTED_EDGE('',*,*,#5258,.F.);
#5301 = ORIENTED_EDGE('',*,*,#1039,.F.);
#5302 = SURFACE_OF_LINEAR_EXTRUSION('',#5303,#5326);
#5303 = B_SPLINE_CURVE_WITH_KNOTS('',3,(#5304,#5305,#5306,#5307,#5308,
    #5309,#5310,#5311,#5312,#5313,#5314,#5315,#5316,#5317,#5318,#5319,
    #5320,#5321,#5322,#5323,#5324,#5325),.UNSPECIFIED.,.F.,.F.,(4,1,1,1,
    1,1,1,1,1,1,1,1,1,1,1,1,1,1,1,4),(0.,0.207044776933,0.402897944561,
    0.587559502897,0.761029451963,0.923307791781,1.074394522378,
    1.214289643791,1.342993156064,1.460505059252,1.566825353431,
    1.661954038703,1.745891115208,1.818636583153,1.880190442858,
    1.930552694856,1.969723340137,1.997702380876,2.014489823605,
    2.020085714038),.UNSPECIFIED.);
#5304 = CARTESIAN_POINT('',(-11.12990387681,-4.486116326275,0.));
#5305 = CARTESIAN_POINT('',(-11.06200009476,-4.498448761864,0.));
#5306 = CARTESIAN_POINT('',(-10.92946534355,-4.520330310773,0.));
#5307 = CARTESIAN_POINT('',(-10.73524045977,-4.545796820331,0.));
#5308 = CARTESIAN_POINT('',(-10.55141660862,-4.563723320414,0.));
#5309 = CARTESIAN_POINT('',(-10.37827047335,-4.574825316427,0.));
#5310 = CARTESIAN_POINT('',(-10.21603961348,-4.579833500078,0.));
#5311 = CARTESIAN_POINT('',(-10.06492556738,-4.579485048835,0.));
#5312 = CARTESIAN_POINT('',(-9.925092771481,-4.574523720691,0.));
#5313 = CARTESIAN_POINT('',(-9.796668582508,-4.56569779754,0.));
#5314 = CARTESIAN_POINT('',(-9.679743123559,-4.553758530363,0.));
#5315 = CARTESIAN_POINT('',(-9.574369236792,-4.539458502496,0.));
#5316 = CARTESIAN_POINT('',(-9.480562562317,-4.523549875249,0.));
#5317 = CARTESIAN_POINT('',(-9.398301462062,-4.506783094434,0.));
#5318 = CARTESIAN_POINT('',(-9.327527718623,-4.489904153629,0.));
#5319 = CARTESIAN_POINT('',(-9.268145173429,-4.473656229048,0.));
#5320 = CARTESIAN_POINT('',(-9.220024676384,-4.458768525367,0.));
#5321 = CARTESIAN_POINT('',(-9.1829917724,-4.44598065935,0.));
#5322 = CARTESIAN_POINT('',(-9.156859770915,-4.435974160289,0.));
#5323 = CARTESIAN_POINT('',(-9.141358178525,-4.429518584536,0.));
#5324 = CARTESIAN_POINT('',(-9.13457304876,-4.426415276263,0.));
#5325 = CARTESIAN_POINT('',(-9.132883602775,-4.425624139132,0.));
#5326 = VECTOR('',#5327,1.);
#5327 = DIRECTION('',(-0.,-0.,-1.));
#5328 = ADVANCED_FACE('',(#5329),#5340,.F.);
#5329 = FACE_BOUND('',#5330,.F.);
#5330 = EDGE_LOOP('',(#5331,#5332,#5333,#5339));
#5331 = ORIENTED_EDGE('',*,*,#5278,.T.);
#5332 = ORIENTED_EDGE('',*,*,#2279,.T.);
#5333 = ORIENTED_EDGE('',*,*,#5334,.F.);
#5334 = EDGE_CURVE('',#842,#2280,#5335,.T.);
#5335 = LINE('',#5336,#5337);
#5336 = CARTESIAN_POINT('',(-11.12990387681,4.486116326275,0.));
#5337 = VECTOR('',#5338,1.);
#5338 = DIRECTION('',(0.,0.,1.));
#5339 = ORIENTED_EDGE('',*,*,#841,.F.);
#5340 = SURFACE_OF_LINEAR_EXTRUSION('',#5341,#5364);
#5341 = B_SPLINE_CURVE_WITH_KNOTS('',3,(#5342,#5343,#5344,#5345,#5346,
    #5347,#5348,#5349,#5350,#5351,#5352,#5353,#5354,#5355,#5356,#5357,
    #5358,#5359,#5360,#5361,#5362,#5363),.UNSPECIFIED.,.F.,.F.,(4,1,1,1,
    1,1,1,1,1,1,1,1,1,1,1,1,1,1,1,4),(0.,5.595890432166E-03,
    2.238333316142E-02,5.036237390098E-02,8.953301918139E-02,
    0.139895271179,0.201449130885,0.27419459883,0.358131675335,
    0.453260360606,0.559580654786,0.677092557974,0.805796070246,
    0.945691191659,1.096777922257,1.259056262075,1.43252621114,
    1.617187769477,1.813040937104,2.020085714038),.UNSPECIFIED.);
#5342 = CARTESIAN_POINT('',(-9.132883602775,4.425624139132,0.));
#5343 = CARTESIAN_POINT('',(-9.13457304876,4.426415276263,0.));
#5344 = CARTESIAN_POINT('',(-9.141358178525,4.429518584536,0.));
#5345 = CARTESIAN_POINT('',(-9.156859770915,4.435974160289,0.));
#5346 = CARTESIAN_POINT('',(-9.1829917724,4.44598065935,0.));
#5347 = CARTESIAN_POINT('',(-9.220024676384,4.458768525367,0.));
#5348 = CARTESIAN_POINT('',(-9.268145173429,4.473656229048,0.));
#5349 = CARTESIAN_POINT('',(-9.327527718623,4.489904153629,0.));
#5350 = CARTESIAN_POINT('',(-9.398301462062,4.506783094434,0.));
#5351 = CARTESIAN_POINT('',(-9.480562562317,4.523549875249,0.));
#5352 = CARTESIAN_POINT('',(-9.574369236792,4.539458502496,0.));
#5353 = CARTESIAN_POINT('',(-9.679743123559,4.553758530363,0.));
#5354 = CARTESIAN_POINT('',(-9.796668582508,4.56569779754,0.));
#5355 = CARTESIAN_POINT('',(-9.925092771481,4.574523720691,0.));
#5356 = CARTESIAN_POINT('',(-10.06492556738,4.579485048835,0.));
#5357 = CARTESIAN_POINT('',(-10.21603961348,4.579833500078,0.));
#5358 = CARTESIAN_POINT('',(-10.37827047335,4.574825316427,0.));
#5359 = CARTESIAN_POINT('',(-10.55141660862,4.563723320414,0.));
#5360 = CARTESIAN_POINT('',(-10.73524045977,4.545796820331,0.));
#5361 = CARTESIAN_POINT('',(-10.92946534355,4.520330310773,0.));
#5362 = CARTESIAN_POINT('',(-11.06200009476,4.498448761864,0.));
#5363 = CARTESIAN_POINT('',(-11.12990387681,4.486116326275,0.));
#5364 = VECTOR('',#5365,1.);
#5365 = DIRECTION('',(-0.,-0.,-1.));
#5366 = ADVANCED_FACE('',(#5367),#5378,.F.);
#5367 = FACE_BOUND('',#5368,.F.);
#5368 = EDGE_LOOP('',(#5369,#5375,#5376,#5377));
#5369 = ORIENTED_EDGE('',*,*,#5370,.T.);
#5370 = EDGE_CURVE('',#1006,#2444,#5371,.T.);
#5371 = LINE('',#5372,#5373);
#5372 = CARTESIAN_POINT('',(-11.40962100742,-3.71759982609,0.));
#5373 = VECTOR('',#5374,1.);
#5374 = DIRECTION('',(0.,0.,1.));
#5375 = ORIENTED_EDGE('',*,*,#2470,.T.);
#5376 = ORIENTED_EDGE('',*,*,#5294,.F.);
#5377 = ORIENTED_EDGE('',*,*,#1032,.F.);
#5378 = SURFACE_OF_LINEAR_EXTRUSION('',#5379,#5382);
#5379 = B_SPLINE_CURVE_WITH_KNOTS('',1,(#5380,#5381),.UNSPECIFIED.,.F.,
  .F.,(2,2),(0.,0.817838177277),.PIECEWISE_BEZIER_KNOTS.);
#5380 = CARTESIAN_POINT('',(-11.40962100742,-3.71759982609,0.));
#5381 = CARTESIAN_POINT('',(-11.12990387681,-4.486116326275,0.));
#5382 = VECTOR('',#5383,1.);
#5383 = DIRECTION('',(-0.,-0.,-1.));
#5384 = ADVANCED_FACE('',(#5385),#5396,.F.);
#5385 = FACE_BOUND('',#5386,.F.);
#5386 = EDGE_LOOP('',(#5387,#5388,#5389,#5395));
#5387 = ORIENTED_EDGE('',*,*,#5334,.T.);
#5388 = ORIENTED_EDGE('',*,*,#2306,.T.);
#5389 = ORIENTED_EDGE('',*,*,#5390,.F.);
#5390 = EDGE_CURVE('',#869,#2307,#5391,.T.);
#5391 = LINE('',#5392,#5393);
#5392 = CARTESIAN_POINT('',(-11.40962100742,3.71759982609,0.));
#5393 = VECTOR('',#5394,1.);
#5394 = DIRECTION('',(0.,0.,1.));
#5395 = ORIENTED_EDGE('',*,*,#868,.F.);
#5396 = SURFACE_OF_LINEAR_EXTRUSION('',#5397,#5400);
#5397 = B_SPLINE_CURVE_WITH_KNOTS('',1,(#5398,#5399),.UNSPECIFIED.,.F.,
  .F.,(2,2),(0.,0.817838177277),.PIECEWISE_BEZIER_KNOTS.);
#5398 = CARTESIAN_POINT('',(-11.12990387681,4.486116326275,0.));
#5399 = CARTESIAN_POINT('',(-11.40962100742,3.71759982609,0.));
#5400 = VECTOR('',#5401,1.);
#5401 = DIRECTION('',(-0.,-0.,-1.));
#5402 = ADVANCED_FACE('',(#5403),#5414,.F.);
#5403 = FACE_BOUND('',#5404,.F.);
#5404 = EDGE_LOOP('',(#5405,#5411,#5412,#5413));
#5405 = ORIENTED_EDGE('',*,*,#5406,.T.);
#5406 = EDGE_CURVE('',#999,#2437,#5407,.T.);
#5407 = LINE('',#5408,#5409);
#5408 = CARTESIAN_POINT('',(-9.840931095322,-2.480279641458,0.));
#5409 = VECTOR('',#5410,1.);
#5410 = DIRECTION('',(0.,0.,1.));
#5411 = ORIENTED_EDGE('',*,*,#2443,.T.);
#5412 = ORIENTED_EDGE('',*,*,#5370,.F.);
#5413 = ORIENTED_EDGE('',*,*,#1005,.F.);
#5414 = SURFACE_OF_LINEAR_EXTRUSION('',#5415,#5438);
#5415 = B_SPLINE_CURVE_WITH_KNOTS('',3,(#5416,#5417,#5418,#5419,#5420,
    #5421,#5422,#5423,#5424,#5425,#5426,#5427,#5428,#5429,#5430,#5431,
    #5432,#5433,#5434,#5435,#5436,#5437),.UNSPECIFIED.,.F.,.F.,(4,1,1,1,
    1,1,1,1,1,1,1,1,1,1,1,1,1,1,1,4),(0.,5.595890432166E-03,
    2.238333316142E-02,5.036237390098E-02,8.953301918139E-02,
    0.139895271179,0.201449130885,0.27419459883,0.358131675335,
    0.453260360606,0.559580654786,0.677092557974,0.805796070246,
    0.945691191659,1.096777922257,1.259056262075,1.43252621114,
    1.617187769477,1.813040937104,2.020085714038),.UNSPECIFIED.);
#5416 = CARTESIAN_POINT('',(-9.840931095322,-2.480279641458,0.));
#5417 = CARTESIAN_POINT('',(-9.842733819177,-2.480759550201,0.));
#5418 = CARTESIAN_POINT('',(-9.849926298236,-2.482743675486,0.));
#5419 = CARTESIAN_POINT('',(-9.865950771052,-2.487762649073,0.));
#5420 = CARTESIAN_POINT('',(-9.89240109919,-2.496894552843,0.));
#5421 = CARTESIAN_POINT('',(-9.92898983133,-2.510902770973,0.));
#5422 = CARTESIAN_POINT('',(-9.975421902154,-2.53042938757,0.));
#5423 = CARTESIAN_POINT('',(-10.03135553552,-2.556153119514,0.));
#5424 = CARTESIAN_POINT('',(-10.09642094241,-2.588715586079,0.));
#5425 = CARTESIAN_POINT('',(-10.17021408011,-2.628747902809,0.));
#5426 = CARTESIAN_POINT('',(-10.2523000303,-2.676858955367,0.));
#5427 = CARTESIAN_POINT('',(-10.34221299144,-2.733637527282,0.));
#5428 = CARTESIAN_POINT('',(-10.43945750254,-2.799649754275,0.));
#5429 = CARTESIAN_POINT('',(-10.54350933291,-2.875438182346,0.));
#5430 = CARTESIAN_POINT('',(-10.65381654943,-2.961520373125,0.));
#5431 = CARTESIAN_POINT('',(-10.76980060486,-3.058387680467,0.));
#5432 = CARTESIAN_POINT('',(-10.89085745517,-3.166504158357,0.));
#5433 = CARTESIAN_POINT('',(-11.01635886447,-3.286304971132,0.));
#5434 = CARTESIAN_POINT('',(-11.14565317202,-3.418197160789,0.));
#5435 = CARTESIAN_POINT('',(-11.27806850814,-3.562550987706,0.));
#5436 = CARTESIAN_POINT('',(-11.36553082931,-3.664504922586,0.));
#5437 = CARTESIAN_POINT('',(-11.40962100742,-3.71759982609,0.));
#5438 = VECTOR('',#5439,1.);
#5439 = DIRECTION('',(-0.,-0.,-1.));
#5440 = ADVANCED_FACE('',(#5441),#5452,.F.);
#5441 = FACE_BOUND('',#5442,.F.);
#5442 = EDGE_LOOP('',(#5443,#5444,#5445,#5451));
#5443 = ORIENTED_EDGE('',*,*,#5390,.T.);
#5444 = ORIENTED_EDGE('',*,*,#2313,.T.);
#5445 = ORIENTED_EDGE('',*,*,#5446,.F.);
#5446 = EDGE_CURVE('',#876,#2314,#5447,.T.);
#5447 = LINE('',#5448,#5449);
#5448 = CARTESIAN_POINT('',(-9.840931095322,2.480279641458,0.));
#5449 = VECTOR('',#5450,1.);
#5450 = DIRECTION('',(0.,0.,1.));
#5451 = ORIENTED_EDGE('',*,*,#875,.F.);
#5452 = SURFACE_OF_LINEAR_EXTRUSION('',#5453,#5476);
#5453 = B_SPLINE_CURVE_WITH_KNOTS('',3,(#5454,#5455,#5456,#5457,#5458,
    #5459,#5460,#5461,#5462,#5463,#5464,#5465,#5466,#5467,#5468,#5469,
    #5470,#5471,#5472,#5473,#5474,#5475),.UNSPECIFIED.,.F.,.F.,(4,1,1,1,
    1,1,1,1,1,1,1,1,1,1,1,1,1,1,1,4),(0.,0.207044776933,0.402897944561,
    0.587559502897,0.761029451963,0.923307791781,1.074394522378,
    1.214289643791,1.342993156064,1.460505059252,1.566825353431,
    1.661954038703,1.745891115208,1.818636583153,1.880190442858,
    1.930552694856,1.969723340137,1.997702380876,2.014489823605,
    2.020085714038),.UNSPECIFIED.);
#5454 = CARTESIAN_POINT('',(-11.40962100742,3.71759982609,0.));
#5455 = CARTESIAN_POINT('',(-11.36553082931,3.664504922586,0.));
#5456 = CARTESIAN_POINT('',(-11.27806850814,3.562550987706,0.));
#5457 = CARTESIAN_POINT('',(-11.14565317202,3.418197160789,0.));
#5458 = CARTESIAN_POINT('',(-11.01635886447,3.286304971132,0.));
#5459 = CARTESIAN_POINT('',(-10.89085745517,3.166504158357,0.));
#5460 = CARTESIAN_POINT('',(-10.76980060486,3.058387680467,0.));
#5461 = CARTESIAN_POINT('',(-10.65381654943,2.961520373125,0.));
#5462 = CARTESIAN_POINT('',(-10.54350933291,2.875438182346,0.));
#5463 = CARTESIAN_POINT('',(-10.43945750254,2.799649754275,0.));
#5464 = CARTESIAN_POINT('',(-10.34221299144,2.733637527282,0.));
#5465 = CARTESIAN_POINT('',(-10.2523000303,2.676858955367,0.));
#5466 = CARTESIAN_POINT('',(-10.17021408011,2.628747902809,0.));
#5467 = CARTESIAN_POINT('',(-10.09642094241,2.588715586079,0.));
#5468 = CARTESIAN_POINT('',(-10.03135553552,2.556153119514,0.));
#5469 = CARTESIAN_POINT('',(-9.975421902154,2.53042938757,0.));
#5470 = CARTESIAN_POINT('',(-9.92898983133,2.510902770973,0.));
#5471 = CARTESIAN_POINT('',(-9.89240109919,2.496894552843,0.));
#5472 = CARTESIAN_POINT('',(-9.865950771052,2.487762649073,0.));
#5473 = CARTESIAN_POINT('',(-9.849926298236,2.482743675486,0.));
#5474 = CARTESIAN_POINT('',(-9.842733819177,2.480759550201,0.));
#5475 = CARTESIAN_POINT('',(-9.840931095322,2.480279641458,0.));
#5476 = VECTOR('',#5477,1.);
#5477 = DIRECTION('',(-0.,-0.,-1.));
#5478 = ADVANCED_FACE('',(#5479),#5490,.F.);
#5479 = FACE_BOUND('',#5480,.F.);
#5480 = EDGE_LOOP('',(#5481,#5487,#5488,#5489));
#5481 = ORIENTED_EDGE('',*,*,#5482,.T.);
#5482 = EDGE_CURVE('',#992,#2430,#5483,.T.);
#5483 = LINE('',#5484,#5485);
#5484 = CARTESIAN_POINT('',(-9.017986224871,-2.272867010636,0.));
#5485 = VECTOR('',#5486,1.);
#5486 = DIRECTION('',(0.,0.,1.));
#5487 = ORIENTED_EDGE('',*,*,#2436,.T.);
#5488 = ORIENTED_EDGE('',*,*,#5406,.F.);
#5489 = ORIENTED_EDGE('',*,*,#998,.F.);
#5490 = SURFACE_OF_LINEAR_EXTRUSION('',#5491,#5494);
#5491 = B_SPLINE_CURVE_WITH_KNOTS('',1,(#5492,#5493),.UNSPECIFIED.,.F.,
  .F.,(2,2),(0.,0.848680304488),.PIECEWISE_BEZIER_KNOTS.);
#5492 = CARTESIAN_POINT('',(-9.017986224871,-2.272867010636,0.));
#5493 = CARTESIAN_POINT('',(-9.840931095322,-2.480279641458,0.));
#5494 = VECTOR('',#5495,1.);
#5495 = DIRECTION('',(-0.,-0.,-1.));
#5496 = ADVANCED_FACE('',(#5497),#5508,.F.);
#5497 = FACE_BOUND('',#5498,.F.);
#5498 = EDGE_LOOP('',(#5499,#5500,#5501,#5507));
#5499 = ORIENTED_EDGE('',*,*,#5446,.T.);
#5500 = ORIENTED_EDGE('',*,*,#2340,.T.);
#5501 = ORIENTED_EDGE('',*,*,#5502,.F.);
#5502 = EDGE_CURVE('',#903,#2341,#5503,.T.);
#5503 = LINE('',#5504,#5505);
#5504 = CARTESIAN_POINT('',(-9.017986224871,2.272867010636,0.));
#5505 = VECTOR('',#5506,1.);
#5506 = DIRECTION('',(0.,0.,1.));
#5507 = ORIENTED_EDGE('',*,*,#902,.F.);
#5508 = SURFACE_OF_LINEAR_EXTRUSION('',#5509,#5512);
#5509 = B_SPLINE_CURVE_WITH_KNOTS('',1,(#5510,#5511),.UNSPECIFIED.,.F.,
  .F.,(2,2),(0.,0.848680304488),.PIECEWISE_BEZIER_KNOTS.);
#5510 = CARTESIAN_POINT('',(-9.840931095322,2.480279641458,0.));
#5511 = CARTESIAN_POINT('',(-9.017986224871,2.272867010636,0.));
#5512 = VECTOR('',#5513,1.);
#5513 = DIRECTION('',(-0.,-0.,-1.));
#5514 = ADVANCED_FACE('',(#5515),#5526,.F.);
#5515 = FACE_BOUND('',#5516,.F.);
#5516 = EDGE_LOOP('',(#5517,#5523,#5524,#5525));
#5517 = ORIENTED_EDGE('',*,*,#5518,.T.);
#5518 = EDGE_CURVE('',#985,#2423,#5519,.T.);
#5519 = LINE('',#5520,#5521);
#5520 = CARTESIAN_POINT('',(-9.251501410598,-0.948536583217,0.));
#5521 = VECTOR('',#5522,1.);
#5522 = DIRECTION('',(0.,0.,1.));
#5523 = ORIENTED_EDGE('',*,*,#2429,.T.);
#5524 = ORIENTED_EDGE('',*,*,#5482,.F.);
#5525 = ORIENTED_EDGE('',*,*,#991,.F.);
#5526 = SURFACE_OF_LINEAR_EXTRUSION('',#5527,#5530);
#5527 = B_SPLINE_CURVE_WITH_KNOTS('',1,(#5528,#5529),.UNSPECIFIED.,.F.,
  .F.,(2,2),(0.,1.344760358931),.PIECEWISE_BEZIER_KNOTS.);
#5528 = CARTESIAN_POINT('',(-9.251501410598,-0.948536583217,0.));
#5529 = CARTESIAN_POINT('',(-9.017986224871,-2.272867010636,0.));
#5530 = VECTOR('',#5531,1.);
#5531 = DIRECTION('',(-0.,-0.,-1.));
#5532 = ADVANCED_FACE('',(#5533),#5544,.F.);
#5533 = FACE_BOUND('',#5534,.F.);
#5534 = EDGE_LOOP('',(#5535,#5536,#5537,#5543));
#5535 = ORIENTED_EDGE('',*,*,#5502,.T.);
#5536 = ORIENTED_EDGE('',*,*,#2347,.T.);
#5537 = ORIENTED_EDGE('',*,*,#5538,.F.);
#5538 = EDGE_CURVE('',#910,#2348,#5539,.T.);
#5539 = LINE('',#5540,#5541);
#5540 = CARTESIAN_POINT('',(-9.251501410598,0.948536583217,0.));
#5541 = VECTOR('',#5542,1.);
#5542 = DIRECTION('',(0.,0.,1.));
#5543 = ORIENTED_EDGE('',*,*,#909,.F.);
#5544 = SURFACE_OF_LINEAR_EXTRUSION('',#5545,#5548);
#5545 = B_SPLINE_CURVE_WITH_KNOTS('',1,(#5546,#5547),.UNSPECIFIED.,.F.,
  .F.,(2,2),(0.,1.344760358931),.PIECEWISE_BEZIER_KNOTS.);
#5546 = CARTESIAN_POINT('',(-9.017986224871,2.272867010636,0.));
#5547 = CARTESIAN_POINT('',(-9.251501410598,0.948536583217,0.));
#5548 = VECTOR('',#5549,1.);
#5549 = DIRECTION('',(-0.,-0.,-1.));
#5550 = ADVANCED_FACE('',(#5551),#5562,.F.);
#5551 = FACE_BOUND('',#5552,.F.);
#5552 = EDGE_LOOP('',(#5553,#5559,#5560,#5561));
#5553 = ORIENTED_EDGE('',*,*,#5554,.T.);
#5554 = EDGE_CURVE('',#958,#2396,#5555,.T.);
#5555 = LINE('',#5556,#5557);
#5556 = CARTESIAN_POINT('',(-10.09575593039,-1.035096187116,0.));
#5557 = VECTOR('',#5558,1.);
#5558 = DIRECTION('',(0.,0.,1.));
#5559 = ORIENTED_EDGE('',*,*,#2422,.T.);
#5560 = ORIENTED_EDGE('',*,*,#5518,.F.);
#5561 = ORIENTED_EDGE('',*,*,#984,.F.);
#5562 = SURFACE_OF_LINEAR_EXTRUSION('',#5563,#5566);
#5563 = B_SPLINE_CURVE_WITH_KNOTS('',1,(#5564,#5565),.UNSPECIFIED.,.F.,
  .F.,(2,2),(0.,0.848680304488),.PIECEWISE_BEZIER_KNOTS.);
#5564 = CARTESIAN_POINT('',(-10.09575593039,-1.035096187116,0.));
#5565 = CARTESIAN_POINT('',(-9.251501410598,-0.948536583217,0.));
#5566 = VECTOR('',#5567,1.);
#5567 = DIRECTION('',(-0.,-0.,-1.));
#5568 = ADVANCED_FACE('',(#5569),#5580,.F.);
#5569 = FACE_BOUND('',#5570,.F.);
#5570 = EDGE_LOOP('',(#5571,#5572,#5573,#5579));
#5571 = ORIENTED_EDGE('',*,*,#5538,.T.);
#5572 = ORIENTED_EDGE('',*,*,#2354,.T.);
#5573 = ORIENTED_EDGE('',*,*,#5574,.F.);
#5574 = EDGE_CURVE('',#917,#2355,#5575,.T.);
#5575 = LINE('',#5576,#5577);
#5576 = CARTESIAN_POINT('',(-10.09575593039,1.035096187116,0.));
#5577 = VECTOR('',#5578,1.);
#5578 = DIRECTION('',(0.,0.,1.));
#5579 = ORIENTED_EDGE('',*,*,#916,.F.);
#5580 = SURFACE_OF_LINEAR_EXTRUSION('',#5581,#5584);
#5581 = B_SPLINE_CURVE_WITH_KNOTS('',1,(#5582,#5583),.UNSPECIFIED.,.F.,
  .F.,(2,2),(0.,0.848680304488),.PIECEWISE_BEZIER_KNOTS.);
#5582 = CARTESIAN_POINT('',(-9.251501410598,0.948536583217,0.));
#5583 = CARTESIAN_POINT('',(-10.09575593039,1.035096187116,0.));
#5584 = VECTOR('',#5585,1.);
#5585 = DIRECTION('',(-0.,-0.,-1.));
#5586 = ADVANCED_FACE('',(#5587),#5598,.F.);
#5587 = FACE_BOUND('',#5588,.F.);
#5588 = EDGE_LOOP('',(#5589,#5595,#5596,#5597));
#5589 = ORIENTED_EDGE('',*,*,#5590,.T.);
#5590 = EDGE_CURVE('',#951,#2389,#5591,.T.);
#5591 = LINE('',#5592,#5593);
#5592 = CARTESIAN_POINT('',(-11.99303069198,-0.408919088639,0.));
#5593 = VECTOR('',#5594,1.);
#5594 = DIRECTION('',(0.,0.,1.));
#5595 = ORIENTED_EDGE('',*,*,#2395,.T.);
#5596 = ORIENTED_EDGE('',*,*,#5554,.F.);
#5597 = ORIENTED_EDGE('',*,*,#957,.F.);
#5598 = SURFACE_OF_LINEAR_EXTRUSION('',#5599,#5622);
#5599 = B_SPLINE_CURVE_WITH_KNOTS('',3,(#5600,#5601,#5602,#5603,#5604,
    #5605,#5606,#5607,#5608,#5609,#5610,#5611,#5612,#5613,#5614,#5615,
    #5616,#5617,#5618,#5619,#5620,#5621),.UNSPECIFIED.,.F.,.F.,(4,1,1,1,
    1,1,1,1,1,1,1,1,1,1,1,1,1,1,1,4),(0.,0.207044776933,0.402897944561,
    0.587559502897,0.761029451963,0.923307791781,1.074394522378,
    1.214289643791,1.342993156064,1.460505059252,1.566825353431,
    1.661954038703,1.745891115208,1.818636583153,1.880190442858,
    1.930552694856,1.969723340137,1.997702380876,2.014489823605,
    2.020085714038),.UNSPECIFIED.);
#5600 = CARTESIAN_POINT('',(-11.99303069198,-0.408919088639,0.));
#5601 = CARTESIAN_POINT('',(-11.93343995046,-0.443732248627,0.));
#5602 = CARTESIAN_POINT('',(-11.81638195324,-0.509623733272,0.));
#5603 = CARTESIAN_POINT('',(-11.64258032243,-0.599983246968,0.));
#5604 = CARTESIAN_POINT('',(-11.47597363011,-0.67970010673,0.));
#5605 = CARTESIAN_POINT('',(-11.31706659074,-0.749352036463,0.));
#5606 = CARTESIAN_POINT('',(-11.16633234854,-0.809544411628,0.));
#5607 = CARTESIAN_POINT('',(-11.02421241719,-0.860901022271,0.));
#5608 = CARTESIAN_POINT('',(-10.89111569657,-0.904064531721,0.));
#5609 = CARTESIAN_POINT('',(-10.76741779036,-0.939694536383,0.));
#5610 = CARTESIAN_POINT('',(-10.65346032953,-0.968466157347,0.));
#5611 = CARTESIAN_POINT('',(-10.54955036813,-0.991068518539,0.));
#5612 = CARTESIAN_POINT('',(-10.45595985738,-1.008203071157,0.));
#5613 = CARTESIAN_POINT('',(-10.37292513171,-1.02058240425,0.));
#5614 = CARTESIAN_POINT('',(-10.3006466295,-1.028927434003,0.));
#5615 = CARTESIAN_POINT('',(-10.23928817249,-1.03396940579,0.));
#5616 = CARTESIAN_POINT('',(-10.18897780196,-1.036437719797,0.));
#5617 = CARTESIAN_POINT('',(-10.14980454759,-1.037087055593,0.));
#5618 = CARTESIAN_POINT('',(-10.12182607439,-1.036621693159,0.));
#5619 = CARTESIAN_POINT('',(-10.10505140546,-1.035857293112,0.));
#5620 = CARTESIAN_POINT('',(-10.09761407515,-1.035261788283,0.));
#5621 = CARTESIAN_POINT('',(-10.09575593039,-1.035096187116,0.));
#5622 = VECTOR('',#5623,1.);
#5623 = DIRECTION('',(-0.,-0.,-1.));
#5624 = ADVANCED_FACE('',(#5625),#5636,.F.);
#5625 = FACE_BOUND('',#5626,.F.);
#5626 = EDGE_LOOP('',(#5627,#5628,#5629,#5635));
#5627 = ORIENTED_EDGE('',*,*,#5574,.T.);
#5628 = ORIENTED_EDGE('',*,*,#2361,.T.);
#5629 = ORIENTED_EDGE('',*,*,#5630,.F.);
#5630 = EDGE_CURVE('',#924,#2362,#5631,.T.);
#5631 = LINE('',#5632,#5633);
#5632 = CARTESIAN_POINT('',(-11.99303069198,0.408919088639,0.));
#5633 = VECTOR('',#5634,1.);
#5634 = DIRECTION('',(0.,0.,1.));
#5635 = ORIENTED_EDGE('',*,*,#923,.F.);
#5636 = SURFACE_OF_LINEAR_EXTRUSION('',#5637,#5660);
#5637 = B_SPLINE_CURVE_WITH_KNOTS('',3,(#5638,#5639,#5640,#5641,#5642,
    #5643,#5644,#5645,#5646,#5647,#5648,#5649,#5650,#5651,#5652,#5653,
    #5654,#5655,#5656,#5657,#5658,#5659),.UNSPECIFIED.,.F.,.F.,(4,1,1,1,
    1,1,1,1,1,1,1,1,1,1,1,1,1,1,1,4),(0.,5.595890432166E-03,
    2.238333316142E-02,5.036237390098E-02,8.953301918139E-02,
    0.139895271179,0.201449130885,0.27419459883,0.358131675335,
    0.453260360606,0.559580654786,0.677092557974,0.805796070246,
    0.945691191659,1.096777922257,1.259056262075,1.43252621114,
    1.617187769477,1.813040937104,2.020085714038),.UNSPECIFIED.);
#5638 = CARTESIAN_POINT('',(-10.09575593039,1.035096187116,0.));
#5639 = CARTESIAN_POINT('',(-10.09761407515,1.035261788283,0.));
#5640 = CARTESIAN_POINT('',(-10.10505140546,1.035857293112,0.));
#5641 = CARTESIAN_POINT('',(-10.12182607439,1.036621693159,0.));
#5642 = CARTESIAN_POINT('',(-10.14980454759,1.037087055593,0.));
#5643 = CARTESIAN_POINT('',(-10.18897780196,1.036437719797,0.));
#5644 = CARTESIAN_POINT('',(-10.23928817249,1.03396940579,0.));
#5645 = CARTESIAN_POINT('',(-10.3006466295,1.028927434003,0.));
#5646 = CARTESIAN_POINT('',(-10.37292513171,1.02058240425,0.));
#5647 = CARTESIAN_POINT('',(-10.45595985738,1.008203071157,0.));
#5648 = CARTESIAN_POINT('',(-10.54955036813,0.991068518539,0.));
#5649 = CARTESIAN_POINT('',(-10.65346032953,0.968466157347,0.));
#5650 = CARTESIAN_POINT('',(-10.76741779036,0.939694536383,0.));
#5651 = CARTESIAN_POINT('',(-10.89111569657,0.904064531721,0.));
#5652 = CARTESIAN_POINT('',(-11.02421241719,0.860901022271,0.));
#5653 = CARTESIAN_POINT('',(-11.16633234854,0.809544411628,0.));
#5654 = CARTESIAN_POINT('',(-11.31706659074,0.749352036463,0.));
#5655 = CARTESIAN_POINT('',(-11.47597363011,0.67970010673,0.));
#5656 = CARTESIAN_POINT('',(-11.64258032243,0.599983246968,0.));
#5657 = CARTESIAN_POINT('',(-11.81638195324,0.509623733272,0.));
#5658 = CARTESIAN_POINT('',(-11.93343995046,0.443732248627,0.));
#5659 = CARTESIAN_POINT('',(-11.99303069198,0.408919088639,0.));
#5660 = VECTOR('',#5661,1.);
#5661 = DIRECTION('',(-0.,-0.,-1.));
#5662 = ADVANCED_FACE('',(#5663),#5669,.F.);
#5663 = FACE_BOUND('',#5664,.F.);
#5664 = EDGE_LOOP('',(#5665,#5666,#5667,#5668));
#5665 = ORIENTED_EDGE('',*,*,#5630,.T.);
#5666 = ORIENTED_EDGE('',*,*,#2388,.T.);
#5667 = ORIENTED_EDGE('',*,*,#5590,.F.);
#5668 = ORIENTED_EDGE('',*,*,#950,.F.);
#5669 = SURFACE_OF_LINEAR_EXTRUSION('',#5670,#5673);
#5670 = B_SPLINE_CURVE_WITH_KNOTS('',1,(#5671,#5672),.UNSPECIFIED.,.F.,
  .F.,(2,2),(0.,0.817838177277),.PIECEWISE_BEZIER_KNOTS.);
#5671 = CARTESIAN_POINT('',(-11.99303069198,0.408919088639,0.));
#5672 = CARTESIAN_POINT('',(-11.99303069198,-0.408919088639,0.));
#5673 = VECTOR('',#5674,1.);
#5674 = DIRECTION('',(-0.,-0.,-1.));
#5675 = ADVANCED_FACE('',(#5676),#5695,.F.);
#5676 = FACE_BOUND('',#5677,.F.);
#5677 = EDGE_LOOP('',(#5678,#5679,#5687,#5694));
#5678 = ORIENTED_EDGE('',*,*,#1662,.F.);
#5679 = ORIENTED_EDGE('',*,*,#5680,.T.);
#5680 = EDGE_CURVE('',#1663,#5681,#5683,.T.);
#5681 = VERTEX_POINT('',#5682);
#5682 = CARTESIAN_POINT('',(5.,0.,5.));
#5683 = LINE('',#5684,#5685);
#5684 = CARTESIAN_POINT('',(5.,0.,0.));
#5685 = VECTOR('',#5686,1.);
#5686 = DIRECTION('',(0.,0.,1.));
#5687 = ORIENTED_EDGE('',*,*,#5688,.T.);
#5688 = EDGE_CURVE('',#5681,#5681,#5689,.T.);
#5689 = CIRCLE('',#5690,5.);
#5690 = AXIS2_PLACEMENT_3D('',#5691,#5692,#5693);
#5691 = CARTESIAN_POINT('',(0.,0.,5.));
#5692 = DIRECTION('',(0.,0.,-1.));
#5693 = DIRECTION('',(1.,0.,0.));
#5694 = ORIENTED_EDGE('',*,*,#5680,.F.);
#5695 = CYLINDRICAL_SURFACE('',#5696,5.);
#5696 = AXIS2_PLACEMENT_3D('',#5697,#5698,#5699);
#5697 = CARTESIAN_POINT('',(0.,0.,0.));
#5698 = DIRECTION('',(0.,0.,-1.));
#5699 = DIRECTION('',(1.,0.,0.));
#5700 = ADVANCED_FACE('',(#5701),#5720,.F.);
#5701 = FACE_BOUND('',#5702,.F.);
#5702 = EDGE_LOOP('',(#5703,#5711,#5718,#5719));
#5703 = ORIENTED_EDGE('',*,*,#5704,.T.);
#5704 = EDGE_CURVE('',#3101,#5705,#5707,.T.);
#5705 = VERTEX_POINT('',#5706);
#5706 = CARTESIAN_POINT('',(5.5,0.,5.));
#5707 = LINE('',#5708,#5709);
#5708 = CARTESIAN_POINT('',(5.5,0.,10.));
#5709 = VECTOR('',#5710,1.);
#5710 = DIRECTION('',(-0.,-0.,-1.));
#5711 = ORIENTED_EDGE('',*,*,#5712,.T.);
#5712 = EDGE_CURVE('',#5705,#5705,#5713,.T.);
#5713 = CIRCLE('',#5714,5.5);
#5714 = AXIS2_PLACEMENT_3D('',#5715,#5716,#5717);
#5715 = CARTESIAN_POINT('',(0.,0.,5.));
#5716 = DIRECTION('',(0.,0.,1.));
#5717 = DIRECTION('',(1.,0.,0.));
#5718 = ORIENTED_EDGE('',*,*,#5704,.F.);
#5719 = ORIENTED_EDGE('',*,*,#3100,.F.);
#5720 = CYLINDRICAL_SURFACE('',#5721,5.5);
#5721 = AXIS2_PLACEMENT_3D('',#5722,#5723,#5724);
#5722 = CARTESIAN_POINT('',(0.,0.,10.));
#5723 = DIRECTION('',(0.,0.,1.));
#5724 = DIRECTION('',(1.,0.,0.));
#5725 = ADVANCED_FACE('',(#5726,#5729),#5732,.T.);
#5726 = FACE_BOUND('',#5727,.T.);
#5727 = EDGE_LOOP('',(#5728));
#5728 = ORIENTED_EDGE('',*,*,#5712,.T.);
#5729 = FACE_BOUND('',#5730,.T.);
#5730 = EDGE_LOOP('',(#5731));
#5731 = ORIENTED_EDGE('',*,*,#5688,.T.);
#5732 = PLANE('',#5733);
#5733 = AXIS2_PLACEMENT_3D('',#5734,#5735,#5736);
#5734 = CARTESIAN_POINT('',(-3.729382179653E-16,-2.245185798437E-16,5.)
  );
#5735 = DIRECTION('',(0.,0.,1.));
#5736 = DIRECTION('',(1.,0.,0.));
#5737 = ( GEOMETRIC_REPRESENTATION_CONTEXT(3) 
GLOBAL_UNCERTAINTY_ASSIGNED_CONTEXT((#5741)) 
GLOBAL_UNIT_ASSIGNED_CONTEXT((#5738,#5739,#5740)) REPRESENTATION_CONTEXT
('Context #1','3D Context with UNIT and UNCERTAINTY') );
#5738 = ( LENGTH_UNIT() NAMED_UNIT(*) SI_UNIT(.MILLI.,.METRE.) );
#5739 = ( NAMED_UNIT(*) PLANE_ANGLE_UNIT() SI_UNIT($,.RADIAN.) );
#5740 = ( NAMED_UNIT(*) SI_UNIT($,.STERADIAN.) SOLID_ANGLE_UNIT() );
#5741 = UNCERTAINTY_MEASURE_WITH_UNIT(LENGTH_MEASURE(1.E-07),#5738,
  'distance_accuracy_value','confusion accuracy');
#5742 = PRODUCT_RELATED_PRODUCT_CATEGORY('part',$,(#7));
#5743 = MECHANICAL_DESIGN_GEOMETRIC_PRESENTATION_REPRESENTATION('',(
    #5744),#5737);
#5744 = STYLED_ITEM('color',(#5745),#15);
#5745 = PRESENTATION_STYLE_ASSIGNMENT((#5746,#5752));
#5746 = SURFACE_STYLE_USAGE(.BOTH.,#5747);
#5747 = SURFACE_SIDE_STYLE('',(#5748));
#5748 = SURFACE_STYLE_FILL_AREA(#5749);
#5749 = FILL_AREA_STYLE('',(#5750));
#5750 = FILL_AREA_STYLE_COLOUR('',#5751);
#5751 = COLOUR_RGB('',0.447058818107,0.474509808674,0.501960817233);
#5752 = CURVE_STYLE('',#5753,POSITIVE_LENGTH_MEASURE(0.1),#5754);
#5753 = DRAUGHTING_PRE_DEFINED_CURVE_FONT('continuous');
#5754 = COLOUR_RGB('',0.678431390124,0.709803936702,0.741176476869);
ENDSEC;
END-ISO-10303-21;
