ISO-10303-21;
HEADER;
FILE_DESCRIPTION(('FreeCAD Model'),'2;1');
FILE_NAME('Open CASCADE Shape Model','2026-07-25T19:20:30',(''),(''),
  'Open CASCADE STEP processor 7.8','FreeCAD','Unknown');
FILE_SCHEMA(('AUTOMOTIVE_DESIGN { 1 0 10303 214 1 1 1 1 }'));
ENDSEC;
DATA;
#1 = APPLICATION_PROTOCOL_DEFINITION('international standard',
  'automotive_design',2000,#2);
#2 = APPLICATION_CONTEXT(
  'core data for automotive mechanical design processes');
#3 = SHAPE_DEFINITION_REPRESENTATION(#4,#10);
#4 = PRODUCT_DEFINITION_SHAPE('','',#5);
#5 = PRODUCT_DEFINITION('design','',#6,#9);
#6 = PRODUCT_DEFINITION_FORMATION('','',#7);
#7 = PRODUCT('SolEng001','SolEng001','',(#8));
#8 = PRODUCT_CONTEXT('',#2,'mechanical');
#9 = PRODUCT_DEFINITION_CONTEXT('part definition',#2,'design');
#10 = ADVANCED_BREP_SHAPE_REPRESENTATION('',(#11,#15),#3898);
#11 = AXIS2_PLACEMENT_3D('',#12,#13,#14);
#12 = CARTESIAN_POINT('',(0.,0.,0.));
#13 = DIRECTION('',(0.,0.,1.));
#14 = DIRECTION('',(1.,0.,-0.));
#15 = MANIFOLD_SOLID_BREP('',#16);
#16 = CLOSED_SHELL('',(#17,#57,#147,#237,#1183,#2137,#2155,#2172,#2190,
    #2207,#2225,#2242,#2280,#2318,#2336,#2354,#2392,#2430,#2448,#2466,
    #2484,#2502,#2520,#2538,#2576,#2614,#2632,#2650,#2688,#2726,#2744,
    #2762,#2780,#2798,#2816,#2834,#2872,#2910,#2928,#2946,#2984,#3022,
    #3040,#3058,#3076,#3094,#3112,#3130,#3168,#3206,#3224,#3242,#3280,
    #3318,#3336,#3354,#3372,#3390,#3408,#3426,#3464,#3502,#3520,#3538,
    #3576,#3614,#3632,#3650,#3668,#3686,#3704,#3722,#3760,#3798,#3811,
    #3836,#3868,#3885));
#17 = ADVANCED_FACE('',(#18),#52,.F.);
#18 = FACE_BOUND('',#19,.F.);
#19 = EDGE_LOOP('',(#20,#30,#38,#46));
#20 = ORIENTED_EDGE('',*,*,#21,.T.);
#21 = EDGE_CURVE('',#22,#24,#26,.T.);
#22 = VERTEX_POINT('',#23);
#23 = CARTESIAN_POINT('',(8.391740324023,-0.372416882219,0.));
#24 = VERTEX_POINT('',#25);
#25 = CARTESIAN_POINT('',(8.391740324023,-0.372416882219,20.6));
#26 = LINE('',#27,#28);
#27 = CARTESIAN_POINT('',(8.391740324023,-0.372416882219,0.));
#28 = VECTOR('',#29,1.);
#29 = DIRECTION('',(0.,0.,1.));
#30 = ORIENTED_EDGE('',*,*,#31,.T.);
#31 = EDGE_CURVE('',#24,#32,#34,.T.);
#32 = VERTEX_POINT('',#33);
#33 = CARTESIAN_POINT('',(8.391740324023,0.372416882219,20.6));
#34 = LINE('',#35,#36);
#35 = CARTESIAN_POINT('',(8.391740324023,-0.372416882219,20.6));
#36 = VECTOR('',#37,1.);
#37 = DIRECTION('',(0.,1.,0.));
#38 = ORIENTED_EDGE('',*,*,#39,.F.);
#39 = EDGE_CURVE('',#40,#32,#42,.T.);
#40 = VERTEX_POINT('',#41);
#41 = CARTESIAN_POINT('',(8.391740324023,0.372416882219,0.));
#42 = LINE('',#43,#44);
#43 = CARTESIAN_POINT('',(8.391740324023,0.372416882219,0.));
#44 = VECTOR('',#45,1.);
#45 = DIRECTION('',(0.,0.,1.));
#46 = ORIENTED_EDGE('',*,*,#47,.F.);
#47 = EDGE_CURVE('',#22,#40,#48,.T.);
#48 = LINE('',#49,#50);
#49 = CARTESIAN_POINT('',(8.391740324023,-0.372416882219,0.));
#50 = VECTOR('',#51,1.);
#51 = DIRECTION('',(0.,1.,0.));
#52 = PLANE('',#53);
#53 = AXIS2_PLACEMENT_3D('',#54,#55,#56);
#54 = CARTESIAN_POINT('',(8.391740324023,-0.372416882219,0.));
#55 = DIRECTION('',(-1.,0.,0.));
#56 = DIRECTION('',(0.,1.,0.));
#57 = ADVANCED_FACE('',(#58),#121,.F.);
#58 = FACE_BOUND('',#59,.F.);
#59 = EDGE_LOOP('',(#60,#70,#95,#96));
#60 = ORIENTED_EDGE('',*,*,#61,.T.);
#61 = EDGE_CURVE('',#62,#64,#66,.T.);
#62 = VERTEX_POINT('',#63);
#63 = CARTESIAN_POINT('',(6.693997830827,-0.982987795719,0.));
#64 = VERTEX_POINT('',#65);
#65 = CARTESIAN_POINT('',(6.693997830827,-0.982987795719,20.6));
#66 = LINE('',#67,#68);
#67 = CARTESIAN_POINT('',(6.693997830827,-0.982987795719,0.));
#68 = VECTOR('',#69,1.);
#69 = DIRECTION('',(0.,0.,1.));
#70 = ORIENTED_EDGE('',*,*,#71,.T.);
#71 = EDGE_CURVE('',#64,#24,#72,.T.);
#72 = B_SPLINE_CURVE_WITH_KNOTS('',3,(#73,#74,#75,#76,#77,#78,#79,#80,
    #81,#82,#83,#84,#85,#86,#87,#88,#89,#90,#91,#92,#93,#94),
  .UNSPECIFIED.,.F.,.F.,(4,1,1,1,1,1,1,1,1,1,1,1,1,1,1,1,1,1,1,4),(0.,
    5.073410932506E-03,2.029336190878E-02,4.56599092927E-02,
    8.117306113635E-02,0.126832820124,0.182639187475,0.248592163847,
    0.324691749634,0.410937945091,0.507330750392,0.613870165662,
    0.730556190994,0.857388826457,0.994368072105,1.141493927982,
    1.298766394124,1.466185470557,1.643751157306,1.831463454391),
  .UNSPECIFIED.);
#73 = CARTESIAN_POINT('',(6.693997830827,-0.982987795719,20.6));
#74 = CARTESIAN_POINT('',(6.695674889248,-0.983207582978,20.6));
#75 = CARTESIAN_POINT('',(6.702390861075,-0.984016241382,20.6));
#76 = CARTESIAN_POINT('',(6.717568119514,-0.98522936388,20.6));
#77 = CARTESIAN_POINT('',(6.742911844875,-0.986397244755,20.6));
#78 = CARTESIAN_POINT('',(6.778433894554,-0.986657517938,20.6));
#79 = CARTESIAN_POINT('',(6.82408303758,-0.985264150721,20.6));
#80 = CARTESIAN_POINT('',(6.87977080244,-0.981417973212,20.6));
#81 = CARTESIAN_POINT('',(6.945359973613,-0.974346886584,20.6));
#82 = CARTESIAN_POINT('',(7.020669409825,-0.963277973995,20.6));
#83 = CARTESIAN_POINT('',(7.105472776444,-0.947450927566,20.6));
#84 = CARTESIAN_POINT('',(7.199499623755,-0.926116561546,20.6));
#85 = CARTESIAN_POINT('',(7.302435815338,-0.898540375714,20.6));
#86 = CARTESIAN_POINT('',(7.413924319513,-0.864004401505,20.6));
#87 = CARTESIAN_POINT('',(7.533566029617,-0.821809544173,20.6));
#88 = CARTESIAN_POINT('',(7.66092071202,-0.771277746913,20.6));
#89 = CARTESIAN_POINT('',(7.795508072664,-0.711754012747,20.6));
#90 = CARTESIAN_POINT('',(7.936808839959,-0.642608978204,20.6));
#91 = CARTESIAN_POINT('',(8.084266314604,-0.563238881736,20.6));
#92 = CARTESIAN_POINT('',(8.237286512275,-0.47307594294,20.6));
#93 = CARTESIAN_POINT('',(8.339745772386,-0.407225156822,20.6));
#94 = CARTESIAN_POINT('',(8.391740324023,-0.372416882219,20.6));
#95 = ORIENTED_EDGE('',*,*,#21,.F.);
#96 = ORIENTED_EDGE('',*,*,#97,.F.);
#97 = EDGE_CURVE('',#62,#22,#98,.T.);
#98 = B_SPLINE_CURVE_WITH_KNOTS('',3,(#99,#100,#101,#102,#103,#104,#105,
    #106,#107,#108,#109,#110,#111,#112,#113,#114,#115,#116,#117,#118,
    #119,#120),.UNSPECIFIED.,.F.,.F.,(4,1,1,1,1,1,1,1,1,1,1,1,1,1,1,1,1,
    1,1,4),(0.,5.073410932506E-03,2.029336190878E-02,4.56599092927E-02,
    8.117306113635E-02,0.126832820124,0.182639187475,0.248592163847,
    0.324691749634,0.410937945091,0.507330750392,0.613870165662,
    0.730556190994,0.857388826457,0.994368072105,1.141493927982,
    1.298766394124,1.466185470557,1.643751157306,1.831463454391),
  .UNSPECIFIED.);
#99 = CARTESIAN_POINT('',(6.693997830827,-0.982987795719,0.));
#100 = CARTESIAN_POINT('',(6.695674889248,-0.983207582978,0.));
#101 = CARTESIAN_POINT('',(6.702390861075,-0.984016241382,0.));
#102 = CARTESIAN_POINT('',(6.717568119514,-0.98522936388,0.));
#103 = CARTESIAN_POINT('',(6.742911844875,-0.986397244755,0.));
#104 = CARTESIAN_POINT('',(6.778433894554,-0.986657517938,0.));
#105 = CARTESIAN_POINT('',(6.82408303758,-0.985264150721,0.));
#106 = CARTESIAN_POINT('',(6.87977080244,-0.981417973212,0.));
#107 = CARTESIAN_POINT('',(6.945359973613,-0.974346886584,0.));
#108 = CARTESIAN_POINT('',(7.020669409825,-0.963277973995,0.));
#109 = CARTESIAN_POINT('',(7.105472776444,-0.947450927566,0.));
#110 = CARTESIAN_POINT('',(7.199499623755,-0.926116561546,0.));
#111 = CARTESIAN_POINT('',(7.302435815338,-0.898540375714,0.));
#112 = CARTESIAN_POINT('',(7.413924319513,-0.864004401505,0.));
#113 = CARTESIAN_POINT('',(7.533566029617,-0.821809544173,0.));
#114 = CARTESIAN_POINT('',(7.66092071202,-0.771277746913,0.));
#115 = CARTESIAN_POINT('',(7.795508072664,-0.711754012747,0.));
#116 = CARTESIAN_POINT('',(7.936808839959,-0.642608978204,0.));
#117 = CARTESIAN_POINT('',(8.084266314604,-0.563238881736,0.));
#118 = CARTESIAN_POINT('',(8.237286512275,-0.47307594294,0.));
#119 = CARTESIAN_POINT('',(8.339745772386,-0.407225156822,0.));
#120 = CARTESIAN_POINT('',(8.391740324023,-0.372416882219,0.));
#121 = SURFACE_OF_LINEAR_EXTRUSION('',#122,#145);
#122 = B_SPLINE_CURVE_WITH_KNOTS('',3,(#123,#124,#125,#126,#127,#128,
    #129,#130,#131,#132,#133,#134,#135,#136,#137,#138,#139,#140,#141,
    #142,#143,#144),.UNSPECIFIED.,.F.,.F.,(4,1,1,1,1,1,1,1,1,1,1,1,1,1,1
    ,1,1,1,1,4),(0.,5.073410932506E-03,2.029336190878E-02,
    4.56599092927E-02,8.117306113635E-02,0.126832820124,0.182639187475,
    0.248592163847,0.324691749634,0.410937945091,0.507330750392,
    0.613870165662,0.730556190994,0.857388826457,0.994368072105,
    1.141493927982,1.298766394124,1.466185470557,1.643751157306,
    1.831463454391),.UNSPECIFIED.);
#123 = CARTESIAN_POINT('',(6.693997830827,-0.982987795719,0.));
#124 = CARTESIAN_POINT('',(6.695674889248,-0.983207582978,0.));
#125 = CARTESIAN_POINT('',(6.702390861075,-0.984016241382,0.));
#126 = CARTESIAN_POINT('',(6.717568119514,-0.98522936388,0.));
#127 = CARTESIAN_POINT('',(6.742911844875,-0.986397244755,0.));
#128 = CARTESIAN_POINT('',(6.778433894554,-0.986657517938,0.));
#129 = CARTESIAN_POINT('',(6.82408303758,-0.985264150721,0.));
#130 = CARTESIAN_POINT('',(6.87977080244,-0.981417973212,0.));
#131 = CARTESIAN_POINT('',(6.945359973613,-0.974346886584,0.));
#132 = CARTESIAN_POINT('',(7.020669409825,-0.963277973995,0.));
#133 = CARTESIAN_POINT('',(7.105472776444,-0.947450927566,0.));
#134 = CARTESIAN_POINT('',(7.199499623755,-0.926116561546,0.));
#135 = CARTESIAN_POINT('',(7.302435815338,-0.898540375714,0.));
#136 = CARTESIAN_POINT('',(7.413924319513,-0.864004401505,0.));
#137 = CARTESIAN_POINT('',(7.533566029617,-0.821809544173,0.));
#138 = CARTESIAN_POINT('',(7.66092071202,-0.771277746913,0.));
#139 = CARTESIAN_POINT('',(7.795508072664,-0.711754012747,0.));
#140 = CARTESIAN_POINT('',(7.936808839959,-0.642608978204,0.));
#141 = CARTESIAN_POINT('',(8.084266314604,-0.563238881736,0.));
#142 = CARTESIAN_POINT('',(8.237286512275,-0.47307594294,0.));
#143 = CARTESIAN_POINT('',(8.339745772386,-0.407225156822,0.));
#144 = CARTESIAN_POINT('',(8.391740324023,-0.372416882219,0.));
#145 = VECTOR('',#146,1.);
#146 = DIRECTION('',(-0.,-0.,-1.));
#147 = ADVANCED_FACE('',(#148),#211,.F.);
#148 = FACE_BOUND('',#149,.F.);
#149 = EDGE_LOOP('',(#150,#151,#178,#186));
#150 = ORIENTED_EDGE('',*,*,#39,.T.);
#151 = ORIENTED_EDGE('',*,*,#152,.T.);
#152 = EDGE_CURVE('',#32,#153,#155,.T.);
#153 = VERTEX_POINT('',#154);
#154 = CARTESIAN_POINT('',(6.693997830827,0.982987795719,20.6));
#155 = B_SPLINE_CURVE_WITH_KNOTS('',3,(#156,#157,#158,#159,#160,#161,
    #162,#163,#164,#165,#166,#167,#168,#169,#170,#171,#172,#173,#174,
    #175,#176,#177),.UNSPECIFIED.,.F.,.F.,(4,1,1,1,1,1,1,1,1,1,1,1,1,1,1
    ,1,1,1,1,4),(0.,0.187712297085,0.365277983834,0.532697060267,
    0.689969526408,0.837095382286,0.974074627934,1.100907263397,
    1.217593288729,1.324132703999,1.4205255093,1.506771704757,
    1.582871290544,1.648824266916,1.704630634267,1.750290393254,
    1.785803545098,1.811170092482,1.826390043458,1.831463454391),
  .UNSPECIFIED.);
#156 = CARTESIAN_POINT('',(8.391740324023,0.372416882219,20.6));
#157 = CARTESIAN_POINT('',(8.339745772386,0.407225156822,20.6));
#158 = CARTESIAN_POINT('',(8.237286512275,0.47307594294,20.6));
#159 = CARTESIAN_POINT('',(8.084266314604,0.563238881736,20.6));
#160 = CARTESIAN_POINT('',(7.936808839959,0.642608978204,20.6));
#161 = CARTESIAN_POINT('',(7.795508072664,0.711754012747,20.6));
#162 = CARTESIAN_POINT('',(7.66092071202,0.771277746913,20.6));
#163 = CARTESIAN_POINT('',(7.533566029617,0.821809544173,20.6));
#164 = CARTESIAN_POINT('',(7.413924319513,0.864004401505,20.6));
#165 = CARTESIAN_POINT('',(7.302435815338,0.898540375714,20.6));
#166 = CARTESIAN_POINT('',(7.199499623755,0.926116561546,20.6));
#167 = CARTESIAN_POINT('',(7.105472776444,0.947450927566,20.6));
#168 = CARTESIAN_POINT('',(7.020669409825,0.963277973995,20.6));
#169 = CARTESIAN_POINT('',(6.945359973613,0.974346886584,20.6));
#170 = CARTESIAN_POINT('',(6.87977080244,0.981417973212,20.6));
#171 = CARTESIAN_POINT('',(6.82408303758,0.985264150721,20.6));
#172 = CARTESIAN_POINT('',(6.778433894555,0.986657517938,20.6));
#173 = CARTESIAN_POINT('',(6.742911844875,0.986397244755,20.6));
#174 = CARTESIAN_POINT('',(6.717568119514,0.98522936388,20.6));
#175 = CARTESIAN_POINT('',(6.702390861075,0.984016241382,20.6));
#176 = CARTESIAN_POINT('',(6.695674889248,0.983207582978,20.6));
#177 = CARTESIAN_POINT('',(6.693997830827,0.982987795719,20.6));
#178 = ORIENTED_EDGE('',*,*,#179,.F.);
#179 = EDGE_CURVE('',#180,#153,#182,.T.);
#180 = VERTEX_POINT('',#181);
#181 = CARTESIAN_POINT('',(6.693997830827,0.982987795719,0.));
#182 = LINE('',#183,#184);
#183 = CARTESIAN_POINT('',(6.693997830827,0.982987795719,0.));
#184 = VECTOR('',#185,1.);
#185 = DIRECTION('',(0.,0.,1.));
#186 = ORIENTED_EDGE('',*,*,#187,.F.);
#187 = EDGE_CURVE('',#40,#180,#188,.T.);
#188 = B_SPLINE_CURVE_WITH_KNOTS('',3,(#189,#190,#191,#192,#193,#194,
    #195,#196,#197,#198,#199,#200,#201,#202,#203,#204,#205,#206,#207,
    #208,#209,#210),.UNSPECIFIED.,.F.,.F.,(4,1,1,1,1,1,1,1,1,1,1,1,1,1,1
    ,1,1,1,1,4),(0.,0.187712297085,0.365277983834,0.532697060267,
    0.689969526408,0.837095382286,0.974074627934,1.100907263397,
    1.217593288729,1.324132703999,1.4205255093,1.506771704757,
    1.582871290544,1.648824266916,1.704630634267,1.750290393254,
    1.785803545098,1.811170092482,1.826390043458,1.831463454391),
  .UNSPECIFIED.);
#189 = CARTESIAN_POINT('',(8.391740324023,0.372416882219,0.));
#190 = CARTESIAN_POINT('',(8.339745772386,0.407225156822,0.));
#191 = CARTESIAN_POINT('',(8.237286512275,0.47307594294,0.));
#192 = CARTESIAN_POINT('',(8.084266314604,0.563238881736,0.));
#193 = CARTESIAN_POINT('',(7.936808839959,0.642608978204,0.));
#194 = CARTESIAN_POINT('',(7.795508072664,0.711754012747,0.));
#195 = CARTESIAN_POINT('',(7.66092071202,0.771277746913,0.));
#196 = CARTESIAN_POINT('',(7.533566029617,0.821809544173,0.));
#197 = CARTESIAN_POINT('',(7.413924319513,0.864004401505,0.));
#198 = CARTESIAN_POINT('',(7.302435815338,0.898540375714,0.));
#199 = CARTESIAN_POINT('',(7.199499623755,0.926116561546,0.));
#200 = CARTESIAN_POINT('',(7.105472776444,0.947450927566,0.));
#201 = CARTESIAN_POINT('',(7.020669409825,0.963277973995,0.));
#202 = CARTESIAN_POINT('',(6.945359973613,0.974346886584,0.));
#203 = CARTESIAN_POINT('',(6.87977080244,0.981417973212,0.));
#204 = CARTESIAN_POINT('',(6.82408303758,0.985264150721,0.));
#205 = CARTESIAN_POINT('',(6.778433894555,0.986657517938,0.));
#206 = CARTESIAN_POINT('',(6.742911844875,0.986397244755,0.));
#207 = CARTESIAN_POINT('',(6.717568119514,0.98522936388,0.));
#208 = CARTESIAN_POINT('',(6.702390861075,0.984016241382,0.));
#209 = CARTESIAN_POINT('',(6.695674889248,0.983207582978,0.));
#210 = CARTESIAN_POINT('',(6.693997830827,0.982987795719,0.));
#211 = SURFACE_OF_LINEAR_EXTRUSION('',#212,#235);
#212 = B_SPLINE_CURVE_WITH_KNOTS('',3,(#213,#214,#215,#216,#217,#218,
    #219,#220,#221,#222,#223,#224,#225,#226,#227,#228,#229,#230,#231,
    #232,#233,#234),.UNSPECIFIED.,.F.,.F.,(4,1,1,1,1,1,1,1,1,1,1,1,1,1,1
    ,1,1,1,1,4),(0.,0.187712297085,0.365277983834,0.532697060267,
    0.689969526408,0.837095382286,0.974074627934,1.100907263397,
    1.217593288729,1.324132703999,1.4205255093,1.506771704757,
    1.582871290544,1.648824266916,1.704630634267,1.750290393254,
    1.785803545098,1.811170092482,1.826390043458,1.831463454391),
  .UNSPECIFIED.);
#213 = CARTESIAN_POINT('',(8.391740324023,0.372416882219,0.));
#214 = CARTESIAN_POINT('',(8.339745772386,0.407225156822,0.));
#215 = CARTESIAN_POINT('',(8.237286512275,0.47307594294,0.));
#216 = CARTESIAN_POINT('',(8.084266314604,0.563238881736,0.));
#217 = CARTESIAN_POINT('',(7.936808839959,0.642608978204,0.));
#218 = CARTESIAN_POINT('',(7.795508072664,0.711754012747,0.));
#219 = CARTESIAN_POINT('',(7.66092071202,0.771277746913,0.));
#220 = CARTESIAN_POINT('',(7.533566029617,0.821809544173,0.));
#221 = CARTESIAN_POINT('',(7.413924319513,0.864004401505,0.));
#222 = CARTESIAN_POINT('',(7.302435815338,0.898540375714,0.));
#223 = CARTESIAN_POINT('',(7.199499623755,0.926116561546,0.));
#224 = CARTESIAN_POINT('',(7.105472776444,0.947450927566,0.));
#225 = CARTESIAN_POINT('',(7.020669409825,0.963277973995,0.));
#226 = CARTESIAN_POINT('',(6.945359973613,0.974346886584,0.));
#227 = CARTESIAN_POINT('',(6.87977080244,0.981417973212,0.));
#228 = CARTESIAN_POINT('',(6.82408303758,0.985264150721,0.));
#229 = CARTESIAN_POINT('',(6.778433894555,0.986657517938,0.));
#230 = CARTESIAN_POINT('',(6.742911844875,0.986397244755,0.));
#231 = CARTESIAN_POINT('',(6.717568119514,0.98522936388,0.));
#232 = CARTESIAN_POINT('',(6.702390861075,0.984016241382,0.));
#233 = CARTESIAN_POINT('',(6.695674889248,0.983207582978,0.));
#234 = CARTESIAN_POINT('',(6.693997830827,0.982987795719,0.));
#235 = VECTOR('',#236,1.);
#236 = DIRECTION('',(-0.,-0.,-1.));
#237 = ADVANCED_FACE('',(#238,#1167),#1178,.F.);
#238 = FACE_BOUND('',#239,.F.);
#239 = EDGE_LOOP('',(#240,#241,#242,#250,#258,#266,#293,#300,#327,#334,
    #341,#348,#375,#382,#409,#416,#423,#430,#457,#464,#491,#498,#505,
    #512,#539,#546,#573,#580,#587,#594,#621,#628,#655,#662,#669,#676,
    #703,#710,#737,#744,#751,#758,#785,#792,#819,#826,#833,#840,#867,
    #874,#901,#908,#915,#922,#949,#956,#983,#990,#997,#1004,#1031,#1038,
    #1065,#1072,#1079,#1086,#1113,#1120,#1147,#1154,#1161,#1166));
#240 = ORIENTED_EDGE('',*,*,#47,.T.);
#241 = ORIENTED_EDGE('',*,*,#187,.T.);
#242 = ORIENTED_EDGE('',*,*,#243,.T.);
#243 = EDGE_CURVE('',#180,#244,#246,.T.);
#244 = VERTEX_POINT('',#245);
#245 = CARTESIAN_POINT('',(5.639519596283,0.828141728899,0.));
#246 = LINE('',#247,#248);
#247 = CARTESIAN_POINT('',(6.693997830827,0.982987795719,0.));
#248 = VECTOR('',#249,1.);
#249 = DIRECTION('',(-0.989389402857,-0.145288022614,0.));
#250 = ORIENTED_EDGE('',*,*,#251,.T.);
#251 = EDGE_CURVE('',#244,#252,#254,.T.);
#252 = VERTEX_POINT('',#253);
#253 = CARTESIAN_POINT('',(5.29803809997,2.102568022981,0.));
#254 = LINE('',#255,#256);
#255 = CARTESIAN_POINT('',(5.639519596283,0.828141728899,0.));
#256 = VECTOR('',#257,1.);
#257 = DIRECTION('',(-0.258819045103,0.965925826289,0.));
#258 = ORIENTED_EDGE('',*,*,#259,.T.);
#259 = EDGE_CURVE('',#252,#260,#262,.T.);
#260 = VERTEX_POINT('',#261);
#261 = CARTESIAN_POINT('',(6.288666072233,2.495706512711,0.));
#262 = LINE('',#263,#264);
#263 = CARTESIAN_POINT('',(5.29803809997,2.102568022981,0.));
#264 = VECTOR('',#265,1.);
#265 = DIRECTION('',(0.929480368416,0.368871582979,0.));
#266 = ORIENTED_EDGE('',*,*,#267,.T.);
#267 = EDGE_CURVE('',#260,#268,#270,.T.);
#268 = VERTEX_POINT('',#269);
#269 = CARTESIAN_POINT('',(7.453668743676,3.873347681212,0.));
#270 = B_SPLINE_CURVE_WITH_KNOTS('',3,(#271,#272,#273,#274,#275,#276,
    #277,#278,#279,#280,#281,#282,#283,#284,#285,#286,#287,#288,#289,
    #290,#291,#292),.UNSPECIFIED.,.F.,.F.,(4,1,1,1,1,1,1,1,1,1,1,1,1,1,1
    ,1,1,1,1,4),(0.,5.073410932506E-03,2.029336190878E-02,
    4.56599092927E-02,8.117306113635E-02,0.126832820124,0.182639187475,
    0.248592163847,0.324691749634,0.410937945091,0.507330750392,
    0.613870165662,0.730556190994,0.857388826457,0.994368072105,
    1.141493927982,1.298766394124,1.466185470557,1.643751157306,
    1.831463454391),.UNSPECIFIED.);
#271 = CARTESIAN_POINT('',(6.288666072233,2.495706512711,0.));
#272 = CARTESIAN_POINT('',(6.290228341059,2.496354700572,0.));
#273 = CARTESIAN_POINT('',(6.296448872474,2.499012367764,0.));
#274 = CARTESIAN_POINT('',(6.310199325092,2.505550402083,0.));
#275 = CARTESIAN_POINT('',(6.332731575518,2.517210850257,0.));
#276 = CARTESIAN_POINT('',(6.363624709527,2.534746471908,0.));
#277 = CARTESIAN_POINT('',(6.402461343439,2.558777734828,0.));
#278 = CARTESIAN_POINT('',(6.448765273733,2.589952504688,0.));
#279 = CARTESIAN_POINT('',(6.502031618868,2.628870830927,0.));
#280 = CARTESIAN_POINT('',(6.561717047478,2.676111508526,0.));
#281 = CARTESIAN_POINT('',(6.627245394082,2.73221981611,0.));
#282 = CARTESIAN_POINT('',(6.698007849482,2.797709342713,0.));
#283 = CARTESIAN_POINT('',(6.773365113445,2.873059115975,0.));
#284 = CARTESIAN_POINT('',(6.852649003186,2.958712399072,0.));
#285 = CARTESIAN_POINT('',(6.935164334822,3.055075072483,0.));
#286 = CARTESIAN_POINT('',(7.020190826444,3.16251423381,0.));
#287 = CARTESIAN_POINT('',(7.106985032707,3.281356980048,0.));
#288 = CARTESIAN_POINT('',(7.194782569488,3.411888720155,0.));
#289 = CARTESIAN_POINT('',(7.282799440274,3.554353977319,0.));
#290 = CARTESIAN_POINT('',(7.370237349351,3.708947471632,0.));
#291 = CARTESIAN_POINT('',(7.426044278402,3.817205555325,0.));
#292 = CARTESIAN_POINT('',(7.453668743676,3.873347681212,0.));
#293 = ORIENTED_EDGE('',*,*,#294,.T.);
#294 = EDGE_CURVE('',#268,#295,#297,.T.);
#295 = VERTEX_POINT('',#296);
#296 = CARTESIAN_POINT('',(7.081251861457,4.518392642811,0.));
#297 = B_SPLINE_CURVE_WITH_KNOTS('',1,(#298,#299),.UNSPECIFIED.,.F.,.F.,
  (2,2),(0.,0.744833764438),.PIECEWISE_BEZIER_KNOTS.);
#298 = CARTESIAN_POINT('',(7.453668743676,3.873347681212,0.));
#299 = CARTESIAN_POINT('',(7.081251861457,4.518392642811,0.));
#300 = ORIENTED_EDGE('',*,*,#301,.T.);
#301 = EDGE_CURVE('',#295,#302,#304,.T.);
#302 = VERTEX_POINT('',#303);
#303 = CARTESIAN_POINT('',(5.305678276514,4.198291318116,0.));
#304 = B_SPLINE_CURVE_WITH_KNOTS('',3,(#305,#306,#307,#308,#309,#310,
    #311,#312,#313,#314,#315,#316,#317,#318,#319,#320,#321,#322,#323,
    #324,#325,#326),.UNSPECIFIED.,.F.,.F.,(4,1,1,1,1,1,1,1,1,1,1,1,1,1,1
    ,1,1,1,1,4),(0.,0.187712297085,0.365277983834,0.532697060267,
    0.689969526408,0.837095382286,0.974074627934,1.100907263397,
    1.217593288729,1.324132703999,1.4205255093,1.506771704757,
    1.582871290544,1.648824266916,1.704630634267,1.750290393254,
    1.785803545098,1.811170092482,1.826390043458,1.831463454391),
  .UNSPECIFIED.);
#305 = CARTESIAN_POINT('',(7.081251861457,4.518392642811,0.));
#306 = CARTESIAN_POINT('',(7.018819121579,4.522540217061,0.));
#307 = CARTESIAN_POINT('',(6.897161406411,4.528339040643,0.));
#308 = CARTESIAN_POINT('',(6.719560558537,4.529912337285,0.));
#309 = CARTESIAN_POINT('',(6.552173591284,4.524920119805,0.));
#310 = CARTESIAN_POINT('',(6.39523101996,4.514151092616,0.));
#311 = CARTESIAN_POINT('',(6.248913079531,4.498406478211,0.));
#312 = CARTESIAN_POINT('',(6.11335479065,4.478490957135,0.));
#313 = CARTESIAN_POINT('',(5.988644601681,4.455211920441,0.));
#314 = CARTESIAN_POINT('',(5.874824737731,4.429376699363,0.));
#315 = CARTESIAN_POINT('',(5.771891287935,4.401790281042,0.));
#316 = CARTESIAN_POINT('',(5.679794466516,4.373252960333,0.));
#317 = CARTESIAN_POINT('',(5.598439073483,4.344557901298,0.));
#318 = CARTESIAN_POINT('',(5.527684732285,4.316489142686,0.));
#319 = CARTESIAN_POINT('',(5.467347300522,4.289818297752,0.));
#320 = CARTESIAN_POINT('',(5.417197192718,4.265305302752,0.));
#321 = CARTESIAN_POINT('',(5.376967191589,4.243687422647,0.));
#322 = CARTESIAN_POINT('',(5.346334330763,4.225700994618,0.));
#323 = CARTESIAN_POINT('',(5.324969961212,4.212017717431,0.));
#324 = CARTESIAN_POINT('',(5.312432631092,4.203378493311,0.));
#325 = CARTESIAN_POINT('',(5.307020758081,4.199320188676,0.));
#326 = CARTESIAN_POINT('',(5.305678276514,4.198291318116,0.));
#327 = ORIENTED_EDGE('',*,*,#328,.T.);
#328 = EDGE_CURVE('',#302,#329,#331,.T.);
#329 = VERTEX_POINT('',#330);
#330 = CARTESIAN_POINT('',(4.469896371072,3.536951573302,0.));
#331 = B_SPLINE_CURVE_WITH_KNOTS('',1,(#332,#333),.UNSPECIFIED.,.F.,.F.,
  (2,2),(0.,1.065786869659),.PIECEWISE_BEZIER_KNOTS.);
#332 = CARTESIAN_POINT('',(5.305678276514,4.198291318116,0.));
#333 = CARTESIAN_POINT('',(4.469896371072,3.536951573302,0.));
#334 = ORIENTED_EDGE('',*,*,#335,.T.);
#335 = EDGE_CURVE('',#329,#336,#338,.T.);
#336 = VERTEX_POINT('',#337);
#337 = CARTESIAN_POINT('',(3.536951573302,4.469896371072,0.));
#338 = B_SPLINE_CURVE_WITH_KNOTS('',1,(#339,#340),.UNSPECIFIED.,.F.,.F.,
  (2,2),(0.,1.319383185952),.PIECEWISE_BEZIER_KNOTS.);
#339 = CARTESIAN_POINT('',(4.469896371072,3.536951573302,0.));
#340 = CARTESIAN_POINT('',(3.536951573302,4.469896371072,0.));
#341 = ORIENTED_EDGE('',*,*,#342,.T.);
#342 = EDGE_CURVE('',#336,#343,#345,.T.);
#343 = VERTEX_POINT('',#344);
#344 = CARTESIAN_POINT('',(4.198291318116,5.305678276514,0.));
#345 = B_SPLINE_CURVE_WITH_KNOTS('',1,(#346,#347),.UNSPECIFIED.,.F.,.F.,
  (2,2),(0.,1.065786869659),.PIECEWISE_BEZIER_KNOTS.);
#346 = CARTESIAN_POINT('',(3.536951573302,4.469896371072,0.));
#347 = CARTESIAN_POINT('',(4.198291318116,5.305678276514,0.));
#348 = ORIENTED_EDGE('',*,*,#349,.T.);
#349 = EDGE_CURVE('',#343,#350,#352,.T.);
#350 = VERTEX_POINT('',#351);
#351 = CARTESIAN_POINT('',(4.518392642811,7.081251861457,0.));
#352 = B_SPLINE_CURVE_WITH_KNOTS('',3,(#353,#354,#355,#356,#357,#358,
    #359,#360,#361,#362,#363,#364,#365,#366,#367,#368,#369,#370,#371,
    #372,#373,#374),.UNSPECIFIED.,.F.,.F.,(4,1,1,1,1,1,1,1,1,1,1,1,1,1,1
    ,1,1,1,1,4),(0.,5.073410932506E-03,2.029336190878E-02,
    4.56599092927E-02,8.117306113635E-02,0.126832820124,0.182639187475,
    0.248592163847,0.324691749634,0.410937945091,0.507330750392,
    0.613870165662,0.730556190994,0.857388826457,0.994368072105,
    1.141493927982,1.298766394124,1.466185470557,1.643751157306,
    1.831463454391),.UNSPECIFIED.);
#353 = CARTESIAN_POINT('',(4.198291318116,5.305678276514,0.));
#354 = CARTESIAN_POINT('',(4.199320188676,5.307020758081,0.));
#355 = CARTESIAN_POINT('',(4.203378493311,5.312432631092,0.));
#356 = CARTESIAN_POINT('',(4.212017717431,5.324969961212,0.));
#357 = CARTESIAN_POINT('',(4.225700994618,5.346334330763,0.));
#358 = CARTESIAN_POINT('',(4.243687422647,5.376967191589,0.));
#359 = CARTESIAN_POINT('',(4.265305302752,5.417197192718,0.));
#360 = CARTESIAN_POINT('',(4.289818297752,5.467347300522,0.));
#361 = CARTESIAN_POINT('',(4.316489142686,5.527684732285,0.));
#362 = CARTESIAN_POINT('',(4.344557901298,5.598439073483,0.));
#363 = CARTESIAN_POINT('',(4.373252960333,5.679794466516,0.));
#364 = CARTESIAN_POINT('',(4.401790281042,5.771891287935,0.));
#365 = CARTESIAN_POINT('',(4.429376699363,5.874824737731,0.));
#366 = CARTESIAN_POINT('',(4.455211920441,5.988644601681,0.));
#367 = CARTESIAN_POINT('',(4.478490957135,6.11335479065,0.));
#368 = CARTESIAN_POINT('',(4.498406478211,6.248913079531,0.));
#369 = CARTESIAN_POINT('',(4.514151092616,6.39523101996,0.));
#370 = CARTESIAN_POINT('',(4.524920119805,6.552173591284,0.));
#371 = CARTESIAN_POINT('',(4.529912337285,6.719560558537,0.));
#372 = CARTESIAN_POINT('',(4.528339040643,6.897161406411,0.));
#373 = CARTESIAN_POINT('',(4.522540217061,7.018819121579,0.));
#374 = CARTESIAN_POINT('',(4.518392642811,7.081251861457,0.));
#375 = ORIENTED_EDGE('',*,*,#376,.T.);
#376 = EDGE_CURVE('',#350,#377,#379,.T.);
#377 = VERTEX_POINT('',#378);
#378 = CARTESIAN_POINT('',(3.873347681212,7.453668743676,0.));
#379 = B_SPLINE_CURVE_WITH_KNOTS('',1,(#380,#381),.UNSPECIFIED.,.F.,.F.,
  (2,2),(0.,0.744833764438),.PIECEWISE_BEZIER_KNOTS.);
#380 = CARTESIAN_POINT('',(4.518392642811,7.081251861457,0.));
#381 = CARTESIAN_POINT('',(3.873347681212,7.453668743676,0.));
#382 = ORIENTED_EDGE('',*,*,#383,.T.);
#383 = EDGE_CURVE('',#377,#384,#386,.T.);
#384 = VERTEX_POINT('',#385);
#385 = CARTESIAN_POINT('',(2.495706512711,6.288666072233,0.));
#386 = B_SPLINE_CURVE_WITH_KNOTS('',3,(#387,#388,#389,#390,#391,#392,
    #393,#394,#395,#396,#397,#398,#399,#400,#401,#402,#403,#404,#405,
    #406,#407,#408),.UNSPECIFIED.,.F.,.F.,(4,1,1,1,1,1,1,1,1,1,1,1,1,1,1
    ,1,1,1,1,4),(0.,0.187712297085,0.365277983834,0.532697060267,
    0.689969526408,0.837095382286,0.974074627934,1.100907263397,
    1.217593288729,1.324132703999,1.4205255093,1.506771704757,
    1.582871290544,1.648824266916,1.704630634267,1.750290393254,
    1.785803545098,1.811170092482,1.826390043458,1.831463454391),
  .UNSPECIFIED.);
#387 = CARTESIAN_POINT('',(3.873347681212,7.453668743676,0.));
#388 = CARTESIAN_POINT('',(3.817205555325,7.426044278402,0.));
#389 = CARTESIAN_POINT('',(3.708947471632,7.370237349351,0.));
#390 = CARTESIAN_POINT('',(3.554353977319,7.282799440274,0.));
#391 = CARTESIAN_POINT('',(3.411888720155,7.194782569488,0.));
#392 = CARTESIAN_POINT('',(3.281356980048,7.106985032707,0.));
#393 = CARTESIAN_POINT('',(3.16251423381,7.020190826444,0.));
#394 = CARTESIAN_POINT('',(3.055075072483,6.935164334822,0.));
#395 = CARTESIAN_POINT('',(2.958712399072,6.852649003186,0.));
#396 = CARTESIAN_POINT('',(2.873059115975,6.773365113445,0.));
#397 = CARTESIAN_POINT('',(2.797709342713,6.698007849482,0.));
#398 = CARTESIAN_POINT('',(2.73221981611,6.627245394082,0.));
#399 = CARTESIAN_POINT('',(2.676111508526,6.561717047478,0.));
#400 = CARTESIAN_POINT('',(2.628870830927,6.502031618868,0.));
#401 = CARTESIAN_POINT('',(2.589952504688,6.448765273733,0.));
#402 = CARTESIAN_POINT('',(2.558777734828,6.402461343439,0.));
#403 = CARTESIAN_POINT('',(2.534746471908,6.363624709527,0.));
#404 = CARTESIAN_POINT('',(2.517210850257,6.332731575518,0.));
#405 = CARTESIAN_POINT('',(2.505550402083,6.310199325092,0.));
#406 = CARTESIAN_POINT('',(2.499012367764,6.296448872474,0.));
#407 = CARTESIAN_POINT('',(2.496354700572,6.290228341059,0.));
#408 = CARTESIAN_POINT('',(2.495706512711,6.288666072233,0.));
#409 = ORIENTED_EDGE('',*,*,#410,.T.);
#410 = EDGE_CURVE('',#384,#411,#413,.T.);
#411 = VERTEX_POINT('',#412);
#412 = CARTESIAN_POINT('',(2.102568022981,5.29803809997,0.));
#413 = B_SPLINE_CURVE_WITH_KNOTS('',1,(#414,#415),.UNSPECIFIED.,.F.,.F.,
  (2,2),(0.,1.065786869659),.PIECEWISE_BEZIER_KNOTS.);
#414 = CARTESIAN_POINT('',(2.495706512711,6.288666072233,0.));
#415 = CARTESIAN_POINT('',(2.102568022981,5.29803809997,0.));
#416 = ORIENTED_EDGE('',*,*,#417,.T.);
#417 = EDGE_CURVE('',#411,#418,#420,.T.);
#418 = VERTEX_POINT('',#419);
#419 = CARTESIAN_POINT('',(0.828141728899,5.639519596283,0.));
#420 = B_SPLINE_CURVE_WITH_KNOTS('',1,(#421,#422),.UNSPECIFIED.,.F.,.F.,
  (2,2),(0.,1.319383185952),.PIECEWISE_BEZIER_KNOTS.);
#421 = CARTESIAN_POINT('',(2.102568022981,5.29803809997,0.));
#422 = CARTESIAN_POINT('',(0.828141728899,5.639519596283,0.));
#423 = ORIENTED_EDGE('',*,*,#424,.T.);
#424 = EDGE_CURVE('',#418,#425,#427,.T.);
#425 = VERTEX_POINT('',#426);
#426 = CARTESIAN_POINT('',(0.982987795719,6.693997830827,0.));
#427 = B_SPLINE_CURVE_WITH_KNOTS('',1,(#428,#429),.UNSPECIFIED.,.F.,.F.,
  (2,2),(0.,1.065786869659),.PIECEWISE_BEZIER_KNOTS.);
#428 = CARTESIAN_POINT('',(0.828141728899,5.639519596283,0.));
#429 = CARTESIAN_POINT('',(0.982987795719,6.693997830827,0.));
#430 = ORIENTED_EDGE('',*,*,#431,.T.);
#431 = EDGE_CURVE('',#425,#432,#434,.T.);
#432 = VERTEX_POINT('',#433);
#433 = CARTESIAN_POINT('',(0.372416882219,8.391740324023,0.));
#434 = B_SPLINE_CURVE_WITH_KNOTS('',3,(#435,#436,#437,#438,#439,#440,
    #441,#442,#443,#444,#445,#446,#447,#448,#449,#450,#451,#452,#453,
    #454,#455,#456),.UNSPECIFIED.,.F.,.F.,(4,1,1,1,1,1,1,1,1,1,1,1,1,1,1
    ,1,1,1,1,4),(0.,5.073410932506E-03,2.029336190878E-02,
    4.56599092927E-02,8.117306113635E-02,0.126832820124,0.182639187475,
    0.248592163847,0.324691749634,0.410937945091,0.507330750392,
    0.613870165662,0.730556190994,0.857388826457,0.994368072105,
    1.141493927982,1.298766394124,1.466185470557,1.643751157306,
    1.831463454391),.UNSPECIFIED.);
#435 = CARTESIAN_POINT('',(0.982987795719,6.693997830827,0.));
#436 = CARTESIAN_POINT('',(0.983207582978,6.695674889248,0.));
#437 = CARTESIAN_POINT('',(0.984016241382,6.702390861075,0.));
#438 = CARTESIAN_POINT('',(0.98522936388,6.717568119514,0.));
#439 = CARTESIAN_POINT('',(0.986397244755,6.742911844875,0.));
#440 = CARTESIAN_POINT('',(0.986657517938,6.778433894554,0.));
#441 = CARTESIAN_POINT('',(0.985264150721,6.82408303758,0.));
#442 = CARTESIAN_POINT('',(0.981417973212,6.87977080244,0.));
#443 = CARTESIAN_POINT('',(0.974346886584,6.945359973613,0.));
#444 = CARTESIAN_POINT('',(0.963277973995,7.020669409825,0.));
#445 = CARTESIAN_POINT('',(0.947450927566,7.105472776444,0.));
#446 = CARTESIAN_POINT('',(0.926116561546,7.199499623755,0.));
#447 = CARTESIAN_POINT('',(0.898540375714,7.302435815338,0.));
#448 = CARTESIAN_POINT('',(0.864004401505,7.413924319513,0.));
#449 = CARTESIAN_POINT('',(0.821809544173,7.533566029617,0.));
#450 = CARTESIAN_POINT('',(0.771277746913,7.66092071202,0.));
#451 = CARTESIAN_POINT('',(0.711754012747,7.795508072664,0.));
#452 = CARTESIAN_POINT('',(0.642608978204,7.936808839959,0.));
#453 = CARTESIAN_POINT('',(0.563238881736,8.084266314604,0.));
#454 = CARTESIAN_POINT('',(0.47307594294,8.237286512275,0.));
#455 = CARTESIAN_POINT('',(0.407225156822,8.339745772386,0.));
#456 = CARTESIAN_POINT('',(0.372416882219,8.391740324023,0.));
#457 = ORIENTED_EDGE('',*,*,#458,.T.);
#458 = EDGE_CURVE('',#432,#459,#461,.T.);
#459 = VERTEX_POINT('',#460);
#460 = CARTESIAN_POINT('',(-0.372416882219,8.391740324023,0.));
#461 = B_SPLINE_CURVE_WITH_KNOTS('',1,(#462,#463),.UNSPECIFIED.,.F.,.F.,
  (2,2),(0.,0.744833764438),.PIECEWISE_BEZIER_KNOTS.);
#462 = CARTESIAN_POINT('',(0.372416882219,8.391740324023,0.));
#463 = CARTESIAN_POINT('',(-0.372416882219,8.391740324023,0.));
#464 = ORIENTED_EDGE('',*,*,#465,.T.);
#465 = EDGE_CURVE('',#459,#466,#468,.T.);
#466 = VERTEX_POINT('',#467);
#467 = CARTESIAN_POINT('',(-0.982987795719,6.693997830827,0.));
#468 = B_SPLINE_CURVE_WITH_KNOTS('',3,(#469,#470,#471,#472,#473,#474,
    #475,#476,#477,#478,#479,#480,#481,#482,#483,#484,#485,#486,#487,
    #488,#489,#490),.UNSPECIFIED.,.F.,.F.,(4,1,1,1,1,1,1,1,1,1,1,1,1,1,1
    ,1,1,1,1,4),(0.,0.187712297085,0.365277983834,0.532697060267,
    0.689969526408,0.837095382286,0.974074627934,1.100907263397,
    1.217593288729,1.324132703999,1.4205255093,1.506771704757,
    1.582871290544,1.648824266916,1.704630634267,1.750290393254,
    1.785803545098,1.811170092482,1.826390043458,1.831463454391),
  .UNSPECIFIED.);
#469 = CARTESIAN_POINT('',(-0.372416882219,8.391740324023,0.));
#470 = CARTESIAN_POINT('',(-0.407225156822,8.339745772386,0.));
#471 = CARTESIAN_POINT('',(-0.47307594294,8.237286512275,0.));
#472 = CARTESIAN_POINT('',(-0.563238881736,8.084266314604,0.));
#473 = CARTESIAN_POINT('',(-0.642608978204,7.936808839959,0.));
#474 = CARTESIAN_POINT('',(-0.711754012747,7.795508072664,0.));
#475 = CARTESIAN_POINT('',(-0.771277746913,7.66092071202,0.));
#476 = CARTESIAN_POINT('',(-0.821809544173,7.533566029617,0.));
#477 = CARTESIAN_POINT('',(-0.864004401505,7.413924319513,0.));
#478 = CARTESIAN_POINT('',(-0.898540375714,7.302435815338,0.));
#479 = CARTESIAN_POINT('',(-0.926116561546,7.199499623755,0.));
#480 = CARTESIAN_POINT('',(-0.947450927566,7.105472776444,0.));
#481 = CARTESIAN_POINT('',(-0.963277973995,7.020669409825,0.));
#482 = CARTESIAN_POINT('',(-0.974346886584,6.945359973613,0.));
#483 = CARTESIAN_POINT('',(-0.981417973212,6.87977080244,0.));
#484 = CARTESIAN_POINT('',(-0.985264150721,6.82408303758,0.));
#485 = CARTESIAN_POINT('',(-0.986657517938,6.778433894555,0.));
#486 = CARTESIAN_POINT('',(-0.986397244755,6.742911844875,0.));
#487 = CARTESIAN_POINT('',(-0.98522936388,6.717568119514,0.));
#488 = CARTESIAN_POINT('',(-0.984016241382,6.702390861075,0.));
#489 = CARTESIAN_POINT('',(-0.983207582978,6.695674889248,0.));
#490 = CARTESIAN_POINT('',(-0.982987795719,6.693997830827,0.));
#491 = ORIENTED_EDGE('',*,*,#492,.T.);
#492 = EDGE_CURVE('',#466,#493,#495,.T.);
#493 = VERTEX_POINT('',#494);
#494 = CARTESIAN_POINT('',(-0.828141728899,5.639519596283,0.));
#495 = B_SPLINE_CURVE_WITH_KNOTS('',1,(#496,#497),.UNSPECIFIED.,.F.,.F.,
  (2,2),(0.,1.065786869659),.PIECEWISE_BEZIER_KNOTS.);
#496 = CARTESIAN_POINT('',(-0.982987795719,6.693997830827,0.));
#497 = CARTESIAN_POINT('',(-0.828141728899,5.639519596283,0.));
#498 = ORIENTED_EDGE('',*,*,#499,.T.);
#499 = EDGE_CURVE('',#493,#500,#502,.T.);
#500 = VERTEX_POINT('',#501);
#501 = CARTESIAN_POINT('',(-2.102568022981,5.29803809997,0.));
#502 = B_SPLINE_CURVE_WITH_KNOTS('',1,(#503,#504),.UNSPECIFIED.,.F.,.F.,
  (2,2),(0.,1.319383185952),.PIECEWISE_BEZIER_KNOTS.);
#503 = CARTESIAN_POINT('',(-0.828141728899,5.639519596283,0.));
#504 = CARTESIAN_POINT('',(-2.102568022981,5.29803809997,0.));
#505 = ORIENTED_EDGE('',*,*,#506,.T.);
#506 = EDGE_CURVE('',#500,#507,#509,.T.);
#507 = VERTEX_POINT('',#508);
#508 = CARTESIAN_POINT('',(-2.495706512711,6.288666072233,0.));
#509 = B_SPLINE_CURVE_WITH_KNOTS('',1,(#510,#511),.UNSPECIFIED.,.F.,.F.,
  (2,2),(0.,1.065786869659),.PIECEWISE_BEZIER_KNOTS.);
#510 = CARTESIAN_POINT('',(-2.102568022981,5.29803809997,0.));
#511 = CARTESIAN_POINT('',(-2.495706512711,6.288666072233,0.));
#512 = ORIENTED_EDGE('',*,*,#513,.T.);
#513 = EDGE_CURVE('',#507,#514,#516,.T.);
#514 = VERTEX_POINT('',#515);
#515 = CARTESIAN_POINT('',(-3.873347681212,7.453668743676,0.));
#516 = B_SPLINE_CURVE_WITH_KNOTS('',3,(#517,#518,#519,#520,#521,#522,
    #523,#524,#525,#526,#527,#528,#529,#530,#531,#532,#533,#534,#535,
    #536,#537,#538),.UNSPECIFIED.,.F.,.F.,(4,1,1,1,1,1,1,1,1,1,1,1,1,1,1
    ,1,1,1,1,4),(0.,5.073410932506E-03,2.029336190878E-02,
    4.56599092927E-02,8.117306113635E-02,0.126832820124,0.182639187475,
    0.248592163847,0.324691749634,0.410937945091,0.507330750392,
    0.613870165662,0.730556190994,0.857388826457,0.994368072105,
    1.141493927982,1.298766394124,1.466185470557,1.643751157306,
    1.831463454391),.UNSPECIFIED.);
#517 = CARTESIAN_POINT('',(-2.495706512711,6.288666072233,0.));
#518 = CARTESIAN_POINT('',(-2.496354700572,6.290228341059,0.));
#519 = CARTESIAN_POINT('',(-2.499012367764,6.296448872474,0.));
#520 = CARTESIAN_POINT('',(-2.505550402083,6.310199325092,0.));
#521 = CARTESIAN_POINT('',(-2.517210850257,6.332731575518,0.));
#522 = CARTESIAN_POINT('',(-2.534746471908,6.363624709527,0.));
#523 = CARTESIAN_POINT('',(-2.558777734828,6.402461343439,0.));
#524 = CARTESIAN_POINT('',(-2.589952504688,6.448765273733,0.));
#525 = CARTESIAN_POINT('',(-2.628870830927,6.502031618868,0.));
#526 = CARTESIAN_POINT('',(-2.676111508526,6.561717047478,0.));
#527 = CARTESIAN_POINT('',(-2.73221981611,6.627245394082,0.));
#528 = CARTESIAN_POINT('',(-2.797709342713,6.698007849482,0.));
#529 = CARTESIAN_POINT('',(-2.873059115975,6.773365113445,0.));
#530 = CARTESIAN_POINT('',(-2.958712399072,6.852649003186,0.));
#531 = CARTESIAN_POINT('',(-3.055075072483,6.935164334822,0.));
#532 = CARTESIAN_POINT('',(-3.16251423381,7.020190826444,0.));
#533 = CARTESIAN_POINT('',(-3.281356980048,7.106985032707,0.));
#534 = CARTESIAN_POINT('',(-3.411888720155,7.194782569488,0.));
#535 = CARTESIAN_POINT('',(-3.554353977319,7.282799440274,0.));
#536 = CARTESIAN_POINT('',(-3.708947471632,7.370237349351,0.));
#537 = CARTESIAN_POINT('',(-3.817205555325,7.426044278402,0.));
#538 = CARTESIAN_POINT('',(-3.873347681212,7.453668743676,0.));
#539 = ORIENTED_EDGE('',*,*,#540,.T.);
#540 = EDGE_CURVE('',#514,#541,#543,.T.);
#541 = VERTEX_POINT('',#542);
#542 = CARTESIAN_POINT('',(-4.518392642811,7.081251861457,0.));
#543 = B_SPLINE_CURVE_WITH_KNOTS('',1,(#544,#545),.UNSPECIFIED.,.F.,.F.,
  (2,2),(0.,0.744833764438),.PIECEWISE_BEZIER_KNOTS.);
#544 = CARTESIAN_POINT('',(-3.873347681212,7.453668743676,0.));
#545 = CARTESIAN_POINT('',(-4.518392642811,7.081251861457,0.));
#546 = ORIENTED_EDGE('',*,*,#547,.T.);
#547 = EDGE_CURVE('',#541,#548,#550,.T.);
#548 = VERTEX_POINT('',#549);
#549 = CARTESIAN_POINT('',(-4.198291318116,5.305678276514,0.));
#550 = B_SPLINE_CURVE_WITH_KNOTS('',3,(#551,#552,#553,#554,#555,#556,
    #557,#558,#559,#560,#561,#562,#563,#564,#565,#566,#567,#568,#569,
    #570,#571,#572),.UNSPECIFIED.,.F.,.F.,(4,1,1,1,1,1,1,1,1,1,1,1,1,1,1
    ,1,1,1,1,4),(0.,0.187712297085,0.365277983834,0.532697060267,
    0.689969526408,0.837095382286,0.974074627934,1.100907263397,
    1.217593288729,1.324132703999,1.4205255093,1.506771704757,
    1.582871290544,1.648824266916,1.704630634267,1.750290393254,
    1.785803545098,1.811170092482,1.826390043458,1.831463454391),
  .UNSPECIFIED.);
#551 = CARTESIAN_POINT('',(-4.518392642811,7.081251861457,0.));
#552 = CARTESIAN_POINT('',(-4.522540217061,7.018819121579,0.));
#553 = CARTESIAN_POINT('',(-4.528339040643,6.897161406411,0.));
#554 = CARTESIAN_POINT('',(-4.529912337285,6.719560558537,0.));
#555 = CARTESIAN_POINT('',(-4.524920119805,6.552173591284,0.));
#556 = CARTESIAN_POINT('',(-4.514151092616,6.39523101996,0.));
#557 = CARTESIAN_POINT('',(-4.498406478211,6.248913079531,0.));
#558 = CARTESIAN_POINT('',(-4.478490957135,6.11335479065,0.));
#559 = CARTESIAN_POINT('',(-4.455211920441,5.988644601681,0.));
#560 = CARTESIAN_POINT('',(-4.429376699363,5.874824737731,0.));
#561 = CARTESIAN_POINT('',(-4.401790281042,5.771891287935,0.));
#562 = CARTESIAN_POINT('',(-4.373252960333,5.679794466516,0.));
#563 = CARTESIAN_POINT('',(-4.344557901298,5.598439073483,0.));
#564 = CARTESIAN_POINT('',(-4.316489142686,5.527684732285,0.));
#565 = CARTESIAN_POINT('',(-4.289818297752,5.467347300522,0.));
#566 = CARTESIAN_POINT('',(-4.265305302752,5.417197192718,0.));
#567 = CARTESIAN_POINT('',(-4.243687422647,5.376967191589,0.));
#568 = CARTESIAN_POINT('',(-4.225700994618,5.346334330763,0.));
#569 = CARTESIAN_POINT('',(-4.212017717431,5.324969961212,0.));
#570 = CARTESIAN_POINT('',(-4.203378493311,5.312432631092,0.));
#571 = CARTESIAN_POINT('',(-4.199320188676,5.307020758081,0.));
#572 = CARTESIAN_POINT('',(-4.198291318116,5.305678276514,0.));
#573 = ORIENTED_EDGE('',*,*,#574,.T.);
#574 = EDGE_CURVE('',#548,#575,#577,.T.);
#575 = VERTEX_POINT('',#576);
#576 = CARTESIAN_POINT('',(-3.536951573302,4.469896371072,0.));
#577 = B_SPLINE_CURVE_WITH_KNOTS('',1,(#578,#579),.UNSPECIFIED.,.F.,.F.,
  (2,2),(0.,1.065786869659),.PIECEWISE_BEZIER_KNOTS.);
#578 = CARTESIAN_POINT('',(-4.198291318116,5.305678276514,0.));
#579 = CARTESIAN_POINT('',(-3.536951573302,4.469896371072,0.));
#580 = ORIENTED_EDGE('',*,*,#581,.T.);
#581 = EDGE_CURVE('',#575,#582,#584,.T.);
#582 = VERTEX_POINT('',#583);
#583 = CARTESIAN_POINT('',(-4.469896371072,3.536951573302,0.));
#584 = B_SPLINE_CURVE_WITH_KNOTS('',1,(#585,#586),.UNSPECIFIED.,.F.,.F.,
  (2,2),(0.,1.319383185952),.PIECEWISE_BEZIER_KNOTS.);
#585 = CARTESIAN_POINT('',(-3.536951573302,4.469896371072,0.));
#586 = CARTESIAN_POINT('',(-4.469896371072,3.536951573302,0.));
#587 = ORIENTED_EDGE('',*,*,#588,.T.);
#588 = EDGE_CURVE('',#582,#589,#591,.T.);
#589 = VERTEX_POINT('',#590);
#590 = CARTESIAN_POINT('',(-5.305678276514,4.198291318116,0.));
#591 = B_SPLINE_CURVE_WITH_KNOTS('',1,(#592,#593),.UNSPECIFIED.,.F.,.F.,
  (2,2),(0.,1.065786869659),.PIECEWISE_BEZIER_KNOTS.);
#592 = CARTESIAN_POINT('',(-4.469896371072,3.536951573302,0.));
#593 = CARTESIAN_POINT('',(-5.305678276514,4.198291318116,0.));
#594 = ORIENTED_EDGE('',*,*,#595,.T.);
#595 = EDGE_CURVE('',#589,#596,#598,.T.);
#596 = VERTEX_POINT('',#597);
#597 = CARTESIAN_POINT('',(-7.081251861457,4.518392642811,0.));
#598 = B_SPLINE_CURVE_WITH_KNOTS('',3,(#599,#600,#601,#602,#603,#604,
    #605,#606,#607,#608,#609,#610,#611,#612,#613,#614,#615,#616,#617,
    #618,#619,#620),.UNSPECIFIED.,.F.,.F.,(4,1,1,1,1,1,1,1,1,1,1,1,1,1,1
    ,1,1,1,1,4),(0.,5.073410932506E-03,2.029336190878E-02,
    4.56599092927E-02,8.117306113635E-02,0.126832820124,0.182639187475,
    0.248592163847,0.324691749634,0.410937945091,0.507330750392,
    0.613870165662,0.730556190994,0.857388826457,0.994368072105,
    1.141493927982,1.298766394124,1.466185470557,1.643751157306,
    1.831463454391),.UNSPECIFIED.);
#599 = CARTESIAN_POINT('',(-5.305678276514,4.198291318116,0.));
#600 = CARTESIAN_POINT('',(-5.307020758081,4.199320188676,0.));
#601 = CARTESIAN_POINT('',(-5.312432631092,4.203378493311,0.));
#602 = CARTESIAN_POINT('',(-5.324969961212,4.212017717431,0.));
#603 = CARTESIAN_POINT('',(-5.346334330763,4.225700994618,0.));
#604 = CARTESIAN_POINT('',(-5.376967191589,4.243687422647,0.));
#605 = CARTESIAN_POINT('',(-5.417197192718,4.265305302752,0.));
#606 = CARTESIAN_POINT('',(-5.467347300522,4.289818297752,0.));
#607 = CARTESIAN_POINT('',(-5.527684732285,4.316489142686,0.));
#608 = CARTESIAN_POINT('',(-5.598439073483,4.344557901298,0.));
#609 = CARTESIAN_POINT('',(-5.679794466516,4.373252960333,0.));
#610 = CARTESIAN_POINT('',(-5.771891287935,4.401790281042,0.));
#611 = CARTESIAN_POINT('',(-5.874824737731,4.429376699363,0.));
#612 = CARTESIAN_POINT('',(-5.988644601681,4.455211920441,0.));
#613 = CARTESIAN_POINT('',(-6.11335479065,4.478490957135,0.));
#614 = CARTESIAN_POINT('',(-6.248913079531,4.498406478211,0.));
#615 = CARTESIAN_POINT('',(-6.39523101996,4.514151092616,0.));
#616 = CARTESIAN_POINT('',(-6.552173591284,4.524920119805,0.));
#617 = CARTESIAN_POINT('',(-6.719560558537,4.529912337285,0.));
#618 = CARTESIAN_POINT('',(-6.897161406411,4.528339040643,0.));
#619 = CARTESIAN_POINT('',(-7.018819121579,4.522540217061,0.));
#620 = CARTESIAN_POINT('',(-7.081251861457,4.518392642811,0.));
#621 = ORIENTED_EDGE('',*,*,#622,.T.);
#622 = EDGE_CURVE('',#596,#623,#625,.T.);
#623 = VERTEX_POINT('',#624);
#624 = CARTESIAN_POINT('',(-7.453668743676,3.873347681212,0.));
#625 = B_SPLINE_CURVE_WITH_KNOTS('',1,(#626,#627),.UNSPECIFIED.,.F.,.F.,
  (2,2),(0.,0.744833764438),.PIECEWISE_BEZIER_KNOTS.);
#626 = CARTESIAN_POINT('',(-7.081251861457,4.518392642811,0.));
#627 = CARTESIAN_POINT('',(-7.453668743676,3.873347681212,0.));
#628 = ORIENTED_EDGE('',*,*,#629,.T.);
#629 = EDGE_CURVE('',#623,#630,#632,.T.);
#630 = VERTEX_POINT('',#631);
#631 = CARTESIAN_POINT('',(-6.288666072233,2.495706512711,0.));
#632 = B_SPLINE_CURVE_WITH_KNOTS('',3,(#633,#634,#635,#636,#637,#638,
    #639,#640,#641,#642,#643,#644,#645,#646,#647,#648,#649,#650,#651,
    #652,#653,#654),.UNSPECIFIED.,.F.,.F.,(4,1,1,1,1,1,1,1,1,1,1,1,1,1,1
    ,1,1,1,1,4),(0.,0.187712297085,0.365277983834,0.532697060267,
    0.689969526408,0.837095382286,0.974074627934,1.100907263397,
    1.217593288729,1.324132703999,1.4205255093,1.506771704757,
    1.582871290544,1.648824266916,1.704630634267,1.750290393254,
    1.785803545098,1.811170092482,1.826390043458,1.831463454391),
  .UNSPECIFIED.);
#633 = CARTESIAN_POINT('',(-7.453668743676,3.873347681212,0.));
#634 = CARTESIAN_POINT('',(-7.426044278402,3.817205555325,0.));
#635 = CARTESIAN_POINT('',(-7.370237349351,3.708947471632,0.));
#636 = CARTESIAN_POINT('',(-7.282799440274,3.554353977319,0.));
#637 = CARTESIAN_POINT('',(-7.194782569488,3.411888720155,0.));
#638 = CARTESIAN_POINT('',(-7.106985032707,3.281356980048,0.));
#639 = CARTESIAN_POINT('',(-7.020190826444,3.16251423381,0.));
#640 = CARTESIAN_POINT('',(-6.935164334822,3.055075072483,0.));
#641 = CARTESIAN_POINT('',(-6.852649003186,2.958712399072,0.));
#642 = CARTESIAN_POINT('',(-6.773365113445,2.873059115975,0.));
#643 = CARTESIAN_POINT('',(-6.698007849482,2.797709342713,0.));
#644 = CARTESIAN_POINT('',(-6.627245394082,2.73221981611,0.));
#645 = CARTESIAN_POINT('',(-6.561717047478,2.676111508526,0.));
#646 = CARTESIAN_POINT('',(-6.502031618868,2.628870830927,0.));
#647 = CARTESIAN_POINT('',(-6.448765273733,2.589952504688,0.));
#648 = CARTESIAN_POINT('',(-6.402461343439,2.558777734828,0.));
#649 = CARTESIAN_POINT('',(-6.363624709527,2.534746471908,0.));
#650 = CARTESIAN_POINT('',(-6.332731575518,2.517210850257,0.));
#651 = CARTESIAN_POINT('',(-6.310199325092,2.505550402083,0.));
#652 = CARTESIAN_POINT('',(-6.296448872474,2.499012367764,0.));
#653 = CARTESIAN_POINT('',(-6.290228341059,2.496354700572,0.));
#654 = CARTESIAN_POINT('',(-6.288666072233,2.495706512711,0.));
#655 = ORIENTED_EDGE('',*,*,#656,.T.);
#656 = EDGE_CURVE('',#630,#657,#659,.T.);
#657 = VERTEX_POINT('',#658);
#658 = CARTESIAN_POINT('',(-5.29803809997,2.102568022981,0.));
#659 = B_SPLINE_CURVE_WITH_KNOTS('',1,(#660,#661),.UNSPECIFIED.,.F.,.F.,
  (2,2),(0.,1.065786869659),.PIECEWISE_BEZIER_KNOTS.);
#660 = CARTESIAN_POINT('',(-6.288666072233,2.495706512711,0.));
#661 = CARTESIAN_POINT('',(-5.29803809997,2.102568022981,0.));
#662 = ORIENTED_EDGE('',*,*,#663,.T.);
#663 = EDGE_CURVE('',#657,#664,#666,.T.);
#664 = VERTEX_POINT('',#665);
#665 = CARTESIAN_POINT('',(-5.639519596283,0.828141728899,0.));
#666 = B_SPLINE_CURVE_WITH_KNOTS('',1,(#667,#668),.UNSPECIFIED.,.F.,.F.,
  (2,2),(0.,1.319383185952),.PIECEWISE_BEZIER_KNOTS.);
#667 = CARTESIAN_POINT('',(-5.29803809997,2.102568022981,0.));
#668 = CARTESIAN_POINT('',(-5.639519596283,0.828141728899,0.));
#669 = ORIENTED_EDGE('',*,*,#670,.T.);
#670 = EDGE_CURVE('',#664,#671,#673,.T.);
#671 = VERTEX_POINT('',#672);
#672 = CARTESIAN_POINT('',(-6.693997830827,0.982987795719,0.));
#673 = B_SPLINE_CURVE_WITH_KNOTS('',1,(#674,#675),.UNSPECIFIED.,.F.,.F.,
  (2,2),(0.,1.065786869659),.PIECEWISE_BEZIER_KNOTS.);
#674 = CARTESIAN_POINT('',(-5.639519596283,0.828141728899,0.));
#675 = CARTESIAN_POINT('',(-6.693997830827,0.982987795719,0.));
#676 = ORIENTED_EDGE('',*,*,#677,.T.);
#677 = EDGE_CURVE('',#671,#678,#680,.T.);
#678 = VERTEX_POINT('',#679);
#679 = CARTESIAN_POINT('',(-8.391740324023,0.372416882219,0.));
#680 = B_SPLINE_CURVE_WITH_KNOTS('',3,(#681,#682,#683,#684,#685,#686,
    #687,#688,#689,#690,#691,#692,#693,#694,#695,#696,#697,#698,#699,
    #700,#701,#702),.UNSPECIFIED.,.F.,.F.,(4,1,1,1,1,1,1,1,1,1,1,1,1,1,1
    ,1,1,1,1,4),(0.,5.073410932506E-03,2.029336190878E-02,
    4.56599092927E-02,8.117306113635E-02,0.126832820124,0.182639187475,
    0.248592163847,0.324691749634,0.410937945091,0.507330750392,
    0.613870165662,0.730556190994,0.857388826457,0.994368072105,
    1.141493927982,1.298766394124,1.466185470557,1.643751157306,
    1.831463454391),.UNSPECIFIED.);
#681 = CARTESIAN_POINT('',(-6.693997830827,0.982987795719,0.));
#682 = CARTESIAN_POINT('',(-6.695674889248,0.983207582978,0.));
#683 = CARTESIAN_POINT('',(-6.702390861075,0.984016241382,0.));
#684 = CARTESIAN_POINT('',(-6.717568119514,0.98522936388,0.));
#685 = CARTESIAN_POINT('',(-6.742911844875,0.986397244755,0.));
#686 = CARTESIAN_POINT('',(-6.778433894554,0.986657517938,0.));
#687 = CARTESIAN_POINT('',(-6.82408303758,0.985264150721,0.));
#688 = CARTESIAN_POINT('',(-6.87977080244,0.981417973212,0.));
#689 = CARTESIAN_POINT('',(-6.945359973613,0.974346886584,0.));
#690 = CARTESIAN_POINT('',(-7.020669409825,0.963277973995,0.));
#691 = CARTESIAN_POINT('',(-7.105472776444,0.947450927566,0.));
#692 = CARTESIAN_POINT('',(-7.199499623755,0.926116561546,0.));
#693 = CARTESIAN_POINT('',(-7.302435815338,0.898540375714,0.));
#694 = CARTESIAN_POINT('',(-7.413924319513,0.864004401505,0.));
#695 = CARTESIAN_POINT('',(-7.533566029617,0.821809544173,0.));
#696 = CARTESIAN_POINT('',(-7.66092071202,0.771277746913,0.));
#697 = CARTESIAN_POINT('',(-7.795508072664,0.711754012747,0.));
#698 = CARTESIAN_POINT('',(-7.936808839959,0.642608978204,0.));
#699 = CARTESIAN_POINT('',(-8.084266314604,0.563238881736,0.));
#700 = CARTESIAN_POINT('',(-8.237286512275,0.47307594294,0.));
#701 = CARTESIAN_POINT('',(-8.339745772386,0.407225156822,0.));
#702 = CARTESIAN_POINT('',(-8.391740324023,0.372416882219,0.));
#703 = ORIENTED_EDGE('',*,*,#704,.T.);
#704 = EDGE_CURVE('',#678,#705,#707,.T.);
#705 = VERTEX_POINT('',#706);
#706 = CARTESIAN_POINT('',(-8.391740324023,-0.372416882219,0.));
#707 = B_SPLINE_CURVE_WITH_KNOTS('',1,(#708,#709),.UNSPECIFIED.,.F.,.F.,
  (2,2),(0.,0.744833764438),.PIECEWISE_BEZIER_KNOTS.);
#708 = CARTESIAN_POINT('',(-8.391740324023,0.372416882219,0.));
#709 = CARTESIAN_POINT('',(-8.391740324023,-0.372416882219,0.));
#710 = ORIENTED_EDGE('',*,*,#711,.T.);
#711 = EDGE_CURVE('',#705,#712,#714,.T.);
#712 = VERTEX_POINT('',#713);
#713 = CARTESIAN_POINT('',(-6.693997830827,-0.982987795719,0.));
#714 = B_SPLINE_CURVE_WITH_KNOTS('',3,(#715,#716,#717,#718,#719,#720,
    #721,#722,#723,#724,#725,#726,#727,#728,#729,#730,#731,#732,#733,
    #734,#735,#736),.UNSPECIFIED.,.F.,.F.,(4,1,1,1,1,1,1,1,1,1,1,1,1,1,1
    ,1,1,1,1,4),(0.,0.187712297085,0.365277983834,0.532697060267,
    0.689969526408,0.837095382286,0.974074627934,1.100907263397,
    1.217593288729,1.324132703999,1.4205255093,1.506771704757,
    1.582871290544,1.648824266916,1.704630634267,1.750290393254,
    1.785803545098,1.811170092482,1.826390043458,1.831463454391),
  .UNSPECIFIED.);
#715 = CARTESIAN_POINT('',(-8.391740324023,-0.372416882219,0.));
#716 = CARTESIAN_POINT('',(-8.339745772386,-0.407225156822,0.));
#717 = CARTESIAN_POINT('',(-8.237286512275,-0.47307594294,0.));
#718 = CARTESIAN_POINT('',(-8.084266314604,-0.563238881736,0.));
#719 = CARTESIAN_POINT('',(-7.936808839959,-0.642608978204,0.));
#720 = CARTESIAN_POINT('',(-7.795508072664,-0.711754012747,0.));
#721 = CARTESIAN_POINT('',(-7.66092071202,-0.771277746913,0.));
#722 = CARTESIAN_POINT('',(-7.533566029617,-0.821809544173,0.));
#723 = CARTESIAN_POINT('',(-7.413924319513,-0.864004401505,0.));
#724 = CARTESIAN_POINT('',(-7.302435815338,-0.898540375714,0.));
#725 = CARTESIAN_POINT('',(-7.199499623755,-0.926116561546,0.));
#726 = CARTESIAN_POINT('',(-7.105472776444,-0.947450927566,0.));
#727 = CARTESIAN_POINT('',(-7.020669409825,-0.963277973995,0.));
#728 = CARTESIAN_POINT('',(-6.945359973613,-0.974346886584,0.));
#729 = CARTESIAN_POINT('',(-6.87977080244,-0.981417973212,0.));
#730 = CARTESIAN_POINT('',(-6.82408303758,-0.985264150721,0.));
#731 = CARTESIAN_POINT('',(-6.778433894555,-0.986657517938,0.));
#732 = CARTESIAN_POINT('',(-6.742911844875,-0.986397244755,0.));
#733 = CARTESIAN_POINT('',(-6.717568119514,-0.98522936388,0.));
#734 = CARTESIAN_POINT('',(-6.702390861075,-0.984016241382,0.));
#735 = CARTESIAN_POINT('',(-6.695674889248,-0.983207582978,0.));
#736 = CARTESIAN_POINT('',(-6.693997830827,-0.982987795719,0.));
#737 = ORIENTED_EDGE('',*,*,#738,.T.);
#738 = EDGE_CURVE('',#712,#739,#741,.T.);
#739 = VERTEX_POINT('',#740);
#740 = CARTESIAN_POINT('',(-5.639519596283,-0.828141728899,0.));
#741 = B_SPLINE_CURVE_WITH_KNOTS('',1,(#742,#743),.UNSPECIFIED.,.F.,.F.,
  (2,2),(0.,1.065786869659),.PIECEWISE_BEZIER_KNOTS.);
#742 = CARTESIAN_POINT('',(-6.693997830827,-0.982987795719,0.));
#743 = CARTESIAN_POINT('',(-5.639519596283,-0.828141728899,0.));
#744 = ORIENTED_EDGE('',*,*,#745,.T.);
#745 = EDGE_CURVE('',#739,#746,#748,.T.);
#746 = VERTEX_POINT('',#747);
#747 = CARTESIAN_POINT('',(-5.29803809997,-2.102568022981,0.));
#748 = B_SPLINE_CURVE_WITH_KNOTS('',1,(#749,#750),.UNSPECIFIED.,.F.,.F.,
  (2,2),(0.,1.319383185952),.PIECEWISE_BEZIER_KNOTS.);
#749 = CARTESIAN_POINT('',(-5.639519596283,-0.828141728899,0.));
#750 = CARTESIAN_POINT('',(-5.29803809997,-2.102568022981,0.));
#751 = ORIENTED_EDGE('',*,*,#752,.T.);
#752 = EDGE_CURVE('',#746,#753,#755,.T.);
#753 = VERTEX_POINT('',#754);
#754 = CARTESIAN_POINT('',(-6.288666072233,-2.495706512711,0.));
#755 = B_SPLINE_CURVE_WITH_KNOTS('',1,(#756,#757),.UNSPECIFIED.,.F.,.F.,
  (2,2),(0.,1.065786869659),.PIECEWISE_BEZIER_KNOTS.);
#756 = CARTESIAN_POINT('',(-5.29803809997,-2.102568022981,0.));
#757 = CARTESIAN_POINT('',(-6.288666072233,-2.495706512711,0.));
#758 = ORIENTED_EDGE('',*,*,#759,.T.);
#759 = EDGE_CURVE('',#753,#760,#762,.T.);
#760 = VERTEX_POINT('',#761);
#761 = CARTESIAN_POINT('',(-7.453668743676,-3.873347681212,0.));
#762 = B_SPLINE_CURVE_WITH_KNOTS('',3,(#763,#764,#765,#766,#767,#768,
    #769,#770,#771,#772,#773,#774,#775,#776,#777,#778,#779,#780,#781,
    #782,#783,#784),.UNSPECIFIED.,.F.,.F.,(4,1,1,1,1,1,1,1,1,1,1,1,1,1,1
    ,1,1,1,1,4),(0.,5.073410932506E-03,2.029336190878E-02,
    4.56599092927E-02,8.117306113635E-02,0.126832820124,0.182639187475,
    0.248592163847,0.324691749634,0.410937945091,0.507330750392,
    0.613870165662,0.730556190994,0.857388826457,0.994368072105,
    1.141493927982,1.298766394124,1.466185470557,1.643751157306,
    1.831463454391),.UNSPECIFIED.);
#763 = CARTESIAN_POINT('',(-6.288666072233,-2.495706512711,0.));
#764 = CARTESIAN_POINT('',(-6.290228341059,-2.496354700572,0.));
#765 = CARTESIAN_POINT('',(-6.296448872474,-2.499012367764,0.));
#766 = CARTESIAN_POINT('',(-6.310199325092,-2.505550402083,0.));
#767 = CARTESIAN_POINT('',(-6.332731575518,-2.517210850257,0.));
#768 = CARTESIAN_POINT('',(-6.363624709527,-2.534746471908,0.));
#769 = CARTESIAN_POINT('',(-6.402461343439,-2.558777734828,0.));
#770 = CARTESIAN_POINT('',(-6.448765273733,-2.589952504688,0.));
#771 = CARTESIAN_POINT('',(-6.502031618868,-2.628870830927,0.));
#772 = CARTESIAN_POINT('',(-6.561717047478,-2.676111508526,0.));
#773 = CARTESIAN_POINT('',(-6.627245394082,-2.73221981611,0.));
#774 = CARTESIAN_POINT('',(-6.698007849482,-2.797709342713,0.));
#775 = CARTESIAN_POINT('',(-6.773365113445,-2.873059115975,0.));
#776 = CARTESIAN_POINT('',(-6.852649003186,-2.958712399072,0.));
#777 = CARTESIAN_POINT('',(-6.935164334822,-3.055075072483,0.));
#778 = CARTESIAN_POINT('',(-7.020190826444,-3.16251423381,0.));
#779 = CARTESIAN_POINT('',(-7.106985032707,-3.281356980048,0.));
#780 = CARTESIAN_POINT('',(-7.194782569488,-3.411888720155,0.));
#781 = CARTESIAN_POINT('',(-7.282799440274,-3.554353977319,0.));
#782 = CARTESIAN_POINT('',(-7.370237349351,-3.708947471632,0.));
#783 = CARTESIAN_POINT('',(-7.426044278402,-3.817205555325,0.));
#784 = CARTESIAN_POINT('',(-7.453668743676,-3.873347681212,0.));
#785 = ORIENTED_EDGE('',*,*,#786,.T.);
#786 = EDGE_CURVE('',#760,#787,#789,.T.);
#787 = VERTEX_POINT('',#788);
#788 = CARTESIAN_POINT('',(-7.081251861457,-4.518392642811,0.));
#789 = B_SPLINE_CURVE_WITH_KNOTS('',1,(#790,#791),.UNSPECIFIED.,.F.,.F.,
  (2,2),(0.,0.744833764438),.PIECEWISE_BEZIER_KNOTS.);
#790 = CARTESIAN_POINT('',(-7.453668743676,-3.873347681212,0.));
#791 = CARTESIAN_POINT('',(-7.081251861457,-4.518392642811,0.));
#792 = ORIENTED_EDGE('',*,*,#793,.T.);
#793 = EDGE_CURVE('',#787,#794,#796,.T.);
#794 = VERTEX_POINT('',#795);
#795 = CARTESIAN_POINT('',(-5.305678276514,-4.198291318116,0.));
#796 = B_SPLINE_CURVE_WITH_KNOTS('',3,(#797,#798,#799,#800,#801,#802,
    #803,#804,#805,#806,#807,#808,#809,#810,#811,#812,#813,#814,#815,
    #816,#817,#818),.UNSPECIFIED.,.F.,.F.,(4,1,1,1,1,1,1,1,1,1,1,1,1,1,1
    ,1,1,1,1,4),(0.,0.187712297085,0.365277983834,0.532697060267,
    0.689969526408,0.837095382286,0.974074627934,1.100907263397,
    1.217593288729,1.324132703999,1.4205255093,1.506771704757,
    1.582871290544,1.648824266916,1.704630634267,1.750290393254,
    1.785803545098,1.811170092482,1.826390043458,1.831463454391),
  .UNSPECIFIED.);
#797 = CARTESIAN_POINT('',(-7.081251861457,-4.518392642811,0.));
#798 = CARTESIAN_POINT('',(-7.018819121579,-4.522540217061,0.));
#799 = CARTESIAN_POINT('',(-6.897161406411,-4.528339040643,0.));
#800 = CARTESIAN_POINT('',(-6.719560558537,-4.529912337285,0.));
#801 = CARTESIAN_POINT('',(-6.552173591284,-4.524920119805,0.));
#802 = CARTESIAN_POINT('',(-6.39523101996,-4.514151092616,0.));
#803 = CARTESIAN_POINT('',(-6.248913079531,-4.498406478211,0.));
#804 = CARTESIAN_POINT('',(-6.11335479065,-4.478490957135,0.));
#805 = CARTESIAN_POINT('',(-5.988644601681,-4.455211920441,0.));
#806 = CARTESIAN_POINT('',(-5.874824737731,-4.429376699363,0.));
#807 = CARTESIAN_POINT('',(-5.771891287935,-4.401790281042,0.));
#808 = CARTESIAN_POINT('',(-5.679794466516,-4.373252960333,0.));
#809 = CARTESIAN_POINT('',(-5.598439073483,-4.344557901298,0.));
#810 = CARTESIAN_POINT('',(-5.527684732285,-4.316489142686,0.));
#811 = CARTESIAN_POINT('',(-5.467347300522,-4.289818297752,0.));
#812 = CARTESIAN_POINT('',(-5.417197192718,-4.265305302752,0.));
#813 = CARTESIAN_POINT('',(-5.376967191589,-4.243687422647,0.));
#814 = CARTESIAN_POINT('',(-5.346334330763,-4.225700994618,0.));
#815 = CARTESIAN_POINT('',(-5.324969961212,-4.212017717431,0.));
#816 = CARTESIAN_POINT('',(-5.312432631092,-4.203378493311,0.));
#817 = CARTESIAN_POINT('',(-5.307020758081,-4.199320188676,0.));
#818 = CARTESIAN_POINT('',(-5.305678276514,-4.198291318116,0.));
#819 = ORIENTED_EDGE('',*,*,#820,.T.);
#820 = EDGE_CURVE('',#794,#821,#823,.T.);
#821 = VERTEX_POINT('',#822);
#822 = CARTESIAN_POINT('',(-4.469896371072,-3.536951573302,0.));
#823 = B_SPLINE_CURVE_WITH_KNOTS('',1,(#824,#825),.UNSPECIFIED.,.F.,.F.,
  (2,2),(0.,1.065786869659),.PIECEWISE_BEZIER_KNOTS.);
#824 = CARTESIAN_POINT('',(-5.305678276514,-4.198291318116,0.));
#825 = CARTESIAN_POINT('',(-4.469896371072,-3.536951573302,0.));
#826 = ORIENTED_EDGE('',*,*,#827,.T.);
#827 = EDGE_CURVE('',#821,#828,#830,.T.);
#828 = VERTEX_POINT('',#829);
#829 = CARTESIAN_POINT('',(-3.536951573302,-4.469896371072,0.));
#830 = B_SPLINE_CURVE_WITH_KNOTS('',1,(#831,#832),.UNSPECIFIED.,.F.,.F.,
  (2,2),(0.,1.319383185952),.PIECEWISE_BEZIER_KNOTS.);
#831 = CARTESIAN_POINT('',(-4.469896371072,-3.536951573302,0.));
#832 = CARTESIAN_POINT('',(-3.536951573302,-4.469896371072,0.));
#833 = ORIENTED_EDGE('',*,*,#834,.T.);
#834 = EDGE_CURVE('',#828,#835,#837,.T.);
#835 = VERTEX_POINT('',#836);
#836 = CARTESIAN_POINT('',(-4.198291318116,-5.305678276514,0.));
#837 = B_SPLINE_CURVE_WITH_KNOTS('',1,(#838,#839),.UNSPECIFIED.,.F.,.F.,
  (2,2),(0.,1.065786869659),.PIECEWISE_BEZIER_KNOTS.);
#838 = CARTESIAN_POINT('',(-3.536951573302,-4.469896371072,0.));
#839 = CARTESIAN_POINT('',(-4.198291318116,-5.305678276514,0.));
#840 = ORIENTED_EDGE('',*,*,#841,.T.);
#841 = EDGE_CURVE('',#835,#842,#844,.T.);
#842 = VERTEX_POINT('',#843);
#843 = CARTESIAN_POINT('',(-4.518392642811,-7.081251861457,0.));
#844 = B_SPLINE_CURVE_WITH_KNOTS('',3,(#845,#846,#847,#848,#849,#850,
    #851,#852,#853,#854,#855,#856,#857,#858,#859,#860,#861,#862,#863,
    #864,#865,#866),.UNSPECIFIED.,.F.,.F.,(4,1,1,1,1,1,1,1,1,1,1,1,1,1,1
    ,1,1,1,1,4),(0.,5.073410932506E-03,2.029336190878E-02,
    4.56599092927E-02,8.117306113635E-02,0.126832820124,0.182639187475,
    0.248592163847,0.324691749634,0.410937945091,0.507330750392,
    0.613870165662,0.730556190994,0.857388826457,0.994368072105,
    1.141493927982,1.298766394124,1.466185470557,1.643751157306,
    1.831463454391),.UNSPECIFIED.);
#845 = CARTESIAN_POINT('',(-4.198291318116,-5.305678276514,0.));
#846 = CARTESIAN_POINT('',(-4.199320188676,-5.307020758081,0.));
#847 = CARTESIAN_POINT('',(-4.203378493311,-5.312432631092,0.));
#848 = CARTESIAN_POINT('',(-4.212017717431,-5.324969961212,0.));
#849 = CARTESIAN_POINT('',(-4.225700994618,-5.346334330763,0.));
#850 = CARTESIAN_POINT('',(-4.243687422647,-5.376967191589,0.));
#851 = CARTESIAN_POINT('',(-4.265305302752,-5.417197192718,0.));
#852 = CARTESIAN_POINT('',(-4.289818297752,-5.467347300522,0.));
#853 = CARTESIAN_POINT('',(-4.316489142686,-5.527684732285,0.));
#854 = CARTESIAN_POINT('',(-4.344557901298,-5.598439073483,0.));
#855 = CARTESIAN_POINT('',(-4.373252960333,-5.679794466516,0.));
#856 = CARTESIAN_POINT('',(-4.401790281042,-5.771891287935,0.));
#857 = CARTESIAN_POINT('',(-4.429376699363,-5.874824737731,0.));
#858 = CARTESIAN_POINT('',(-4.455211920441,-5.988644601681,0.));
#859 = CARTESIAN_POINT('',(-4.478490957135,-6.11335479065,0.));
#860 = CARTESIAN_POINT('',(-4.498406478211,-6.248913079531,0.));
#861 = CARTESIAN_POINT('',(-4.514151092616,-6.39523101996,0.));
#862 = CARTESIAN_POINT('',(-4.524920119805,-6.552173591284,0.));
#863 = CARTESIAN_POINT('',(-4.529912337285,-6.719560558537,0.));
#864 = CARTESIAN_POINT('',(-4.528339040643,-6.897161406411,0.));
#865 = CARTESIAN_POINT('',(-4.522540217061,-7.018819121579,0.));
#866 = CARTESIAN_POINT('',(-4.518392642811,-7.081251861457,0.));
#867 = ORIENTED_EDGE('',*,*,#868,.T.);
#868 = EDGE_CURVE('',#842,#869,#871,.T.);
#869 = VERTEX_POINT('',#870);
#870 = CARTESIAN_POINT('',(-3.873347681212,-7.453668743676,0.));
#871 = B_SPLINE_CURVE_WITH_KNOTS('',1,(#872,#873),.UNSPECIFIED.,.F.,.F.,
  (2,2),(0.,0.744833764438),.PIECEWISE_BEZIER_KNOTS.);
#872 = CARTESIAN_POINT('',(-4.518392642811,-7.081251861457,0.));
#873 = CARTESIAN_POINT('',(-3.873347681212,-7.453668743676,0.));
#874 = ORIENTED_EDGE('',*,*,#875,.T.);
#875 = EDGE_CURVE('',#869,#876,#878,.T.);
#876 = VERTEX_POINT('',#877);
#877 = CARTESIAN_POINT('',(-2.495706512711,-6.288666072233,0.));
#878 = B_SPLINE_CURVE_WITH_KNOTS('',3,(#879,#880,#881,#882,#883,#884,
    #885,#886,#887,#888,#889,#890,#891,#892,#893,#894,#895,#896,#897,
    #898,#899,#900),.UNSPECIFIED.,.F.,.F.,(4,1,1,1,1,1,1,1,1,1,1,1,1,1,1
    ,1,1,1,1,4),(0.,0.187712297085,0.365277983834,0.532697060267,
    0.689969526408,0.837095382286,0.974074627934,1.100907263397,
    1.217593288729,1.324132703999,1.4205255093,1.506771704757,
    1.582871290544,1.648824266916,1.704630634267,1.750290393254,
    1.785803545098,1.811170092482,1.826390043458,1.831463454391),
  .UNSPECIFIED.);
#879 = CARTESIAN_POINT('',(-3.873347681212,-7.453668743676,0.));
#880 = CARTESIAN_POINT('',(-3.817205555325,-7.426044278402,0.));
#881 = CARTESIAN_POINT('',(-3.708947471632,-7.370237349351,0.));
#882 = CARTESIAN_POINT('',(-3.554353977319,-7.282799440274,0.));
#883 = CARTESIAN_POINT('',(-3.411888720155,-7.194782569488,0.));
#884 = CARTESIAN_POINT('',(-3.281356980048,-7.106985032707,0.));
#885 = CARTESIAN_POINT('',(-3.16251423381,-7.020190826444,0.));
#886 = CARTESIAN_POINT('',(-3.055075072483,-6.935164334822,0.));
#887 = CARTESIAN_POINT('',(-2.958712399072,-6.852649003186,0.));
#888 = CARTESIAN_POINT('',(-2.873059115975,-6.773365113445,0.));
#889 = CARTESIAN_POINT('',(-2.797709342713,-6.698007849482,0.));
#890 = CARTESIAN_POINT('',(-2.73221981611,-6.627245394082,0.));
#891 = CARTESIAN_POINT('',(-2.676111508526,-6.561717047478,0.));
#892 = CARTESIAN_POINT('',(-2.628870830927,-6.502031618868,0.));
#893 = CARTESIAN_POINT('',(-2.589952504688,-6.448765273733,0.));
#894 = CARTESIAN_POINT('',(-2.558777734828,-6.402461343439,0.));
#895 = CARTESIAN_POINT('',(-2.534746471908,-6.363624709527,0.));
#896 = CARTESIAN_POINT('',(-2.517210850257,-6.332731575518,0.));
#897 = CARTESIAN_POINT('',(-2.505550402083,-6.310199325092,0.));
#898 = CARTESIAN_POINT('',(-2.499012367764,-6.296448872474,0.));
#899 = CARTESIAN_POINT('',(-2.496354700572,-6.290228341059,0.));
#900 = CARTESIAN_POINT('',(-2.495706512711,-6.288666072233,0.));
#901 = ORIENTED_EDGE('',*,*,#902,.T.);
#902 = EDGE_CURVE('',#876,#903,#905,.T.);
#903 = VERTEX_POINT('',#904);
#904 = CARTESIAN_POINT('',(-2.102568022981,-5.29803809997,0.));
#905 = B_SPLINE_CURVE_WITH_KNOTS('',1,(#906,#907),.UNSPECIFIED.,.F.,.F.,
  (2,2),(0.,1.065786869659),.PIECEWISE_BEZIER_KNOTS.);
#906 = CARTESIAN_POINT('',(-2.495706512711,-6.288666072233,0.));
#907 = CARTESIAN_POINT('',(-2.102568022981,-5.29803809997,0.));
#908 = ORIENTED_EDGE('',*,*,#909,.T.);
#909 = EDGE_CURVE('',#903,#910,#912,.T.);
#910 = VERTEX_POINT('',#911);
#911 = CARTESIAN_POINT('',(-0.828141728899,-5.639519596283,0.));
#912 = B_SPLINE_CURVE_WITH_KNOTS('',1,(#913,#914),.UNSPECIFIED.,.F.,.F.,
  (2,2),(0.,1.319383185952),.PIECEWISE_BEZIER_KNOTS.);
#913 = CARTESIAN_POINT('',(-2.102568022981,-5.29803809997,0.));
#914 = CARTESIAN_POINT('',(-0.828141728899,-5.639519596283,0.));
#915 = ORIENTED_EDGE('',*,*,#916,.T.);
#916 = EDGE_CURVE('',#910,#917,#919,.T.);
#917 = VERTEX_POINT('',#918);
#918 = CARTESIAN_POINT('',(-0.982987795719,-6.693997830827,0.));
#919 = B_SPLINE_CURVE_WITH_KNOTS('',1,(#920,#921),.UNSPECIFIED.,.F.,.F.,
  (2,2),(0.,1.065786869659),.PIECEWISE_BEZIER_KNOTS.);
#920 = CARTESIAN_POINT('',(-0.828141728899,-5.639519596283,0.));
#921 = CARTESIAN_POINT('',(-0.982987795719,-6.693997830827,0.));
#922 = ORIENTED_EDGE('',*,*,#923,.T.);
#923 = EDGE_CURVE('',#917,#924,#926,.T.);
#924 = VERTEX_POINT('',#925);
#925 = CARTESIAN_POINT('',(-0.372416882219,-8.391740324023,0.));
#926 = B_SPLINE_CURVE_WITH_KNOTS('',3,(#927,#928,#929,#930,#931,#932,
    #933,#934,#935,#936,#937,#938,#939,#940,#941,#942,#943,#944,#945,
    #946,#947,#948),.UNSPECIFIED.,.F.,.F.,(4,1,1,1,1,1,1,1,1,1,1,1,1,1,1
    ,1,1,1,1,4),(0.,5.073410932506E-03,2.029336190878E-02,
    4.56599092927E-02,8.117306113635E-02,0.126832820124,0.182639187475,
    0.248592163847,0.324691749634,0.410937945091,0.507330750392,
    0.613870165662,0.730556190994,0.857388826457,0.994368072105,
    1.141493927982,1.298766394124,1.466185470557,1.643751157306,
    1.831463454391),.UNSPECIFIED.);
#927 = CARTESIAN_POINT('',(-0.982987795719,-6.693997830827,0.));
#928 = CARTESIAN_POINT('',(-0.983207582978,-6.695674889248,0.));
#929 = CARTESIAN_POINT('',(-0.984016241382,-6.702390861075,0.));
#930 = CARTESIAN_POINT('',(-0.98522936388,-6.717568119514,0.));
#931 = CARTESIAN_POINT('',(-0.986397244755,-6.742911844875,0.));
#932 = CARTESIAN_POINT('',(-0.986657517938,-6.778433894554,0.));
#933 = CARTESIAN_POINT('',(-0.985264150721,-6.82408303758,0.));
#934 = CARTESIAN_POINT('',(-0.981417973212,-6.87977080244,0.));
#935 = CARTESIAN_POINT('',(-0.974346886584,-6.945359973613,0.));
#936 = CARTESIAN_POINT('',(-0.963277973995,-7.020669409825,0.));
#937 = CARTESIAN_POINT('',(-0.947450927566,-7.105472776444,0.));
#938 = CARTESIAN_POINT('',(-0.926116561546,-7.199499623755,0.));
#939 = CARTESIAN_POINT('',(-0.898540375714,-7.302435815338,0.));
#940 = CARTESIAN_POINT('',(-0.864004401505,-7.413924319513,0.));
#941 = CARTESIAN_POINT('',(-0.821809544173,-7.533566029617,0.));
#942 = CARTESIAN_POINT('',(-0.771277746913,-7.66092071202,0.));
#943 = CARTESIAN_POINT('',(-0.711754012747,-7.795508072664,0.));
#944 = CARTESIAN_POINT('',(-0.642608978204,-7.936808839959,0.));
#945 = CARTESIAN_POINT('',(-0.563238881736,-8.084266314604,0.));
#946 = CARTESIAN_POINT('',(-0.47307594294,-8.237286512275,0.));
#947 = CARTESIAN_POINT('',(-0.407225156822,-8.339745772386,0.));
#948 = CARTESIAN_POINT('',(-0.372416882219,-8.391740324023,0.));
#949 = ORIENTED_EDGE('',*,*,#950,.T.);
#950 = EDGE_CURVE('',#924,#951,#953,.T.);
#951 = VERTEX_POINT('',#952);
#952 = CARTESIAN_POINT('',(0.372416882219,-8.391740324023,0.));
#953 = B_SPLINE_CURVE_WITH_KNOTS('',1,(#954,#955),.UNSPECIFIED.,.F.,.F.,
  (2,2),(0.,0.744833764438),.PIECEWISE_BEZIER_KNOTS.);
#954 = CARTESIAN_POINT('',(-0.372416882219,-8.391740324023,0.));
#955 = CARTESIAN_POINT('',(0.372416882219,-8.391740324023,0.));
#956 = ORIENTED_EDGE('',*,*,#957,.T.);
#957 = EDGE_CURVE('',#951,#958,#960,.T.);
#958 = VERTEX_POINT('',#959);
#959 = CARTESIAN_POINT('',(0.982987795719,-6.693997830827,0.));
#960 = B_SPLINE_CURVE_WITH_KNOTS('',3,(#961,#962,#963,#964,#965,#966,
    #967,#968,#969,#970,#971,#972,#973,#974,#975,#976,#977,#978,#979,
    #980,#981,#982),.UNSPECIFIED.,.F.,.F.,(4,1,1,1,1,1,1,1,1,1,1,1,1,1,1
    ,1,1,1,1,4),(0.,0.187712297085,0.365277983834,0.532697060267,
    0.689969526408,0.837095382286,0.974074627934,1.100907263397,
    1.217593288729,1.324132703999,1.4205255093,1.506771704757,
    1.582871290544,1.648824266916,1.704630634267,1.750290393254,
    1.785803545098,1.811170092482,1.826390043458,1.831463454391),
  .UNSPECIFIED.);
#961 = CARTESIAN_POINT('',(0.372416882219,-8.391740324023,0.));
#962 = CARTESIAN_POINT('',(0.407225156822,-8.339745772386,0.));
#963 = CARTESIAN_POINT('',(0.47307594294,-8.237286512275,0.));
#964 = CARTESIAN_POINT('',(0.563238881736,-8.084266314604,0.));
#965 = CARTESIAN_POINT('',(0.642608978204,-7.936808839959,0.));
#966 = CARTESIAN_POINT('',(0.711754012747,-7.795508072664,0.));
#967 = CARTESIAN_POINT('',(0.771277746913,-7.66092071202,0.));
#968 = CARTESIAN_POINT('',(0.821809544173,-7.533566029617,0.));
#969 = CARTESIAN_POINT('',(0.864004401505,-7.413924319513,0.));
#970 = CARTESIAN_POINT('',(0.898540375714,-7.302435815338,0.));
#971 = CARTESIAN_POINT('',(0.926116561546,-7.199499623755,0.));
#972 = CARTESIAN_POINT('',(0.947450927566,-7.105472776444,0.));
#973 = CARTESIAN_POINT('',(0.963277973995,-7.020669409825,0.));
#974 = CARTESIAN_POINT('',(0.974346886584,-6.945359973613,0.));
#975 = CARTESIAN_POINT('',(0.981417973212,-6.87977080244,0.));
#976 = CARTESIAN_POINT('',(0.985264150721,-6.82408303758,0.));
#977 = CARTESIAN_POINT('',(0.986657517938,-6.778433894555,0.));
#978 = CARTESIAN_POINT('',(0.986397244755,-6.742911844875,0.));
#979 = CARTESIAN_POINT('',(0.98522936388,-6.717568119514,0.));
#980 = CARTESIAN_POINT('',(0.984016241382,-6.702390861075,0.));
#981 = CARTESIAN_POINT('',(0.983207582978,-6.695674889248,0.));
#982 = CARTESIAN_POINT('',(0.982987795719,-6.693997830827,0.));
#983 = ORIENTED_EDGE('',*,*,#984,.T.);
#984 = EDGE_CURVE('',#958,#985,#987,.T.);
#985 = VERTEX_POINT('',#986);
#986 = CARTESIAN_POINT('',(0.828141728899,-5.639519596283,0.));
#987 = B_SPLINE_CURVE_WITH_KNOTS('',1,(#988,#989),.UNSPECIFIED.,.F.,.F.,
  (2,2),(0.,1.065786869659),.PIECEWISE_BEZIER_KNOTS.);
#988 = CARTESIAN_POINT('',(0.982987795719,-6.693997830827,0.));
#989 = CARTESIAN_POINT('',(0.828141728899,-5.639519596283,0.));
#990 = ORIENTED_EDGE('',*,*,#991,.T.);
#991 = EDGE_CURVE('',#985,#992,#994,.T.);
#992 = VERTEX_POINT('',#993);
#993 = CARTESIAN_POINT('',(2.102568022981,-5.29803809997,0.));
#994 = B_SPLINE_CURVE_WITH_KNOTS('',1,(#995,#996),.UNSPECIFIED.,.F.,.F.,
  (2,2),(0.,1.319383185952),.PIECEWISE_BEZIER_KNOTS.);
#995 = CARTESIAN_POINT('',(0.828141728899,-5.639519596283,0.));
#996 = CARTESIAN_POINT('',(2.102568022981,-5.29803809997,0.));
#997 = ORIENTED_EDGE('',*,*,#998,.T.);
#998 = EDGE_CURVE('',#992,#999,#1001,.T.);
#999 = VERTEX_POINT('',#1000);
#1000 = CARTESIAN_POINT('',(2.495706512711,-6.288666072233,0.));
#1001 = B_SPLINE_CURVE_WITH_KNOTS('',1,(#1002,#1003),.UNSPECIFIED.,.F.,
  .F.,(2,2),(0.,1.065786869659),.PIECEWISE_BEZIER_KNOTS.);
#1002 = CARTESIAN_POINT('',(2.102568022981,-5.29803809997,0.));
#1003 = CARTESIAN_POINT('',(2.495706512711,-6.288666072233,0.));
#1004 = ORIENTED_EDGE('',*,*,#1005,.T.);
#1005 = EDGE_CURVE('',#999,#1006,#1008,.T.);
#1006 = VERTEX_POINT('',#1007);
#1007 = CARTESIAN_POINT('',(3.873347681212,-7.453668743676,0.));
#1008 = B_SPLINE_CURVE_WITH_KNOTS('',3,(#1009,#1010,#1011,#1012,#1013,
    #1014,#1015,#1016,#1017,#1018,#1019,#1020,#1021,#1022,#1023,#1024,
    #1025,#1026,#1027,#1028,#1029,#1030),.UNSPECIFIED.,.F.,.F.,(4,1,1,1,
    1,1,1,1,1,1,1,1,1,1,1,1,1,1,1,4),(0.,5.073410932506E-03,
    2.029336190878E-02,4.56599092927E-02,8.117306113635E-02,
    0.126832820124,0.182639187475,0.248592163847,0.324691749634,
    0.410937945091,0.507330750392,0.613870165662,0.730556190994,
    0.857388826457,0.994368072105,1.141493927982,1.298766394124,
    1.466185470557,1.643751157306,1.831463454391),.UNSPECIFIED.);
#1009 = CARTESIAN_POINT('',(2.495706512711,-6.288666072233,0.));
#1010 = CARTESIAN_POINT('',(2.496354700572,-6.290228341059,0.));
#1011 = CARTESIAN_POINT('',(2.499012367764,-6.296448872474,0.));
#1012 = CARTESIAN_POINT('',(2.505550402083,-6.310199325092,0.));
#1013 = CARTESIAN_POINT('',(2.517210850257,-6.332731575518,0.));
#1014 = CARTESIAN_POINT('',(2.534746471908,-6.363624709527,0.));
#1015 = CARTESIAN_POINT('',(2.558777734828,-6.402461343439,0.));
#1016 = CARTESIAN_POINT('',(2.589952504688,-6.448765273733,0.));
#1017 = CARTESIAN_POINT('',(2.628870830927,-6.502031618868,0.));
#1018 = CARTESIAN_POINT('',(2.676111508526,-6.561717047478,0.));
#1019 = CARTESIAN_POINT('',(2.73221981611,-6.627245394082,0.));
#1020 = CARTESIAN_POINT('',(2.797709342713,-6.698007849482,0.));
#1021 = CARTESIAN_POINT('',(2.873059115975,-6.773365113445,0.));
#1022 = CARTESIAN_POINT('',(2.958712399072,-6.852649003186,0.));
#1023 = CARTESIAN_POINT('',(3.055075072483,-6.935164334822,0.));
#1024 = CARTESIAN_POINT('',(3.16251423381,-7.020190826444,0.));
#1025 = CARTESIAN_POINT('',(3.281356980048,-7.106985032707,0.));
#1026 = CARTESIAN_POINT('',(3.411888720155,-7.194782569488,0.));
#1027 = CARTESIAN_POINT('',(3.554353977319,-7.282799440274,0.));
#1028 = CARTESIAN_POINT('',(3.708947471632,-7.370237349351,0.));
#1029 = CARTESIAN_POINT('',(3.817205555325,-7.426044278402,0.));
#1030 = CARTESIAN_POINT('',(3.873347681212,-7.453668743676,0.));
#1031 = ORIENTED_EDGE('',*,*,#1032,.T.);
#1032 = EDGE_CURVE('',#1006,#1033,#1035,.T.);
#1033 = VERTEX_POINT('',#1034);
#1034 = CARTESIAN_POINT('',(4.518392642811,-7.081251861457,0.));
#1035 = B_SPLINE_CURVE_WITH_KNOTS('',1,(#1036,#1037),.UNSPECIFIED.,.F.,
  .F.,(2,2),(0.,0.744833764438),.PIECEWISE_BEZIER_KNOTS.);
#1036 = CARTESIAN_POINT('',(3.873347681212,-7.453668743676,0.));
#1037 = CARTESIAN_POINT('',(4.518392642811,-7.081251861457,0.));
#1038 = ORIENTED_EDGE('',*,*,#1039,.T.);
#1039 = EDGE_CURVE('',#1033,#1040,#1042,.T.);
#1040 = VERTEX_POINT('',#1041);
#1041 = CARTESIAN_POINT('',(4.198291318116,-5.305678276514,0.));
#1042 = B_SPLINE_CURVE_WITH_KNOTS('',3,(#1043,#1044,#1045,#1046,#1047,
    #1048,#1049,#1050,#1051,#1052,#1053,#1054,#1055,#1056,#1057,#1058,
    #1059,#1060,#1061,#1062,#1063,#1064),.UNSPECIFIED.,.F.,.F.,(4,1,1,1,
    1,1,1,1,1,1,1,1,1,1,1,1,1,1,1,4),(0.,0.187712297085,0.365277983834,
    0.532697060267,0.689969526408,0.837095382286,0.974074627934,
    1.100907263397,1.217593288729,1.324132703999,1.4205255093,
    1.506771704757,1.582871290544,1.648824266916,1.704630634267,
    1.750290393254,1.785803545098,1.811170092482,1.826390043458,
    1.831463454391),.UNSPECIFIED.);
#1043 = CARTESIAN_POINT('',(4.518392642811,-7.081251861457,0.));
#1044 = CARTESIAN_POINT('',(4.522540217061,-7.018819121579,0.));
#1045 = CARTESIAN_POINT('',(4.528339040643,-6.897161406411,0.));
#1046 = CARTESIAN_POINT('',(4.529912337285,-6.719560558537,0.));
#1047 = CARTESIAN_POINT('',(4.524920119805,-6.552173591284,0.));
#1048 = CARTESIAN_POINT('',(4.514151092616,-6.39523101996,0.));
#1049 = CARTESIAN_POINT('',(4.498406478211,-6.248913079531,0.));
#1050 = CARTESIAN_POINT('',(4.478490957135,-6.11335479065,0.));
#1051 = CARTESIAN_POINT('',(4.455211920441,-5.988644601681,0.));
#1052 = CARTESIAN_POINT('',(4.429376699363,-5.874824737731,0.));
#1053 = CARTESIAN_POINT('',(4.401790281042,-5.771891287935,0.));
#1054 = CARTESIAN_POINT('',(4.373252960333,-5.679794466516,0.));
#1055 = CARTESIAN_POINT('',(4.344557901298,-5.598439073483,0.));
#1056 = CARTESIAN_POINT('',(4.316489142686,-5.527684732285,0.));
#1057 = CARTESIAN_POINT('',(4.289818297752,-5.467347300522,0.));
#1058 = CARTESIAN_POINT('',(4.265305302752,-5.417197192718,0.));
#1059 = CARTESIAN_POINT('',(4.243687422647,-5.376967191589,0.));
#1060 = CARTESIAN_POINT('',(4.225700994618,-5.346334330763,0.));
#1061 = CARTESIAN_POINT('',(4.212017717431,-5.324969961212,0.));
#1062 = CARTESIAN_POINT('',(4.203378493311,-5.312432631092,0.));
#1063 = CARTESIAN_POINT('',(4.199320188676,-5.307020758081,0.));
#1064 = CARTESIAN_POINT('',(4.198291318116,-5.305678276514,0.));
#1065 = ORIENTED_EDGE('',*,*,#1066,.T.);
#1066 = EDGE_CURVE('',#1040,#1067,#1069,.T.);
#1067 = VERTEX_POINT('',#1068);
#1068 = CARTESIAN_POINT('',(3.536951573302,-4.469896371072,0.));
#1069 = B_SPLINE_CURVE_WITH_KNOTS('',1,(#1070,#1071),.UNSPECIFIED.,.F.,
  .F.,(2,2),(0.,1.065786869659),.PIECEWISE_BEZIER_KNOTS.);
#1070 = CARTESIAN_POINT('',(4.198291318116,-5.305678276514,0.));
#1071 = CARTESIAN_POINT('',(3.536951573302,-4.469896371072,0.));
#1072 = ORIENTED_EDGE('',*,*,#1073,.T.);
#1073 = EDGE_CURVE('',#1067,#1074,#1076,.T.);
#1074 = VERTEX_POINT('',#1075);
#1075 = CARTESIAN_POINT('',(4.469896371072,-3.536951573302,0.));
#1076 = B_SPLINE_CURVE_WITH_KNOTS('',1,(#1077,#1078),.UNSPECIFIED.,.F.,
  .F.,(2,2),(0.,1.319383185952),.PIECEWISE_BEZIER_KNOTS.);
#1077 = CARTESIAN_POINT('',(3.536951573302,-4.469896371072,0.));
#1078 = CARTESIAN_POINT('',(4.469896371072,-3.536951573302,0.));
#1079 = ORIENTED_EDGE('',*,*,#1080,.T.);
#1080 = EDGE_CURVE('',#1074,#1081,#1083,.T.);
#1081 = VERTEX_POINT('',#1082);
#1082 = CARTESIAN_POINT('',(5.305678276514,-4.198291318116,0.));
#1083 = B_SPLINE_CURVE_WITH_KNOTS('',1,(#1084,#1085),.UNSPECIFIED.,.F.,
  .F.,(2,2),(0.,1.065786869659),.PIECEWISE_BEZIER_KNOTS.);
#1084 = CARTESIAN_POINT('',(4.469896371072,-3.536951573302,0.));
#1085 = CARTESIAN_POINT('',(5.305678276514,-4.198291318116,0.));
#1086 = ORIENTED_EDGE('',*,*,#1087,.T.);
#1087 = EDGE_CURVE('',#1081,#1088,#1090,.T.);
#1088 = VERTEX_POINT('',#1089);
#1089 = CARTESIAN_POINT('',(7.081251861457,-4.518392642811,0.));
#1090 = B_SPLINE_CURVE_WITH_KNOTS('',3,(#1091,#1092,#1093,#1094,#1095,
    #1096,#1097,#1098,#1099,#1100,#1101,#1102,#1103,#1104,#1105,#1106,
    #1107,#1108,#1109,#1110,#1111,#1112),.UNSPECIFIED.,.F.,.F.,(4,1,1,1,
    1,1,1,1,1,1,1,1,1,1,1,1,1,1,1,4),(0.,5.073410932506E-03,
    2.029336190878E-02,4.56599092927E-02,8.117306113635E-02,
    0.126832820124,0.182639187475,0.248592163847,0.324691749634,
    0.410937945091,0.507330750392,0.613870165662,0.730556190994,
    0.857388826457,0.994368072105,1.141493927982,1.298766394124,
    1.466185470557,1.643751157306,1.831463454391),.UNSPECIFIED.);
#1091 = CARTESIAN_POINT('',(5.305678276514,-4.198291318116,0.));
#1092 = CARTESIAN_POINT('',(5.307020758081,-4.199320188677,0.));
#1093 = CARTESIAN_POINT('',(5.312432631092,-4.203378493311,0.));
#1094 = CARTESIAN_POINT('',(5.324969961212,-4.212017717431,0.));
#1095 = CARTESIAN_POINT('',(5.346334330763,-4.225700994618,0.));
#1096 = CARTESIAN_POINT('',(5.376967191589,-4.243687422647,0.));
#1097 = CARTESIAN_POINT('',(5.417197192718,-4.265305302752,0.));
#1098 = CARTESIAN_POINT('',(5.467347300522,-4.289818297752,0.));
#1099 = CARTESIAN_POINT('',(5.527684732285,-4.316489142686,0.));
#1100 = CARTESIAN_POINT('',(5.598439073483,-4.344557901298,0.));
#1101 = CARTESIAN_POINT('',(5.679794466516,-4.373252960333,0.));
#1102 = CARTESIAN_POINT('',(5.771891287935,-4.401790281042,0.));
#1103 = CARTESIAN_POINT('',(5.874824737731,-4.429376699363,0.));
#1104 = CARTESIAN_POINT('',(5.988644601681,-4.455211920441,0.));
#1105 = CARTESIAN_POINT('',(6.11335479065,-4.478490957135,0.));
#1106 = CARTESIAN_POINT('',(6.248913079531,-4.498406478211,0.));
#1107 = CARTESIAN_POINT('',(6.39523101996,-4.514151092616,0.));
#1108 = CARTESIAN_POINT('',(6.552173591284,-4.524920119805,0.));
#1109 = CARTESIAN_POINT('',(6.719560558537,-4.529912337285,0.));
#1110 = CARTESIAN_POINT('',(6.897161406411,-4.528339040643,0.));
#1111 = CARTESIAN_POINT('',(7.018819121579,-4.522540217061,0.));
#1112 = CARTESIAN_POINT('',(7.081251861457,-4.518392642811,0.));
#1113 = ORIENTED_EDGE('',*,*,#1114,.T.);
#1114 = EDGE_CURVE('',#1088,#1115,#1117,.T.);
#1115 = VERTEX_POINT('',#1116);
#1116 = CARTESIAN_POINT('',(7.453668743676,-3.873347681212,0.));
#1117 = B_SPLINE_CURVE_WITH_KNOTS('',1,(#1118,#1119),.UNSPECIFIED.,.F.,
  .F.,(2,2),(0.,0.744833764438),.PIECEWISE_BEZIER_KNOTS.);
#1118 = CARTESIAN_POINT('',(7.081251861457,-4.518392642811,0.));
#1119 = CARTESIAN_POINT('',(7.453668743676,-3.873347681212,0.));
#1120 = ORIENTED_EDGE('',*,*,#1121,.T.);
#1121 = EDGE_CURVE('',#1115,#1122,#1124,.T.);
#1122 = VERTEX_POINT('',#1123);
#1123 = CARTESIAN_POINT('',(6.288666072233,-2.495706512711,0.));
#1124 = B_SPLINE_CURVE_WITH_KNOTS('',3,(#1125,#1126,#1127,#1128,#1129,
    #1130,#1131,#1132,#1133,#1134,#1135,#1136,#1137,#1138,#1139,#1140,
    #1141,#1142,#1143,#1144,#1145,#1146),.UNSPECIFIED.,.F.,.F.,(4,1,1,1,
    1,1,1,1,1,1,1,1,1,1,1,1,1,1,1,4),(0.,0.187712297085,0.365277983834,
    0.532697060267,0.689969526408,0.837095382286,0.974074627934,
    1.100907263397,1.217593288729,1.324132703999,1.4205255093,
    1.506771704757,1.582871290544,1.648824266916,1.704630634267,
    1.750290393254,1.785803545098,1.811170092482,1.826390043458,
    1.831463454391),.UNSPECIFIED.);
#1125 = CARTESIAN_POINT('',(7.453668743676,-3.873347681212,0.));
#1126 = CARTESIAN_POINT('',(7.426044278402,-3.817205555325,0.));
#1127 = CARTESIAN_POINT('',(7.370237349351,-3.708947471632,0.));
#1128 = CARTESIAN_POINT('',(7.282799440274,-3.554353977319,0.));
#1129 = CARTESIAN_POINT('',(7.194782569488,-3.411888720155,0.));
#1130 = CARTESIAN_POINT('',(7.106985032707,-3.281356980048,0.));
#1131 = CARTESIAN_POINT('',(7.020190826444,-3.16251423381,0.));
#1132 = CARTESIAN_POINT('',(6.935164334822,-3.055075072483,0.));
#1133 = CARTESIAN_POINT('',(6.852649003186,-2.958712399072,0.));
#1134 = CARTESIAN_POINT('',(6.773365113445,-2.873059115975,0.));
#1135 = CARTESIAN_POINT('',(6.698007849482,-2.797709342713,0.));
#1136 = CARTESIAN_POINT('',(6.627245394082,-2.73221981611,0.));
#1137 = CARTESIAN_POINT('',(6.561717047478,-2.676111508526,0.));
#1138 = CARTESIAN_POINT('',(6.502031618868,-2.628870830927,0.));
#1139 = CARTESIAN_POINT('',(6.448765273733,-2.589952504688,0.));
#1140 = CARTESIAN_POINT('',(6.402461343439,-2.558777734828,0.));
#1141 = CARTESIAN_POINT('',(6.363624709527,-2.534746471908,0.));
#1142 = CARTESIAN_POINT('',(6.332731575518,-2.517210850257,0.));
#1143 = CARTESIAN_POINT('',(6.310199325092,-2.505550402083,0.));
#1144 = CARTESIAN_POINT('',(6.296448872474,-2.499012367764,0.));
#1145 = CARTESIAN_POINT('',(6.290228341059,-2.496354700572,0.));
#1146 = CARTESIAN_POINT('',(6.288666072233,-2.495706512711,0.));
#1147 = ORIENTED_EDGE('',*,*,#1148,.T.);
#1148 = EDGE_CURVE('',#1122,#1149,#1151,.T.);
#1149 = VERTEX_POINT('',#1150);
#1150 = CARTESIAN_POINT('',(5.29803809997,-2.102568022981,0.));
#1151 = B_SPLINE_CURVE_WITH_KNOTS('',1,(#1152,#1153),.UNSPECIFIED.,.F.,
  .F.,(2,2),(0.,1.065786869659),.PIECEWISE_BEZIER_KNOTS.);
#1152 = CARTESIAN_POINT('',(6.288666072233,-2.495706512711,0.));
#1153 = CARTESIAN_POINT('',(5.29803809997,-2.102568022981,0.));
#1154 = ORIENTED_EDGE('',*,*,#1155,.T.);
#1155 = EDGE_CURVE('',#1149,#1156,#1158,.T.);
#1156 = VERTEX_POINT('',#1157);
#1157 = CARTESIAN_POINT('',(5.639519596283,-0.828141728899,0.));
#1158 = B_SPLINE_CURVE_WITH_KNOTS('',1,(#1159,#1160),.UNSPECIFIED.,.F.,
  .F.,(2,2),(0.,1.319383185952),.PIECEWISE_BEZIER_KNOTS.);
#1159 = CARTESIAN_POINT('',(5.29803809997,-2.102568022981,0.));
#1160 = CARTESIAN_POINT('',(5.639519596283,-0.828141728899,0.));
#1161 = ORIENTED_EDGE('',*,*,#1162,.T.);
#1162 = EDGE_CURVE('',#1156,#62,#1163,.T.);
#1163 = B_SPLINE_CURVE_WITH_KNOTS('',1,(#1164,#1165),.UNSPECIFIED.,.F.,
  .F.,(2,2),(0.,1.065786869659),.PIECEWISE_BEZIER_KNOTS.);
#1164 = CARTESIAN_POINT('',(5.639519596283,-0.828141728899,0.));
#1165 = CARTESIAN_POINT('',(6.693997830827,-0.982987795719,0.));
#1166 = ORIENTED_EDGE('',*,*,#97,.T.);
#1167 = FACE_BOUND('',#1168,.F.);
#1168 = EDGE_LOOP('',(#1169));
#1169 = ORIENTED_EDGE('',*,*,#1170,.T.);
#1170 = EDGE_CURVE('',#1171,#1171,#1173,.T.);
#1171 = VERTEX_POINT('',#1172);
#1172 = CARTESIAN_POINT('',(1.5,0.,0.));
#1173 = CIRCLE('',#1174,1.5);
#1174 = AXIS2_PLACEMENT_3D('',#1175,#1176,#1177);
#1175 = CARTESIAN_POINT('',(0.,0.,0.));
#1176 = DIRECTION('',(0.,0.,-1.));
#1177 = DIRECTION('',(1.,0.,0.));
#1178 = PLANE('',#1179);
#1179 = AXIS2_PLACEMENT_3D('',#1180,#1181,#1182);
#1180 = CARTESIAN_POINT('',(1.318512022071E-16,2.814125519428E-15,0.));
#1181 = DIRECTION('',(0.,0.,1.));
#1182 = DIRECTION('',(1.,0.,0.));
#1183 = ADVANCED_FACE('',(#1184,#2113),#2132,.T.);
#1184 = FACE_BOUND('',#1185,.T.);
#1185 = EDGE_LOOP('',(#1186,#1187,#1188,#1196,#1204,#1212,#1239,#1246,
    #1273,#1280,#1287,#1294,#1321,#1328,#1355,#1362,#1369,#1376,#1403,
    #1410,#1437,#1444,#1451,#1458,#1485,#1492,#1519,#1526,#1533,#1540,
    #1567,#1574,#1601,#1608,#1615,#1622,#1649,#1656,#1683,#1690,#1697,
    #1704,#1731,#1738,#1765,#1772,#1779,#1786,#1813,#1820,#1847,#1854,
    #1861,#1868,#1895,#1902,#1929,#1936,#1943,#1950,#1977,#1984,#2011,
    #2018,#2025,#2032,#2059,#2066,#2093,#2100,#2107,#2112));
#1186 = ORIENTED_EDGE('',*,*,#31,.T.);
#1187 = ORIENTED_EDGE('',*,*,#152,.T.);
#1188 = ORIENTED_EDGE('',*,*,#1189,.T.);
#1189 = EDGE_CURVE('',#153,#1190,#1192,.T.);
#1190 = VERTEX_POINT('',#1191);
#1191 = CARTESIAN_POINT('',(5.639519596283,0.828141728899,20.6));
#1192 = LINE('',#1193,#1194);
#1193 = CARTESIAN_POINT('',(6.693997830827,0.982987795719,20.6));
#1194 = VECTOR('',#1195,1.);
#1195 = DIRECTION('',(-0.989389402857,-0.145288022614,0.));
#1196 = ORIENTED_EDGE('',*,*,#1197,.T.);
#1197 = EDGE_CURVE('',#1190,#1198,#1200,.T.);
#1198 = VERTEX_POINT('',#1199);
#1199 = CARTESIAN_POINT('',(5.29803809997,2.102568022981,20.6));
#1200 = LINE('',#1201,#1202);
#1201 = CARTESIAN_POINT('',(5.639519596283,0.828141728899,20.6));
#1202 = VECTOR('',#1203,1.);
#1203 = DIRECTION('',(-0.258819045103,0.965925826289,0.));
#1204 = ORIENTED_EDGE('',*,*,#1205,.T.);
#1205 = EDGE_CURVE('',#1198,#1206,#1208,.T.);
#1206 = VERTEX_POINT('',#1207);
#1207 = CARTESIAN_POINT('',(6.288666072233,2.495706512711,20.6));
#1208 = LINE('',#1209,#1210);
#1209 = CARTESIAN_POINT('',(5.29803809997,2.102568022981,20.6));
#1210 = VECTOR('',#1211,1.);
#1211 = DIRECTION('',(0.929480368416,0.368871582979,0.));
#1212 = ORIENTED_EDGE('',*,*,#1213,.T.);
#1213 = EDGE_CURVE('',#1206,#1214,#1216,.T.);
#1214 = VERTEX_POINT('',#1215);
#1215 = CARTESIAN_POINT('',(7.453668743676,3.873347681212,20.6));
#1216 = B_SPLINE_CURVE_WITH_KNOTS('',3,(#1217,#1218,#1219,#1220,#1221,
    #1222,#1223,#1224,#1225,#1226,#1227,#1228,#1229,#1230,#1231,#1232,
    #1233,#1234,#1235,#1236,#1237,#1238),.UNSPECIFIED.,.F.,.F.,(4,1,1,1,
    1,1,1,1,1,1,1,1,1,1,1,1,1,1,1,4),(0.,5.073410932506E-03,
    2.029336190878E-02,4.56599092927E-02,8.117306113635E-02,
    0.126832820124,0.182639187475,0.248592163847,0.324691749634,
    0.410937945091,0.507330750392,0.613870165662,0.730556190994,
    0.857388826457,0.994368072105,1.141493927982,1.298766394124,
    1.466185470557,1.643751157306,1.831463454391),.UNSPECIFIED.);
#1217 = CARTESIAN_POINT('',(6.288666072233,2.495706512711,20.6));
#1218 = CARTESIAN_POINT('',(6.290228341059,2.496354700572,20.6));
#1219 = CARTESIAN_POINT('',(6.296448872474,2.499012367764,20.6));
#1220 = CARTESIAN_POINT('',(6.310199325092,2.505550402083,20.6));
#1221 = CARTESIAN_POINT('',(6.332731575518,2.517210850257,20.6));
#1222 = CARTESIAN_POINT('',(6.363624709527,2.534746471908,20.6));
#1223 = CARTESIAN_POINT('',(6.402461343439,2.558777734828,20.6));
#1224 = CARTESIAN_POINT('',(6.448765273733,2.589952504688,20.6));
#1225 = CARTESIAN_POINT('',(6.502031618868,2.628870830927,20.6));
#1226 = CARTESIAN_POINT('',(6.561717047478,2.676111508526,20.6));
#1227 = CARTESIAN_POINT('',(6.627245394082,2.73221981611,20.6));
#1228 = CARTESIAN_POINT('',(6.698007849482,2.797709342713,20.6));
#1229 = CARTESIAN_POINT('',(6.773365113445,2.873059115975,20.6));
#1230 = CARTESIAN_POINT('',(6.852649003186,2.958712399072,20.6));
#1231 = CARTESIAN_POINT('',(6.935164334822,3.055075072483,20.6));
#1232 = CARTESIAN_POINT('',(7.020190826444,3.16251423381,20.6));
#1233 = CARTESIAN_POINT('',(7.106985032707,3.281356980048,20.6));
#1234 = CARTESIAN_POINT('',(7.194782569488,3.411888720155,20.6));
#1235 = CARTESIAN_POINT('',(7.282799440274,3.554353977319,20.6));
#1236 = CARTESIAN_POINT('',(7.370237349351,3.708947471632,20.6));
#1237 = CARTESIAN_POINT('',(7.426044278402,3.817205555325,20.6));
#1238 = CARTESIAN_POINT('',(7.453668743676,3.873347681212,20.6));
#1239 = ORIENTED_EDGE('',*,*,#1240,.T.);
#1240 = EDGE_CURVE('',#1214,#1241,#1243,.T.);
#1241 = VERTEX_POINT('',#1242);
#1242 = CARTESIAN_POINT('',(7.081251861457,4.518392642811,20.6));
#1243 = B_SPLINE_CURVE_WITH_KNOTS('',1,(#1244,#1245),.UNSPECIFIED.,.F.,
  .F.,(2,2),(0.,0.744833764438),.PIECEWISE_BEZIER_KNOTS.);
#1244 = CARTESIAN_POINT('',(7.453668743676,3.873347681212,20.6));
#1245 = CARTESIAN_POINT('',(7.081251861457,4.518392642811,20.6));
#1246 = ORIENTED_EDGE('',*,*,#1247,.T.);
#1247 = EDGE_CURVE('',#1241,#1248,#1250,.T.);
#1248 = VERTEX_POINT('',#1249);
#1249 = CARTESIAN_POINT('',(5.305678276514,4.198291318116,20.6));
#1250 = B_SPLINE_CURVE_WITH_KNOTS('',3,(#1251,#1252,#1253,#1254,#1255,
    #1256,#1257,#1258,#1259,#1260,#1261,#1262,#1263,#1264,#1265,#1266,
    #1267,#1268,#1269,#1270,#1271,#1272),.UNSPECIFIED.,.F.,.F.,(4,1,1,1,
    1,1,1,1,1,1,1,1,1,1,1,1,1,1,1,4),(0.,0.187712297085,0.365277983834,
    0.532697060267,0.689969526408,0.837095382286,0.974074627934,
    1.100907263397,1.217593288729,1.324132703999,1.4205255093,
    1.506771704757,1.582871290544,1.648824266916,1.704630634267,
    1.750290393254,1.785803545098,1.811170092482,1.826390043458,
    1.831463454391),.UNSPECIFIED.);
#1251 = CARTESIAN_POINT('',(7.081251861457,4.518392642811,20.6));
#1252 = CARTESIAN_POINT('',(7.018819121579,4.522540217061,20.6));
#1253 = CARTESIAN_POINT('',(6.897161406411,4.528339040643,20.6));
#1254 = CARTESIAN_POINT('',(6.719560558537,4.529912337285,20.6));
#1255 = CARTESIAN_POINT('',(6.552173591284,4.524920119805,20.6));
#1256 = CARTESIAN_POINT('',(6.39523101996,4.514151092616,20.6));
#1257 = CARTESIAN_POINT('',(6.248913079531,4.498406478211,20.6));
#1258 = CARTESIAN_POINT('',(6.11335479065,4.478490957135,20.6));
#1259 = CARTESIAN_POINT('',(5.988644601681,4.455211920441,20.6));
#1260 = CARTESIAN_POINT('',(5.874824737731,4.429376699363,20.6));
#1261 = CARTESIAN_POINT('',(5.771891287935,4.401790281042,20.6));
#1262 = CARTESIAN_POINT('',(5.679794466516,4.373252960333,20.6));
#1263 = CARTESIAN_POINT('',(5.598439073483,4.344557901298,20.6));
#1264 = CARTESIAN_POINT('',(5.527684732285,4.316489142686,20.6));
#1265 = CARTESIAN_POINT('',(5.467347300522,4.289818297752,20.6));
#1266 = CARTESIAN_POINT('',(5.417197192718,4.265305302752,20.6));
#1267 = CARTESIAN_POINT('',(5.376967191589,4.243687422647,20.6));
#1268 = CARTESIAN_POINT('',(5.346334330763,4.225700994618,20.6));
#1269 = CARTESIAN_POINT('',(5.324969961212,4.212017717431,20.6));
#1270 = CARTESIAN_POINT('',(5.312432631092,4.203378493311,20.6));
#1271 = CARTESIAN_POINT('',(5.307020758081,4.199320188676,20.6));
#1272 = CARTESIAN_POINT('',(5.305678276514,4.198291318116,20.6));
#1273 = ORIENTED_EDGE('',*,*,#1274,.T.);
#1274 = EDGE_CURVE('',#1248,#1275,#1277,.T.);
#1275 = VERTEX_POINT('',#1276);
#1276 = CARTESIAN_POINT('',(4.469896371072,3.536951573302,20.6));
#1277 = B_SPLINE_CURVE_WITH_KNOTS('',1,(#1278,#1279),.UNSPECIFIED.,.F.,
  .F.,(2,2),(0.,1.065786869659),.PIECEWISE_BEZIER_KNOTS.);
#1278 = CARTESIAN_POINT('',(5.305678276514,4.198291318116,20.6));
#1279 = CARTESIAN_POINT('',(4.469896371072,3.536951573302,20.6));
#1280 = ORIENTED_EDGE('',*,*,#1281,.T.);
#1281 = EDGE_CURVE('',#1275,#1282,#1284,.T.);
#1282 = VERTEX_POINT('',#1283);
#1283 = CARTESIAN_POINT('',(3.536951573302,4.469896371072,20.6));
#1284 = B_SPLINE_CURVE_WITH_KNOTS('',1,(#1285,#1286),.UNSPECIFIED.,.F.,
  .F.,(2,2),(0.,1.319383185952),.PIECEWISE_BEZIER_KNOTS.);
#1285 = CARTESIAN_POINT('',(4.469896371072,3.536951573302,20.6));
#1286 = CARTESIAN_POINT('',(3.536951573302,4.469896371072,20.6));
#1287 = ORIENTED_EDGE('',*,*,#1288,.T.);
#1288 = EDGE_CURVE('',#1282,#1289,#1291,.T.);
#1289 = VERTEX_POINT('',#1290);
#1290 = CARTESIAN_POINT('',(4.198291318116,5.305678276514,20.6));
#1291 = B_SPLINE_CURVE_WITH_KNOTS('',1,(#1292,#1293),.UNSPECIFIED.,.F.,
  .F.,(2,2),(0.,1.065786869659),.PIECEWISE_BEZIER_KNOTS.);
#1292 = CARTESIAN_POINT('',(3.536951573302,4.469896371072,20.6));
#1293 = CARTESIAN_POINT('',(4.198291318116,5.305678276514,20.6));
#1294 = ORIENTED_EDGE('',*,*,#1295,.T.);
#1295 = EDGE_CURVE('',#1289,#1296,#1298,.T.);
#1296 = VERTEX_POINT('',#1297);
#1297 = CARTESIAN_POINT('',(4.518392642811,7.081251861457,20.6));
#1298 = B_SPLINE_CURVE_WITH_KNOTS('',3,(#1299,#1300,#1301,#1302,#1303,
    #1304,#1305,#1306,#1307,#1308,#1309,#1310,#1311,#1312,#1313,#1314,
    #1315,#1316,#1317,#1318,#1319,#1320),.UNSPECIFIED.,.F.,.F.,(4,1,1,1,
    1,1,1,1,1,1,1,1,1,1,1,1,1,1,1,4),(0.,5.073410932506E-03,
    2.029336190878E-02,4.56599092927E-02,8.117306113635E-02,
    0.126832820124,0.182639187475,0.248592163847,0.324691749634,
    0.410937945091,0.507330750392,0.613870165662,0.730556190994,
    0.857388826457,0.994368072105,1.141493927982,1.298766394124,
    1.466185470557,1.643751157306,1.831463454391),.UNSPECIFIED.);
#1299 = CARTESIAN_POINT('',(4.198291318116,5.305678276514,20.6));
#1300 = CARTESIAN_POINT('',(4.199320188676,5.307020758081,20.6));
#1301 = CARTESIAN_POINT('',(4.203378493311,5.312432631092,20.6));
#1302 = CARTESIAN_POINT('',(4.212017717431,5.324969961212,20.6));
#1303 = CARTESIAN_POINT('',(4.225700994618,5.346334330763,20.6));
#1304 = CARTESIAN_POINT('',(4.243687422647,5.376967191589,20.6));
#1305 = CARTESIAN_POINT('',(4.265305302752,5.417197192718,20.6));
#1306 = CARTESIAN_POINT('',(4.289818297752,5.467347300522,20.6));
#1307 = CARTESIAN_POINT('',(4.316489142686,5.527684732285,20.6));
#1308 = CARTESIAN_POINT('',(4.344557901298,5.598439073483,20.6));
#1309 = CARTESIAN_POINT('',(4.373252960333,5.679794466516,20.6));
#1310 = CARTESIAN_POINT('',(4.401790281042,5.771891287935,20.6));
#1311 = CARTESIAN_POINT('',(4.429376699363,5.874824737731,20.6));
#1312 = CARTESIAN_POINT('',(4.455211920441,5.988644601681,20.6));
#1313 = CARTESIAN_POINT('',(4.478490957135,6.11335479065,20.6));
#1314 = CARTESIAN_POINT('',(4.498406478211,6.248913079531,20.6));
#1315 = CARTESIAN_POINT('',(4.514151092616,6.39523101996,20.6));
#1316 = CARTESIAN_POINT('',(4.524920119805,6.552173591284,20.6));
#1317 = CARTESIAN_POINT('',(4.529912337285,6.719560558537,20.6));
#1318 = CARTESIAN_POINT('',(4.528339040643,6.897161406411,20.6));
#1319 = CARTESIAN_POINT('',(4.522540217061,7.018819121579,20.6));
#1320 = CARTESIAN_POINT('',(4.518392642811,7.081251861457,20.6));
#1321 = ORIENTED_EDGE('',*,*,#1322,.T.);
#1322 = EDGE_CURVE('',#1296,#1323,#1325,.T.);
#1323 = VERTEX_POINT('',#1324);
#1324 = CARTESIAN_POINT('',(3.873347681212,7.453668743676,20.6));
#1325 = B_SPLINE_CURVE_WITH_KNOTS('',1,(#1326,#1327),.UNSPECIFIED.,.F.,
  .F.,(2,2),(0.,0.744833764438),.PIECEWISE_BEZIER_KNOTS.);
#1326 = CARTESIAN_POINT('',(4.518392642811,7.081251861457,20.6));
#1327 = CARTESIAN_POINT('',(3.873347681212,7.453668743676,20.6));
#1328 = ORIENTED_EDGE('',*,*,#1329,.T.);
#1329 = EDGE_CURVE('',#1323,#1330,#1332,.T.);
#1330 = VERTEX_POINT('',#1331);
#1331 = CARTESIAN_POINT('',(2.495706512711,6.288666072233,20.6));
#1332 = B_SPLINE_CURVE_WITH_KNOTS('',3,(#1333,#1334,#1335,#1336,#1337,
    #1338,#1339,#1340,#1341,#1342,#1343,#1344,#1345,#1346,#1347,#1348,
    #1349,#1350,#1351,#1352,#1353,#1354),.UNSPECIFIED.,.F.,.F.,(4,1,1,1,
    1,1,1,1,1,1,1,1,1,1,1,1,1,1,1,4),(0.,0.187712297085,0.365277983834,
    0.532697060267,0.689969526408,0.837095382286,0.974074627934,
    1.100907263397,1.217593288729,1.324132703999,1.4205255093,
    1.506771704757,1.582871290544,1.648824266916,1.704630634267,
    1.750290393254,1.785803545098,1.811170092482,1.826390043458,
    1.831463454391),.UNSPECIFIED.);
#1333 = CARTESIAN_POINT('',(3.873347681212,7.453668743676,20.6));
#1334 = CARTESIAN_POINT('',(3.817205555325,7.426044278402,20.6));
#1335 = CARTESIAN_POINT('',(3.708947471632,7.370237349351,20.6));
#1336 = CARTESIAN_POINT('',(3.554353977319,7.282799440274,20.6));
#1337 = CARTESIAN_POINT('',(3.411888720155,7.194782569488,20.6));
#1338 = CARTESIAN_POINT('',(3.281356980048,7.106985032707,20.6));
#1339 = CARTESIAN_POINT('',(3.16251423381,7.020190826444,20.6));
#1340 = CARTESIAN_POINT('',(3.055075072483,6.935164334822,20.6));
#1341 = CARTESIAN_POINT('',(2.958712399072,6.852649003186,20.6));
#1342 = CARTESIAN_POINT('',(2.873059115975,6.773365113445,20.6));
#1343 = CARTESIAN_POINT('',(2.797709342713,6.698007849482,20.6));
#1344 = CARTESIAN_POINT('',(2.73221981611,6.627245394082,20.6));
#1345 = CARTESIAN_POINT('',(2.676111508526,6.561717047478,20.6));
#1346 = CARTESIAN_POINT('',(2.628870830927,6.502031618868,20.6));
#1347 = CARTESIAN_POINT('',(2.589952504688,6.448765273733,20.6));
#1348 = CARTESIAN_POINT('',(2.558777734828,6.402461343439,20.6));
#1349 = CARTESIAN_POINT('',(2.534746471908,6.363624709527,20.6));
#1350 = CARTESIAN_POINT('',(2.517210850257,6.332731575518,20.6));
#1351 = CARTESIAN_POINT('',(2.505550402083,6.310199325092,20.6));
#1352 = CARTESIAN_POINT('',(2.499012367764,6.296448872474,20.6));
#1353 = CARTESIAN_POINT('',(2.496354700572,6.290228341059,20.6));
#1354 = CARTESIAN_POINT('',(2.495706512711,6.288666072233,20.6));
#1355 = ORIENTED_EDGE('',*,*,#1356,.T.);
#1356 = EDGE_CURVE('',#1330,#1357,#1359,.T.);
#1357 = VERTEX_POINT('',#1358);
#1358 = CARTESIAN_POINT('',(2.102568022981,5.29803809997,20.6));
#1359 = B_SPLINE_CURVE_WITH_KNOTS('',1,(#1360,#1361),.UNSPECIFIED.,.F.,
  .F.,(2,2),(0.,1.065786869659),.PIECEWISE_BEZIER_KNOTS.);
#1360 = CARTESIAN_POINT('',(2.495706512711,6.288666072233,20.6));
#1361 = CARTESIAN_POINT('',(2.102568022981,5.29803809997,20.6));
#1362 = ORIENTED_EDGE('',*,*,#1363,.T.);
#1363 = EDGE_CURVE('',#1357,#1364,#1366,.T.);
#1364 = VERTEX_POINT('',#1365);
#1365 = CARTESIAN_POINT('',(0.828141728899,5.639519596283,20.6));
#1366 = B_SPLINE_CURVE_WITH_KNOTS('',1,(#1367,#1368),.UNSPECIFIED.,.F.,
  .F.,(2,2),(0.,1.319383185952),.PIECEWISE_BEZIER_KNOTS.);
#1367 = CARTESIAN_POINT('',(2.102568022981,5.29803809997,20.6));
#1368 = CARTESIAN_POINT('',(0.828141728899,5.639519596283,20.6));
#1369 = ORIENTED_EDGE('',*,*,#1370,.T.);
#1370 = EDGE_CURVE('',#1364,#1371,#1373,.T.);
#1371 = VERTEX_POINT('',#1372);
#1372 = CARTESIAN_POINT('',(0.982987795719,6.693997830827,20.6));
#1373 = B_SPLINE_CURVE_WITH_KNOTS('',1,(#1374,#1375),.UNSPECIFIED.,.F.,
  .F.,(2,2),(0.,1.065786869659),.PIECEWISE_BEZIER_KNOTS.);
#1374 = CARTESIAN_POINT('',(0.828141728899,5.639519596283,20.6));
#1375 = CARTESIAN_POINT('',(0.982987795719,6.693997830827,20.6));
#1376 = ORIENTED_EDGE('',*,*,#1377,.T.);
#1377 = EDGE_CURVE('',#1371,#1378,#1380,.T.);
#1378 = VERTEX_POINT('',#1379);
#1379 = CARTESIAN_POINT('',(0.372416882219,8.391740324023,20.6));
#1380 = B_SPLINE_CURVE_WITH_KNOTS('',3,(#1381,#1382,#1383,#1384,#1385,
    #1386,#1387,#1388,#1389,#1390,#1391,#1392,#1393,#1394,#1395,#1396,
    #1397,#1398,#1399,#1400,#1401,#1402),.UNSPECIFIED.,.F.,.F.,(4,1,1,1,
    1,1,1,1,1,1,1,1,1,1,1,1,1,1,1,4),(0.,5.073410932506E-03,
    2.029336190878E-02,4.56599092927E-02,8.117306113635E-02,
    0.126832820124,0.182639187475,0.248592163847,0.324691749634,
    0.410937945091,0.507330750392,0.613870165662,0.730556190994,
    0.857388826457,0.994368072105,1.141493927982,1.298766394124,
    1.466185470557,1.643751157306,1.831463454391),.UNSPECIFIED.);
#1381 = CARTESIAN_POINT('',(0.982987795719,6.693997830827,20.6));
#1382 = CARTESIAN_POINT('',(0.983207582978,6.695674889248,20.6));
#1383 = CARTESIAN_POINT('',(0.984016241382,6.702390861075,20.6));
#1384 = CARTESIAN_POINT('',(0.98522936388,6.717568119514,20.6));
#1385 = CARTESIAN_POINT('',(0.986397244755,6.742911844875,20.6));
#1386 = CARTESIAN_POINT('',(0.986657517938,6.778433894554,20.6));
#1387 = CARTESIAN_POINT('',(0.985264150721,6.82408303758,20.6));
#1388 = CARTESIAN_POINT('',(0.981417973212,6.87977080244,20.6));
#1389 = CARTESIAN_POINT('',(0.974346886584,6.945359973613,20.6));
#1390 = CARTESIAN_POINT('',(0.963277973995,7.020669409825,20.6));
#1391 = CARTESIAN_POINT('',(0.947450927566,7.105472776444,20.6));
#1392 = CARTESIAN_POINT('',(0.926116561546,7.199499623755,20.6));
#1393 = CARTESIAN_POINT('',(0.898540375714,7.302435815338,20.6));
#1394 = CARTESIAN_POINT('',(0.864004401505,7.413924319513,20.6));
#1395 = CARTESIAN_POINT('',(0.821809544173,7.533566029617,20.6));
#1396 = CARTESIAN_POINT('',(0.771277746913,7.66092071202,20.6));
#1397 = CARTESIAN_POINT('',(0.711754012747,7.795508072664,20.6));
#1398 = CARTESIAN_POINT('',(0.642608978204,7.936808839959,20.6));
#1399 = CARTESIAN_POINT('',(0.563238881736,8.084266314604,20.6));
#1400 = CARTESIAN_POINT('',(0.47307594294,8.237286512275,20.6));
#1401 = CARTESIAN_POINT('',(0.407225156822,8.339745772386,20.6));
#1402 = CARTESIAN_POINT('',(0.372416882219,8.391740324023,20.6));
#1403 = ORIENTED_EDGE('',*,*,#1404,.T.);
#1404 = EDGE_CURVE('',#1378,#1405,#1407,.T.);
#1405 = VERTEX_POINT('',#1406);
#1406 = CARTESIAN_POINT('',(-0.372416882219,8.391740324023,20.6));
#1407 = B_SPLINE_CURVE_WITH_KNOTS('',1,(#1408,#1409),.UNSPECIFIED.,.F.,
  .F.,(2,2),(0.,0.744833764438),.PIECEWISE_BEZIER_KNOTS.);
#1408 = CARTESIAN_POINT('',(0.372416882219,8.391740324023,20.6));
#1409 = CARTESIAN_POINT('',(-0.372416882219,8.391740324023,20.6));
#1410 = ORIENTED_EDGE('',*,*,#1411,.T.);
#1411 = EDGE_CURVE('',#1405,#1412,#1414,.T.);
#1412 = VERTEX_POINT('',#1413);
#1413 = CARTESIAN_POINT('',(-0.982987795719,6.693997830827,20.6));
#1414 = B_SPLINE_CURVE_WITH_KNOTS('',3,(#1415,#1416,#1417,#1418,#1419,
    #1420,#1421,#1422,#1423,#1424,#1425,#1426,#1427,#1428,#1429,#1430,
    #1431,#1432,#1433,#1434,#1435,#1436),.UNSPECIFIED.,.F.,.F.,(4,1,1,1,
    1,1,1,1,1,1,1,1,1,1,1,1,1,1,1,4),(0.,0.187712297085,0.365277983834,
    0.532697060267,0.689969526408,0.837095382286,0.974074627934,
    1.100907263397,1.217593288729,1.324132703999,1.4205255093,
    1.506771704757,1.582871290544,1.648824266916,1.704630634267,
    1.750290393254,1.785803545098,1.811170092482,1.826390043458,
    1.831463454391),.UNSPECIFIED.);
#1415 = CARTESIAN_POINT('',(-0.372416882219,8.391740324023,20.6));
#1416 = CARTESIAN_POINT('',(-0.407225156822,8.339745772386,20.6));
#1417 = CARTESIAN_POINT('',(-0.47307594294,8.237286512275,20.6));
#1418 = CARTESIAN_POINT('',(-0.563238881736,8.084266314604,20.6));
#1419 = CARTESIAN_POINT('',(-0.642608978204,7.936808839959,20.6));
#1420 = CARTESIAN_POINT('',(-0.711754012747,7.795508072664,20.6));
#1421 = CARTESIAN_POINT('',(-0.771277746913,7.66092071202,20.6));
#1422 = CARTESIAN_POINT('',(-0.821809544173,7.533566029617,20.6));
#1423 = CARTESIAN_POINT('',(-0.864004401505,7.413924319513,20.6));
#1424 = CARTESIAN_POINT('',(-0.898540375714,7.302435815338,20.6));
#1425 = CARTESIAN_POINT('',(-0.926116561546,7.199499623755,20.6));
#1426 = CARTESIAN_POINT('',(-0.947450927566,7.105472776444,20.6));
#1427 = CARTESIAN_POINT('',(-0.963277973995,7.020669409825,20.6));
#1428 = CARTESIAN_POINT('',(-0.974346886584,6.945359973613,20.6));
#1429 = CARTESIAN_POINT('',(-0.981417973212,6.87977080244,20.6));
#1430 = CARTESIAN_POINT('',(-0.985264150721,6.82408303758,20.6));
#1431 = CARTESIAN_POINT('',(-0.986657517938,6.778433894555,20.6));
#1432 = CARTESIAN_POINT('',(-0.986397244755,6.742911844875,20.6));
#1433 = CARTESIAN_POINT('',(-0.98522936388,6.717568119514,20.6));
#1434 = CARTESIAN_POINT('',(-0.984016241382,6.702390861075,20.6));
#1435 = CARTESIAN_POINT('',(-0.983207582978,6.695674889248,20.6));
#1436 = CARTESIAN_POINT('',(-0.982987795719,6.693997830827,20.6));
#1437 = ORIENTED_EDGE('',*,*,#1438,.T.);
#1438 = EDGE_CURVE('',#1412,#1439,#1441,.T.);
#1439 = VERTEX_POINT('',#1440);
#1440 = CARTESIAN_POINT('',(-0.828141728899,5.639519596283,20.6));
#1441 = B_SPLINE_CURVE_WITH_KNOTS('',1,(#1442,#1443),.UNSPECIFIED.,.F.,
  .F.,(2,2),(0.,1.065786869659),.PIECEWISE_BEZIER_KNOTS.);
#1442 = CARTESIAN_POINT('',(-0.982987795719,6.693997830827,20.6));
#1443 = CARTESIAN_POINT('',(-0.828141728899,5.639519596283,20.6));
#1444 = ORIENTED_EDGE('',*,*,#1445,.T.);
#1445 = EDGE_CURVE('',#1439,#1446,#1448,.T.);
#1446 = VERTEX_POINT('',#1447);
#1447 = CARTESIAN_POINT('',(-2.102568022981,5.29803809997,20.6));
#1448 = B_SPLINE_CURVE_WITH_KNOTS('',1,(#1449,#1450),.UNSPECIFIED.,.F.,
  .F.,(2,2),(0.,1.319383185952),.PIECEWISE_BEZIER_KNOTS.);
#1449 = CARTESIAN_POINT('',(-0.828141728899,5.639519596283,20.6));
#1450 = CARTESIAN_POINT('',(-2.102568022981,5.29803809997,20.6));
#1451 = ORIENTED_EDGE('',*,*,#1452,.T.);
#1452 = EDGE_CURVE('',#1446,#1453,#1455,.T.);
#1453 = VERTEX_POINT('',#1454);
#1454 = CARTESIAN_POINT('',(-2.495706512711,6.288666072233,20.6));
#1455 = B_SPLINE_CURVE_WITH_KNOTS('',1,(#1456,#1457),.UNSPECIFIED.,.F.,
  .F.,(2,2),(0.,1.065786869659),.PIECEWISE_BEZIER_KNOTS.);
#1456 = CARTESIAN_POINT('',(-2.102568022981,5.29803809997,20.6));
#1457 = CARTESIAN_POINT('',(-2.495706512711,6.288666072233,20.6));
#1458 = ORIENTED_EDGE('',*,*,#1459,.T.);
#1459 = EDGE_CURVE('',#1453,#1460,#1462,.T.);
#1460 = VERTEX_POINT('',#1461);
#1461 = CARTESIAN_POINT('',(-3.873347681212,7.453668743676,20.6));
#1462 = B_SPLINE_CURVE_WITH_KNOTS('',3,(#1463,#1464,#1465,#1466,#1467,
    #1468,#1469,#1470,#1471,#1472,#1473,#1474,#1475,#1476,#1477,#1478,
    #1479,#1480,#1481,#1482,#1483,#1484),.UNSPECIFIED.,.F.,.F.,(4,1,1,1,
    1,1,1,1,1,1,1,1,1,1,1,1,1,1,1,4),(0.,5.073410932506E-03,
    2.029336190878E-02,4.56599092927E-02,8.117306113635E-02,
    0.126832820124,0.182639187475,0.248592163847,0.324691749634,
    0.410937945091,0.507330750392,0.613870165662,0.730556190994,
    0.857388826457,0.994368072105,1.141493927982,1.298766394124,
    1.466185470557,1.643751157306,1.831463454391),.UNSPECIFIED.);
#1463 = CARTESIAN_POINT('',(-2.495706512711,6.288666072233,20.6));
#1464 = CARTESIAN_POINT('',(-2.496354700572,6.290228341059,20.6));
#1465 = CARTESIAN_POINT('',(-2.499012367764,6.296448872474,20.6));
#1466 = CARTESIAN_POINT('',(-2.505550402083,6.310199325092,20.6));
#1467 = CARTESIAN_POINT('',(-2.517210850257,6.332731575518,20.6));
#1468 = CARTESIAN_POINT('',(-2.534746471908,6.363624709527,20.6));
#1469 = CARTESIAN_POINT('',(-2.558777734828,6.402461343439,20.6));
#1470 = CARTESIAN_POINT('',(-2.589952504688,6.448765273733,20.6));
#1471 = CARTESIAN_POINT('',(-2.628870830927,6.502031618868,20.6));
#1472 = CARTESIAN_POINT('',(-2.676111508526,6.561717047478,20.6));
#1473 = CARTESIAN_POINT('',(-2.73221981611,6.627245394082,20.6));
#1474 = CARTESIAN_POINT('',(-2.797709342713,6.698007849482,20.6));
#1475 = CARTESIAN_POINT('',(-2.873059115975,6.773365113445,20.6));
#1476 = CARTESIAN_POINT('',(-2.958712399072,6.852649003186,20.6));
#1477 = CARTESIAN_POINT('',(-3.055075072483,6.935164334822,20.6));
#1478 = CARTESIAN_POINT('',(-3.16251423381,7.020190826444,20.6));
#1479 = CARTESIAN_POINT('',(-3.281356980048,7.106985032707,20.6));
#1480 = CARTESIAN_POINT('',(-3.411888720155,7.194782569488,20.6));
#1481 = CARTESIAN_POINT('',(-3.554353977319,7.282799440274,20.6));
#1482 = CARTESIAN_POINT('',(-3.708947471632,7.370237349351,20.6));
#1483 = CARTESIAN_POINT('',(-3.817205555325,7.426044278402,20.6));
#1484 = CARTESIAN_POINT('',(-3.873347681212,7.453668743676,20.6));
#1485 = ORIENTED_EDGE('',*,*,#1486,.T.);
#1486 = EDGE_CURVE('',#1460,#1487,#1489,.T.);
#1487 = VERTEX_POINT('',#1488);
#1488 = CARTESIAN_POINT('',(-4.518392642811,7.081251861457,20.6));
#1489 = B_SPLINE_CURVE_WITH_KNOTS('',1,(#1490,#1491),.UNSPECIFIED.,.F.,
  .F.,(2,2),(0.,0.744833764438),.PIECEWISE_BEZIER_KNOTS.);
#1490 = CARTESIAN_POINT('',(-3.873347681212,7.453668743676,20.6));
#1491 = CARTESIAN_POINT('',(-4.518392642811,7.081251861457,20.6));
#1492 = ORIENTED_EDGE('',*,*,#1493,.T.);
#1493 = EDGE_CURVE('',#1487,#1494,#1496,.T.);
#1494 = VERTEX_POINT('',#1495);
#1495 = CARTESIAN_POINT('',(-4.198291318116,5.305678276514,20.6));
#1496 = B_SPLINE_CURVE_WITH_KNOTS('',3,(#1497,#1498,#1499,#1500,#1501,
    #1502,#1503,#1504,#1505,#1506,#1507,#1508,#1509,#1510,#1511,#1512,
    #1513,#1514,#1515,#1516,#1517,#1518),.UNSPECIFIED.,.F.,.F.,(4,1,1,1,
    1,1,1,1,1,1,1,1,1,1,1,1,1,1,1,4),(0.,0.187712297085,0.365277983834,
    0.532697060267,0.689969526408,0.837095382286,0.974074627934,
    1.100907263397,1.217593288729,1.324132703999,1.4205255093,
    1.506771704757,1.582871290544,1.648824266916,1.704630634267,
    1.750290393254,1.785803545098,1.811170092482,1.826390043458,
    1.831463454391),.UNSPECIFIED.);
#1497 = CARTESIAN_POINT('',(-4.518392642811,7.081251861457,20.6));
#1498 = CARTESIAN_POINT('',(-4.522540217061,7.018819121579,20.6));
#1499 = CARTESIAN_POINT('',(-4.528339040643,6.897161406411,20.6));
#1500 = CARTESIAN_POINT('',(-4.529912337285,6.719560558537,20.6));
#1501 = CARTESIAN_POINT('',(-4.524920119805,6.552173591284,20.6));
#1502 = CARTESIAN_POINT('',(-4.514151092616,6.39523101996,20.6));
#1503 = CARTESIAN_POINT('',(-4.498406478211,6.248913079531,20.6));
#1504 = CARTESIAN_POINT('',(-4.478490957135,6.11335479065,20.6));
#1505 = CARTESIAN_POINT('',(-4.455211920441,5.988644601681,20.6));
#1506 = CARTESIAN_POINT('',(-4.429376699363,5.874824737731,20.6));
#1507 = CARTESIAN_POINT('',(-4.401790281042,5.771891287935,20.6));
#1508 = CARTESIAN_POINT('',(-4.373252960333,5.679794466516,20.6));
#1509 = CARTESIAN_POINT('',(-4.344557901298,5.598439073483,20.6));
#1510 = CARTESIAN_POINT('',(-4.316489142686,5.527684732285,20.6));
#1511 = CARTESIAN_POINT('',(-4.289818297752,5.467347300522,20.6));
#1512 = CARTESIAN_POINT('',(-4.265305302752,5.417197192718,20.6));
#1513 = CARTESIAN_POINT('',(-4.243687422647,5.376967191589,20.6));
#1514 = CARTESIAN_POINT('',(-4.225700994618,5.346334330763,20.6));
#1515 = CARTESIAN_POINT('',(-4.212017717431,5.324969961212,20.6));
#1516 = CARTESIAN_POINT('',(-4.203378493311,5.312432631092,20.6));
#1517 = CARTESIAN_POINT('',(-4.199320188676,5.307020758081,20.6));
#1518 = CARTESIAN_POINT('',(-4.198291318116,5.305678276514,20.6));
#1519 = ORIENTED_EDGE('',*,*,#1520,.T.);
#1520 = EDGE_CURVE('',#1494,#1521,#1523,.T.);
#1521 = VERTEX_POINT('',#1522);
#1522 = CARTESIAN_POINT('',(-3.536951573302,4.469896371072,20.6));
#1523 = B_SPLINE_CURVE_WITH_KNOTS('',1,(#1524,#1525),.UNSPECIFIED.,.F.,
  .F.,(2,2),(0.,1.065786869659),.PIECEWISE_BEZIER_KNOTS.);
#1524 = CARTESIAN_POINT('',(-4.198291318116,5.305678276514,20.6));
#1525 = CARTESIAN_POINT('',(-3.536951573302,4.469896371072,20.6));
#1526 = ORIENTED_EDGE('',*,*,#1527,.T.);
#1527 = EDGE_CURVE('',#1521,#1528,#1530,.T.);
#1528 = VERTEX_POINT('',#1529);
#1529 = CARTESIAN_POINT('',(-4.469896371072,3.536951573302,20.6));
#1530 = B_SPLINE_CURVE_WITH_KNOTS('',1,(#1531,#1532),.UNSPECIFIED.,.F.,
  .F.,(2,2),(0.,1.319383185952),.PIECEWISE_BEZIER_KNOTS.);
#1531 = CARTESIAN_POINT('',(-3.536951573302,4.469896371072,20.6));
#1532 = CARTESIAN_POINT('',(-4.469896371072,3.536951573302,20.6));
#1533 = ORIENTED_EDGE('',*,*,#1534,.T.);
#1534 = EDGE_CURVE('',#1528,#1535,#1537,.T.);
#1535 = VERTEX_POINT('',#1536);
#1536 = CARTESIAN_POINT('',(-5.305678276514,4.198291318116,20.6));
#1537 = B_SPLINE_CURVE_WITH_KNOTS('',1,(#1538,#1539),.UNSPECIFIED.,.F.,
  .F.,(2,2),(0.,1.065786869659),.PIECEWISE_BEZIER_KNOTS.);
#1538 = CARTESIAN_POINT('',(-4.469896371072,3.536951573302,20.6));
#1539 = CARTESIAN_POINT('',(-5.305678276514,4.198291318116,20.6));
#1540 = ORIENTED_EDGE('',*,*,#1541,.T.);
#1541 = EDGE_CURVE('',#1535,#1542,#1544,.T.);
#1542 = VERTEX_POINT('',#1543);
#1543 = CARTESIAN_POINT('',(-7.081251861457,4.518392642811,20.6));
#1544 = B_SPLINE_CURVE_WITH_KNOTS('',3,(#1545,#1546,#1547,#1548,#1549,
    #1550,#1551,#1552,#1553,#1554,#1555,#1556,#1557,#1558,#1559,#1560,
    #1561,#1562,#1563,#1564,#1565,#1566),.UNSPECIFIED.,.F.,.F.,(4,1,1,1,
    1,1,1,1,1,1,1,1,1,1,1,1,1,1,1,4),(0.,5.073410932506E-03,
    2.029336190878E-02,4.56599092927E-02,8.117306113635E-02,
    0.126832820124,0.182639187475,0.248592163847,0.324691749634,
    0.410937945091,0.507330750392,0.613870165662,0.730556190994,
    0.857388826457,0.994368072105,1.141493927982,1.298766394124,
    1.466185470557,1.643751157306,1.831463454391),.UNSPECIFIED.);
#1545 = CARTESIAN_POINT('',(-5.305678276514,4.198291318116,20.6));
#1546 = CARTESIAN_POINT('',(-5.307020758081,4.199320188676,20.6));
#1547 = CARTESIAN_POINT('',(-5.312432631092,4.203378493311,20.6));
#1548 = CARTESIAN_POINT('',(-5.324969961212,4.212017717431,20.6));
#1549 = CARTESIAN_POINT('',(-5.346334330763,4.225700994618,20.6));
#1550 = CARTESIAN_POINT('',(-5.376967191589,4.243687422647,20.6));
#1551 = CARTESIAN_POINT('',(-5.417197192718,4.265305302752,20.6));
#1552 = CARTESIAN_POINT('',(-5.467347300522,4.289818297752,20.6));
#1553 = CARTESIAN_POINT('',(-5.527684732285,4.316489142686,20.6));
#1554 = CARTESIAN_POINT('',(-5.598439073483,4.344557901298,20.6));
#1555 = CARTESIAN_POINT('',(-5.679794466516,4.373252960333,20.6));
#1556 = CARTESIAN_POINT('',(-5.771891287935,4.401790281042,20.6));
#1557 = CARTESIAN_POINT('',(-5.874824737731,4.429376699363,20.6));
#1558 = CARTESIAN_POINT('',(-5.988644601681,4.455211920441,20.6));
#1559 = CARTESIAN_POINT('',(-6.11335479065,4.478490957135,20.6));
#1560 = CARTESIAN_POINT('',(-6.248913079531,4.498406478211,20.6));
#1561 = CARTESIAN_POINT('',(-6.39523101996,4.514151092616,20.6));
#1562 = CARTESIAN_POINT('',(-6.552173591284,4.524920119805,20.6));
#1563 = CARTESIAN_POINT('',(-6.719560558537,4.529912337285,20.6));
#1564 = CARTESIAN_POINT('',(-6.897161406411,4.528339040643,20.6));
#1565 = CARTESIAN_POINT('',(-7.018819121579,4.522540217061,20.6));
#1566 = CARTESIAN_POINT('',(-7.081251861457,4.518392642811,20.6));
#1567 = ORIENTED_EDGE('',*,*,#1568,.T.);
#1568 = EDGE_CURVE('',#1542,#1569,#1571,.T.);
#1569 = VERTEX_POINT('',#1570);
#1570 = CARTESIAN_POINT('',(-7.453668743676,3.873347681212,20.6));
#1571 = B_SPLINE_CURVE_WITH_KNOTS('',1,(#1572,#1573),.UNSPECIFIED.,.F.,
  .F.,(2,2),(0.,0.744833764438),.PIECEWISE_BEZIER_KNOTS.);
#1572 = CARTESIAN_POINT('',(-7.081251861457,4.518392642811,20.6));
#1573 = CARTESIAN_POINT('',(-7.453668743676,3.873347681212,20.6));
#1574 = ORIENTED_EDGE('',*,*,#1575,.T.);
#1575 = EDGE_CURVE('',#1569,#1576,#1578,.T.);
#1576 = VERTEX_POINT('',#1577);
#1577 = CARTESIAN_POINT('',(-6.288666072233,2.495706512711,20.6));
#1578 = B_SPLINE_CURVE_WITH_KNOTS('',3,(#1579,#1580,#1581,#1582,#1583,
    #1584,#1585,#1586,#1587,#1588,#1589,#1590,#1591,#1592,#1593,#1594,
    #1595,#1596,#1597,#1598,#1599,#1600),.UNSPECIFIED.,.F.,.F.,(4,1,1,1,
    1,1,1,1,1,1,1,1,1,1,1,1,1,1,1,4),(0.,0.187712297085,0.365277983834,
    0.532697060267,0.689969526408,0.837095382286,0.974074627934,
    1.100907263397,1.217593288729,1.324132703999,1.4205255093,
    1.506771704757,1.582871290544,1.648824266916,1.704630634267,
    1.750290393254,1.785803545098,1.811170092482,1.826390043458,
    1.831463454391),.UNSPECIFIED.);
#1579 = CARTESIAN_POINT('',(-7.453668743676,3.873347681212,20.6));
#1580 = CARTESIAN_POINT('',(-7.426044278402,3.817205555325,20.6));
#1581 = CARTESIAN_POINT('',(-7.370237349351,3.708947471632,20.6));
#1582 = CARTESIAN_POINT('',(-7.282799440274,3.554353977319,20.6));
#1583 = CARTESIAN_POINT('',(-7.194782569488,3.411888720155,20.6));
#1584 = CARTESIAN_POINT('',(-7.106985032707,3.281356980048,20.6));
#1585 = CARTESIAN_POINT('',(-7.020190826444,3.16251423381,20.6));
#1586 = CARTESIAN_POINT('',(-6.935164334822,3.055075072483,20.6));
#1587 = CARTESIAN_POINT('',(-6.852649003186,2.958712399072,20.6));
#1588 = CARTESIAN_POINT('',(-6.773365113445,2.873059115975,20.6));
#1589 = CARTESIAN_POINT('',(-6.698007849482,2.797709342713,20.6));
#1590 = CARTESIAN_POINT('',(-6.627245394082,2.73221981611,20.6));
#1591 = CARTESIAN_POINT('',(-6.561717047478,2.676111508526,20.6));
#1592 = CARTESIAN_POINT('',(-6.502031618868,2.628870830927,20.6));
#1593 = CARTESIAN_POINT('',(-6.448765273733,2.589952504688,20.6));
#1594 = CARTESIAN_POINT('',(-6.402461343439,2.558777734828,20.6));
#1595 = CARTESIAN_POINT('',(-6.363624709527,2.534746471908,20.6));
#1596 = CARTESIAN_POINT('',(-6.332731575518,2.517210850257,20.6));
#1597 = CARTESIAN_POINT('',(-6.310199325092,2.505550402083,20.6));
#1598 = CARTESIAN_POINT('',(-6.296448872474,2.499012367764,20.6));
#1599 = CARTESIAN_POINT('',(-6.290228341059,2.496354700572,20.6));
#1600 = CARTESIAN_POINT('',(-6.288666072233,2.495706512711,20.6));
#1601 = ORIENTED_EDGE('',*,*,#1602,.T.);
#1602 = EDGE_CURVE('',#1576,#1603,#1605,.T.);
#1603 = VERTEX_POINT('',#1604);
#1604 = CARTESIAN_POINT('',(-5.29803809997,2.102568022981,20.6));
#1605 = B_SPLINE_CURVE_WITH_KNOTS('',1,(#1606,#1607),.UNSPECIFIED.,.F.,
  .F.,(2,2),(0.,1.065786869659),.PIECEWISE_BEZIER_KNOTS.);
#1606 = CARTESIAN_POINT('',(-6.288666072233,2.495706512711,20.6));
#1607 = CARTESIAN_POINT('',(-5.29803809997,2.102568022981,20.6));
#1608 = ORIENTED_EDGE('',*,*,#1609,.T.);
#1609 = EDGE_CURVE('',#1603,#1610,#1612,.T.);
#1610 = VERTEX_POINT('',#1611);
#1611 = CARTESIAN_POINT('',(-5.639519596283,0.828141728899,20.6));
#1612 = B_SPLINE_CURVE_WITH_KNOTS('',1,(#1613,#1614),.UNSPECIFIED.,.F.,
  .F.,(2,2),(0.,1.319383185952),.PIECEWISE_BEZIER_KNOTS.);
#1613 = CARTESIAN_POINT('',(-5.29803809997,2.102568022981,20.6));
#1614 = CARTESIAN_POINT('',(-5.639519596283,0.828141728899,20.6));
#1615 = ORIENTED_EDGE('',*,*,#1616,.T.);
#1616 = EDGE_CURVE('',#1610,#1617,#1619,.T.);
#1617 = VERTEX_POINT('',#1618);
#1618 = CARTESIAN_POINT('',(-6.693997830827,0.982987795719,20.6));
#1619 = B_SPLINE_CURVE_WITH_KNOTS('',1,(#1620,#1621),.UNSPECIFIED.,.F.,
  .F.,(2,2),(0.,1.065786869659),.PIECEWISE_BEZIER_KNOTS.);
#1620 = CARTESIAN_POINT('',(-5.639519596283,0.828141728899,20.6));
#1621 = CARTESIAN_POINT('',(-6.693997830827,0.982987795719,20.6));
#1622 = ORIENTED_EDGE('',*,*,#1623,.T.);
#1623 = EDGE_CURVE('',#1617,#1624,#1626,.T.);
#1624 = VERTEX_POINT('',#1625);
#1625 = CARTESIAN_POINT('',(-8.391740324023,0.372416882219,20.6));
#1626 = B_SPLINE_CURVE_WITH_KNOTS('',3,(#1627,#1628,#1629,#1630,#1631,
    #1632,#1633,#1634,#1635,#1636,#1637,#1638,#1639,#1640,#1641,#1642,
    #1643,#1644,#1645,#1646,#1647,#1648),.UNSPECIFIED.,.F.,.F.,(4,1,1,1,
    1,1,1,1,1,1,1,1,1,1,1,1,1,1,1,4),(0.,5.073410932506E-03,
    2.029336190878E-02,4.56599092927E-02,8.117306113635E-02,
    0.126832820124,0.182639187475,0.248592163847,0.324691749634,
    0.410937945091,0.507330750392,0.613870165662,0.730556190994,
    0.857388826457,0.994368072105,1.141493927982,1.298766394124,
    1.466185470557,1.643751157306,1.831463454391),.UNSPECIFIED.);
#1627 = CARTESIAN_POINT('',(-6.693997830827,0.982987795719,20.6));
#1628 = CARTESIAN_POINT('',(-6.695674889248,0.983207582978,20.6));
#1629 = CARTESIAN_POINT('',(-6.702390861075,0.984016241382,20.6));
#1630 = CARTESIAN_POINT('',(-6.717568119514,0.98522936388,20.6));
#1631 = CARTESIAN_POINT('',(-6.742911844875,0.986397244755,20.6));
#1632 = CARTESIAN_POINT('',(-6.778433894554,0.986657517938,20.6));
#1633 = CARTESIAN_POINT('',(-6.82408303758,0.985264150721,20.6));
#1634 = CARTESIAN_POINT('',(-6.87977080244,0.981417973212,20.6));
#1635 = CARTESIAN_POINT('',(-6.945359973613,0.974346886584,20.6));
#1636 = CARTESIAN_POINT('',(-7.020669409825,0.963277973995,20.6));
#1637 = CARTESIAN_POINT('',(-7.105472776444,0.947450927566,20.6));
#1638 = CARTESIAN_POINT('',(-7.199499623755,0.926116561546,20.6));
#1639 = CARTESIAN_POINT('',(-7.302435815338,0.898540375714,20.6));
#1640 = CARTESIAN_POINT('',(-7.413924319513,0.864004401505,20.6));
#1641 = CARTESIAN_POINT('',(-7.533566029617,0.821809544173,20.6));
#1642 = CARTESIAN_POINT('',(-7.66092071202,0.771277746913,20.6));
#1643 = CARTESIAN_POINT('',(-7.795508072664,0.711754012747,20.6));
#1644 = CARTESIAN_POINT('',(-7.936808839959,0.642608978204,20.6));
#1645 = CARTESIAN_POINT('',(-8.084266314604,0.563238881736,20.6));
#1646 = CARTESIAN_POINT('',(-8.237286512275,0.47307594294,20.6));
#1647 = CARTESIAN_POINT('',(-8.339745772386,0.407225156822,20.6));
#1648 = CARTESIAN_POINT('',(-8.391740324023,0.372416882219,20.6));
#1649 = ORIENTED_EDGE('',*,*,#1650,.T.);
#1650 = EDGE_CURVE('',#1624,#1651,#1653,.T.);
#1651 = VERTEX_POINT('',#1652);
#1652 = CARTESIAN_POINT('',(-8.391740324023,-0.372416882219,20.6));
#1653 = B_SPLINE_CURVE_WITH_KNOTS('',1,(#1654,#1655),.UNSPECIFIED.,.F.,
  .F.,(2,2),(0.,0.744833764438),.PIECEWISE_BEZIER_KNOTS.);
#1654 = CARTESIAN_POINT('',(-8.391740324023,0.372416882219,20.6));
#1655 = CARTESIAN_POINT('',(-8.391740324023,-0.372416882219,20.6));
#1656 = ORIENTED_EDGE('',*,*,#1657,.T.);
#1657 = EDGE_CURVE('',#1651,#1658,#1660,.T.);
#1658 = VERTEX_POINT('',#1659);
#1659 = CARTESIAN_POINT('',(-6.693997830827,-0.982987795719,20.6));
#1660 = B_SPLINE_CURVE_WITH_KNOTS('',3,(#1661,#1662,#1663,#1664,#1665,
    #1666,#1667,#1668,#1669,#1670,#1671,#1672,#1673,#1674,#1675,#1676,
    #1677,#1678,#1679,#1680,#1681,#1682),.UNSPECIFIED.,.F.,.F.,(4,1,1,1,
    1,1,1,1,1,1,1,1,1,1,1,1,1,1,1,4),(0.,0.187712297085,0.365277983834,
    0.532697060267,0.689969526408,0.837095382286,0.974074627934,
    1.100907263397,1.217593288729,1.324132703999,1.4205255093,
    1.506771704757,1.582871290544,1.648824266916,1.704630634267,
    1.750290393254,1.785803545098,1.811170092482,1.826390043458,
    1.831463454391),.UNSPECIFIED.);
#1661 = CARTESIAN_POINT('',(-8.391740324023,-0.372416882219,20.6));
#1662 = CARTESIAN_POINT('',(-8.339745772386,-0.407225156822,20.6));
#1663 = CARTESIAN_POINT('',(-8.237286512275,-0.47307594294,20.6));
#1664 = CARTESIAN_POINT('',(-8.084266314604,-0.563238881736,20.6));
#1665 = CARTESIAN_POINT('',(-7.936808839959,-0.642608978204,20.6));
#1666 = CARTESIAN_POINT('',(-7.795508072664,-0.711754012747,20.6));
#1667 = CARTESIAN_POINT('',(-7.66092071202,-0.771277746913,20.6));
#1668 = CARTESIAN_POINT('',(-7.533566029617,-0.821809544173,20.6));
#1669 = CARTESIAN_POINT('',(-7.413924319513,-0.864004401505,20.6));
#1670 = CARTESIAN_POINT('',(-7.302435815338,-0.898540375714,20.6));
#1671 = CARTESIAN_POINT('',(-7.199499623755,-0.926116561546,20.6));
#1672 = CARTESIAN_POINT('',(-7.105472776444,-0.947450927566,20.6));
#1673 = CARTESIAN_POINT('',(-7.020669409825,-0.963277973995,20.6));
#1674 = CARTESIAN_POINT('',(-6.945359973613,-0.974346886584,20.6));
#1675 = CARTESIAN_POINT('',(-6.87977080244,-0.981417973212,20.6));
#1676 = CARTESIAN_POINT('',(-6.82408303758,-0.985264150721,20.6));
#1677 = CARTESIAN_POINT('',(-6.778433894555,-0.986657517938,20.6));
#1678 = CARTESIAN_POINT('',(-6.742911844875,-0.986397244755,20.6));
#1679 = CARTESIAN_POINT('',(-6.717568119514,-0.98522936388,20.6));
#1680 = CARTESIAN_POINT('',(-6.702390861075,-0.984016241382,20.6));
#1681 = CARTESIAN_POINT('',(-6.695674889248,-0.983207582978,20.6));
#1682 = CARTESIAN_POINT('',(-6.693997830827,-0.982987795719,20.6));
#1683 = ORIENTED_EDGE('',*,*,#1684,.T.);
#1684 = EDGE_CURVE('',#1658,#1685,#1687,.T.);
#1685 = VERTEX_POINT('',#1686);
#1686 = CARTESIAN_POINT('',(-5.639519596283,-0.828141728899,20.6));
#1687 = B_SPLINE_CURVE_WITH_KNOTS('',1,(#1688,#1689),.UNSPECIFIED.,.F.,
  .F.,(2,2),(0.,1.065786869659),.PIECEWISE_BEZIER_KNOTS.);
#1688 = CARTESIAN_POINT('',(-6.693997830827,-0.982987795719,20.6));
#1689 = CARTESIAN_POINT('',(-5.639519596283,-0.828141728899,20.6));
#1690 = ORIENTED_EDGE('',*,*,#1691,.T.);
#1691 = EDGE_CURVE('',#1685,#1692,#1694,.T.);
#1692 = VERTEX_POINT('',#1693);
#1693 = CARTESIAN_POINT('',(-5.29803809997,-2.102568022981,20.6));
#1694 = B_SPLINE_CURVE_WITH_KNOTS('',1,(#1695,#1696),.UNSPECIFIED.,.F.,
  .F.,(2,2),(0.,1.319383185952),.PIECEWISE_BEZIER_KNOTS.);
#1695 = CARTESIAN_POINT('',(-5.639519596283,-0.828141728899,20.6));
#1696 = CARTESIAN_POINT('',(-5.29803809997,-2.102568022981,20.6));
#1697 = ORIENTED_EDGE('',*,*,#1698,.T.);
#1698 = EDGE_CURVE('',#1692,#1699,#1701,.T.);
#1699 = VERTEX_POINT('',#1700);
#1700 = CARTESIAN_POINT('',(-6.288666072233,-2.495706512711,20.6));
#1701 = B_SPLINE_CURVE_WITH_KNOTS('',1,(#1702,#1703),.UNSPECIFIED.,.F.,
  .F.,(2,2),(0.,1.065786869659),.PIECEWISE_BEZIER_KNOTS.);
#1702 = CARTESIAN_POINT('',(-5.29803809997,-2.102568022981,20.6));
#1703 = CARTESIAN_POINT('',(-6.288666072233,-2.495706512711,20.6));
#1704 = ORIENTED_EDGE('',*,*,#1705,.T.);
#1705 = EDGE_CURVE('',#1699,#1706,#1708,.T.);
#1706 = VERTEX_POINT('',#1707);
#1707 = CARTESIAN_POINT('',(-7.453668743676,-3.873347681212,20.6));
#1708 = B_SPLINE_CURVE_WITH_KNOTS('',3,(#1709,#1710,#1711,#1712,#1713,
    #1714,#1715,#1716,#1717,#1718,#1719,#1720,#1721,#1722,#1723,#1724,
    #1725,#1726,#1727,#1728,#1729,#1730),.UNSPECIFIED.,.F.,.F.,(4,1,1,1,
    1,1,1,1,1,1,1,1,1,1,1,1,1,1,1,4),(0.,5.073410932506E-03,
    2.029336190878E-02,4.56599092927E-02,8.117306113635E-02,
    0.126832820124,0.182639187475,0.248592163847,0.324691749634,
    0.410937945091,0.507330750392,0.613870165662,0.730556190994,
    0.857388826457,0.994368072105,1.141493927982,1.298766394124,
    1.466185470557,1.643751157306,1.831463454391),.UNSPECIFIED.);
#1709 = CARTESIAN_POINT('',(-6.288666072233,-2.495706512711,20.6));
#1710 = CARTESIAN_POINT('',(-6.290228341059,-2.496354700572,20.6));
#1711 = CARTESIAN_POINT('',(-6.296448872474,-2.499012367764,20.6));
#1712 = CARTESIAN_POINT('',(-6.310199325092,-2.505550402083,20.6));
#1713 = CARTESIAN_POINT('',(-6.332731575518,-2.517210850257,20.6));
#1714 = CARTESIAN_POINT('',(-6.363624709527,-2.534746471908,20.6));
#1715 = CARTESIAN_POINT('',(-6.402461343439,-2.558777734828,20.6));
#1716 = CARTESIAN_POINT('',(-6.448765273733,-2.589952504688,20.6));
#1717 = CARTESIAN_POINT('',(-6.502031618868,-2.628870830927,20.6));
#1718 = CARTESIAN_POINT('',(-6.561717047478,-2.676111508526,20.6));
#1719 = CARTESIAN_POINT('',(-6.627245394082,-2.73221981611,20.6));
#1720 = CARTESIAN_POINT('',(-6.698007849482,-2.797709342713,20.6));
#1721 = CARTESIAN_POINT('',(-6.773365113445,-2.873059115975,20.6));
#1722 = CARTESIAN_POINT('',(-6.852649003186,-2.958712399072,20.6));
#1723 = CARTESIAN_POINT('',(-6.935164334822,-3.055075072483,20.6));
#1724 = CARTESIAN_POINT('',(-7.020190826444,-3.16251423381,20.6));
#1725 = CARTESIAN_POINT('',(-7.106985032707,-3.281356980048,20.6));
#1726 = CARTESIAN_POINT('',(-7.194782569488,-3.411888720155,20.6));
#1727 = CARTESIAN_POINT('',(-7.282799440274,-3.554353977319,20.6));
#1728 = CARTESIAN_POINT('',(-7.370237349351,-3.708947471632,20.6));
#1729 = CARTESIAN_POINT('',(-7.426044278402,-3.817205555325,20.6));
#1730 = CARTESIAN_POINT('',(-7.453668743676,-3.873347681212,20.6));
#1731 = ORIENTED_EDGE('',*,*,#1732,.T.);
#1732 = EDGE_CURVE('',#1706,#1733,#1735,.T.);
#1733 = VERTEX_POINT('',#1734);
#1734 = CARTESIAN_POINT('',(-7.081251861457,-4.518392642811,20.6));
#1735 = B_SPLINE_CURVE_WITH_KNOTS('',1,(#1736,#1737),.UNSPECIFIED.,.F.,
  .F.,(2,2),(0.,0.744833764438),.PIECEWISE_BEZIER_KNOTS.);
#1736 = CARTESIAN_POINT('',(-7.453668743676,-3.873347681212,20.6));
#1737 = CARTESIAN_POINT('',(-7.081251861457,-4.518392642811,20.6));
#1738 = ORIENTED_EDGE('',*,*,#1739,.T.);
#1739 = EDGE_CURVE('',#1733,#1740,#1742,.T.);
#1740 = VERTEX_POINT('',#1741);
#1741 = CARTESIAN_POINT('',(-5.305678276514,-4.198291318116,20.6));
#1742 = B_SPLINE_CURVE_WITH_KNOTS('',3,(#1743,#1744,#1745,#1746,#1747,
    #1748,#1749,#1750,#1751,#1752,#1753,#1754,#1755,#1756,#1757,#1758,
    #1759,#1760,#1761,#1762,#1763,#1764),.UNSPECIFIED.,.F.,.F.,(4,1,1,1,
    1,1,1,1,1,1,1,1,1,1,1,1,1,1,1,4),(0.,0.187712297085,0.365277983834,
    0.532697060267,0.689969526408,0.837095382286,0.974074627934,
    1.100907263397,1.217593288729,1.324132703999,1.4205255093,
    1.506771704757,1.582871290544,1.648824266916,1.704630634267,
    1.750290393254,1.785803545098,1.811170092482,1.826390043458,
    1.831463454391),.UNSPECIFIED.);
#1743 = CARTESIAN_POINT('',(-7.081251861457,-4.518392642811,20.6));
#1744 = CARTESIAN_POINT('',(-7.018819121579,-4.522540217061,20.6));
#1745 = CARTESIAN_POINT('',(-6.897161406411,-4.528339040643,20.6));
#1746 = CARTESIAN_POINT('',(-6.719560558537,-4.529912337285,20.6));
#1747 = CARTESIAN_POINT('',(-6.552173591284,-4.524920119805,20.6));
#1748 = CARTESIAN_POINT('',(-6.39523101996,-4.514151092616,20.6));
#1749 = CARTESIAN_POINT('',(-6.248913079531,-4.498406478211,20.6));
#1750 = CARTESIAN_POINT('',(-6.11335479065,-4.478490957135,20.6));
#1751 = CARTESIAN_POINT('',(-5.988644601681,-4.455211920441,20.6));
#1752 = CARTESIAN_POINT('',(-5.874824737731,-4.429376699363,20.6));
#1753 = CARTESIAN_POINT('',(-5.771891287935,-4.401790281042,20.6));
#1754 = CARTESIAN_POINT('',(-5.679794466516,-4.373252960333,20.6));
#1755 = CARTESIAN_POINT('',(-5.598439073483,-4.344557901298,20.6));
#1756 = CARTESIAN_POINT('',(-5.527684732285,-4.316489142686,20.6));
#1757 = CARTESIAN_POINT('',(-5.467347300522,-4.289818297752,20.6));
#1758 = CARTESIAN_POINT('',(-5.417197192718,-4.265305302752,20.6));
#1759 = CARTESIAN_POINT('',(-5.376967191589,-4.243687422647,20.6));
#1760 = CARTESIAN_POINT('',(-5.346334330763,-4.225700994618,20.6));
#1761 = CARTESIAN_POINT('',(-5.324969961212,-4.212017717431,20.6));
#1762 = CARTESIAN_POINT('',(-5.312432631092,-4.203378493311,20.6));
#1763 = CARTESIAN_POINT('',(-5.307020758081,-4.199320188676,20.6));
#1764 = CARTESIAN_POINT('',(-5.305678276514,-4.198291318116,20.6));
#1765 = ORIENTED_EDGE('',*,*,#1766,.T.);
#1766 = EDGE_CURVE('',#1740,#1767,#1769,.T.);
#1767 = VERTEX_POINT('',#1768);
#1768 = CARTESIAN_POINT('',(-4.469896371072,-3.536951573302,20.6));
#1769 = B_SPLINE_CURVE_WITH_KNOTS('',1,(#1770,#1771),.UNSPECIFIED.,.F.,
  .F.,(2,2),(0.,1.065786869659),.PIECEWISE_BEZIER_KNOTS.);
#1770 = CARTESIAN_POINT('',(-5.305678276514,-4.198291318116,20.6));
#1771 = CARTESIAN_POINT('',(-4.469896371072,-3.536951573302,20.6));
#1772 = ORIENTED_EDGE('',*,*,#1773,.T.);
#1773 = EDGE_CURVE('',#1767,#1774,#1776,.T.);
#1774 = VERTEX_POINT('',#1775);
#1775 = CARTESIAN_POINT('',(-3.536951573302,-4.469896371072,20.6));
#1776 = B_SPLINE_CURVE_WITH_KNOTS('',1,(#1777,#1778),.UNSPECIFIED.,.F.,
  .F.,(2,2),(0.,1.319383185952),.PIECEWISE_BEZIER_KNOTS.);
#1777 = CARTESIAN_POINT('',(-4.469896371072,-3.536951573302,20.6));
#1778 = CARTESIAN_POINT('',(-3.536951573302,-4.469896371072,20.6));
#1779 = ORIENTED_EDGE('',*,*,#1780,.T.);
#1780 = EDGE_CURVE('',#1774,#1781,#1783,.T.);
#1781 = VERTEX_POINT('',#1782);
#1782 = CARTESIAN_POINT('',(-4.198291318116,-5.305678276514,20.6));
#1783 = B_SPLINE_CURVE_WITH_KNOTS('',1,(#1784,#1785),.UNSPECIFIED.,.F.,
  .F.,(2,2),(0.,1.065786869659),.PIECEWISE_BEZIER_KNOTS.);
#1784 = CARTESIAN_POINT('',(-3.536951573302,-4.469896371072,20.6));
#1785 = CARTESIAN_POINT('',(-4.198291318116,-5.305678276514,20.6));
#1786 = ORIENTED_EDGE('',*,*,#1787,.T.);
#1787 = EDGE_CURVE('',#1781,#1788,#1790,.T.);
#1788 = VERTEX_POINT('',#1789);
#1789 = CARTESIAN_POINT('',(-4.518392642811,-7.081251861457,20.6));
#1790 = B_SPLINE_CURVE_WITH_KNOTS('',3,(#1791,#1792,#1793,#1794,#1795,
    #1796,#1797,#1798,#1799,#1800,#1801,#1802,#1803,#1804,#1805,#1806,
    #1807,#1808,#1809,#1810,#1811,#1812),.UNSPECIFIED.,.F.,.F.,(4,1,1,1,
    1,1,1,1,1,1,1,1,1,1,1,1,1,1,1,4),(0.,5.073410932506E-03,
    2.029336190878E-02,4.56599092927E-02,8.117306113635E-02,
    0.126832820124,0.182639187475,0.248592163847,0.324691749634,
    0.410937945091,0.507330750392,0.613870165662,0.730556190994,
    0.857388826457,0.994368072105,1.141493927982,1.298766394124,
    1.466185470557,1.643751157306,1.831463454391),.UNSPECIFIED.);
#1791 = CARTESIAN_POINT('',(-4.198291318116,-5.305678276514,20.6));
#1792 = CARTESIAN_POINT('',(-4.199320188676,-5.307020758081,20.6));
#1793 = CARTESIAN_POINT('',(-4.203378493311,-5.312432631092,20.6));
#1794 = CARTESIAN_POINT('',(-4.212017717431,-5.324969961212,20.6));
#1795 = CARTESIAN_POINT('',(-4.225700994618,-5.346334330763,20.6));
#1796 = CARTESIAN_POINT('',(-4.243687422647,-5.376967191589,20.6));
#1797 = CARTESIAN_POINT('',(-4.265305302752,-5.417197192718,20.6));
#1798 = CARTESIAN_POINT('',(-4.289818297752,-5.467347300522,20.6));
#1799 = CARTESIAN_POINT('',(-4.316489142686,-5.527684732285,20.6));
#1800 = CARTESIAN_POINT('',(-4.344557901298,-5.598439073483,20.6));
#1801 = CARTESIAN_POINT('',(-4.373252960333,-5.679794466516,20.6));
#1802 = CARTESIAN_POINT('',(-4.401790281042,-5.771891287935,20.6));
#1803 = CARTESIAN_POINT('',(-4.429376699363,-5.874824737731,20.6));
#1804 = CARTESIAN_POINT('',(-4.455211920441,-5.988644601681,20.6));
#1805 = CARTESIAN_POINT('',(-4.478490957135,-6.11335479065,20.6));
#1806 = CARTESIAN_POINT('',(-4.498406478211,-6.248913079531,20.6));
#1807 = CARTESIAN_POINT('',(-4.514151092616,-6.39523101996,20.6));
#1808 = CARTESIAN_POINT('',(-4.524920119805,-6.552173591284,20.6));
#1809 = CARTESIAN_POINT('',(-4.529912337285,-6.719560558537,20.6));
#1810 = CARTESIAN_POINT('',(-4.528339040643,-6.897161406411,20.6));
#1811 = CARTESIAN_POINT('',(-4.522540217061,-7.018819121579,20.6));
#1812 = CARTESIAN_POINT('',(-4.518392642811,-7.081251861457,20.6));
#1813 = ORIENTED_EDGE('',*,*,#1814,.T.);
#1814 = EDGE_CURVE('',#1788,#1815,#1817,.T.);
#1815 = VERTEX_POINT('',#1816);
#1816 = CARTESIAN_POINT('',(-3.873347681212,-7.453668743676,20.6));
#1817 = B_SPLINE_CURVE_WITH_KNOTS('',1,(#1818,#1819),.UNSPECIFIED.,.F.,
  .F.,(2,2),(0.,0.744833764438),.PIECEWISE_BEZIER_KNOTS.);
#1818 = CARTESIAN_POINT('',(-4.518392642811,-7.081251861457,20.6));
#1819 = CARTESIAN_POINT('',(-3.873347681212,-7.453668743676,20.6));
#1820 = ORIENTED_EDGE('',*,*,#1821,.T.);
#1821 = EDGE_CURVE('',#1815,#1822,#1824,.T.);
#1822 = VERTEX_POINT('',#1823);
#1823 = CARTESIAN_POINT('',(-2.495706512711,-6.288666072233,20.6));
#1824 = B_SPLINE_CURVE_WITH_KNOTS('',3,(#1825,#1826,#1827,#1828,#1829,
    #1830,#1831,#1832,#1833,#1834,#1835,#1836,#1837,#1838,#1839,#1840,
    #1841,#1842,#1843,#1844,#1845,#1846),.UNSPECIFIED.,.F.,.F.,(4,1,1,1,
    1,1,1,1,1,1,1,1,1,1,1,1,1,1,1,4),(0.,0.187712297085,0.365277983834,
    0.532697060267,0.689969526408,0.837095382286,0.974074627934,
    1.100907263397,1.217593288729,1.324132703999,1.4205255093,
    1.506771704757,1.582871290544,1.648824266916,1.704630634267,
    1.750290393254,1.785803545098,1.811170092482,1.826390043458,
    1.831463454391),.UNSPECIFIED.);
#1825 = CARTESIAN_POINT('',(-3.873347681212,-7.453668743676,20.6));
#1826 = CARTESIAN_POINT('',(-3.817205555325,-7.426044278402,20.6));
#1827 = CARTESIAN_POINT('',(-3.708947471632,-7.370237349351,20.6));
#1828 = CARTESIAN_POINT('',(-3.554353977319,-7.282799440274,20.6));
#1829 = CARTESIAN_POINT('',(-3.411888720155,-7.194782569488,20.6));
#1830 = CARTESIAN_POINT('',(-3.281356980048,-7.106985032707,20.6));
#1831 = CARTESIAN_POINT('',(-3.16251423381,-7.020190826444,20.6));
#1832 = CARTESIAN_POINT('',(-3.055075072483,-6.935164334822,20.6));
#1833 = CARTESIAN_POINT('',(-2.958712399072,-6.852649003186,20.6));
#1834 = CARTESIAN_POINT('',(-2.873059115975,-6.773365113445,20.6));
#1835 = CARTESIAN_POINT('',(-2.797709342713,-6.698007849482,20.6));
#1836 = CARTESIAN_POINT('',(-2.73221981611,-6.627245394082,20.6));
#1837 = CARTESIAN_POINT('',(-2.676111508526,-6.561717047478,20.6));
#1838 = CARTESIAN_POINT('',(-2.628870830927,-6.502031618868,20.6));
#1839 = CARTESIAN_POINT('',(-2.589952504688,-6.448765273733,20.6));
#1840 = CARTESIAN_POINT('',(-2.558777734828,-6.402461343439,20.6));
#1841 = CARTESIAN_POINT('',(-2.534746471908,-6.363624709527,20.6));
#1842 = CARTESIAN_POINT('',(-2.517210850257,-6.332731575518,20.6));
#1843 = CARTESIAN_POINT('',(-2.505550402083,-6.310199325092,20.6));
#1844 = CARTESIAN_POINT('',(-2.499012367764,-6.296448872474,20.6));
#1845 = CARTESIAN_POINT('',(-2.496354700572,-6.290228341059,20.6));
#1846 = CARTESIAN_POINT('',(-2.495706512711,-6.288666072233,20.6));
#1847 = ORIENTED_EDGE('',*,*,#1848,.T.);
#1848 = EDGE_CURVE('',#1822,#1849,#1851,.T.);
#1849 = VERTEX_POINT('',#1850);
#1850 = CARTESIAN_POINT('',(-2.102568022981,-5.29803809997,20.6));
#1851 = B_SPLINE_CURVE_WITH_KNOTS('',1,(#1852,#1853),.UNSPECIFIED.,.F.,
  .F.,(2,2),(0.,1.065786869659),.PIECEWISE_BEZIER_KNOTS.);
#1852 = CARTESIAN_POINT('',(-2.495706512711,-6.288666072233,20.6));
#1853 = CARTESIAN_POINT('',(-2.102568022981,-5.29803809997,20.6));
#1854 = ORIENTED_EDGE('',*,*,#1855,.T.);
#1855 = EDGE_CURVE('',#1849,#1856,#1858,.T.);
#1856 = VERTEX_POINT('',#1857);
#1857 = CARTESIAN_POINT('',(-0.828141728899,-5.639519596283,20.6));
#1858 = B_SPLINE_CURVE_WITH_KNOTS('',1,(#1859,#1860),.UNSPECIFIED.,.F.,
  .F.,(2,2),(0.,1.319383185952),.PIECEWISE_BEZIER_KNOTS.);
#1859 = CARTESIAN_POINT('',(-2.102568022981,-5.29803809997,20.6));
#1860 = CARTESIAN_POINT('',(-0.828141728899,-5.639519596283,20.6));
#1861 = ORIENTED_EDGE('',*,*,#1862,.T.);
#1862 = EDGE_CURVE('',#1856,#1863,#1865,.T.);
#1863 = VERTEX_POINT('',#1864);
#1864 = CARTESIAN_POINT('',(-0.982987795719,-6.693997830827,20.6));
#1865 = B_SPLINE_CURVE_WITH_KNOTS('',1,(#1866,#1867),.UNSPECIFIED.,.F.,
  .F.,(2,2),(0.,1.065786869659),.PIECEWISE_BEZIER_KNOTS.);
#1866 = CARTESIAN_POINT('',(-0.828141728899,-5.639519596283,20.6));
#1867 = CARTESIAN_POINT('',(-0.982987795719,-6.693997830827,20.6));
#1868 = ORIENTED_EDGE('',*,*,#1869,.T.);
#1869 = EDGE_CURVE('',#1863,#1870,#1872,.T.);
#1870 = VERTEX_POINT('',#1871);
#1871 = CARTESIAN_POINT('',(-0.372416882219,-8.391740324023,20.6));
#1872 = B_SPLINE_CURVE_WITH_KNOTS('',3,(#1873,#1874,#1875,#1876,#1877,
    #1878,#1879,#1880,#1881,#1882,#1883,#1884,#1885,#1886,#1887,#1888,
    #1889,#1890,#1891,#1892,#1893,#1894),.UNSPECIFIED.,.F.,.F.,(4,1,1,1,
    1,1,1,1,1,1,1,1,1,1,1,1,1,1,1,4),(0.,5.073410932506E-03,
    2.029336190878E-02,4.56599092927E-02,8.117306113635E-02,
    0.126832820124,0.182639187475,0.248592163847,0.324691749634,
    0.410937945091,0.507330750392,0.613870165662,0.730556190994,
    0.857388826457,0.994368072105,1.141493927982,1.298766394124,
    1.466185470557,1.643751157306,1.831463454391),.UNSPECIFIED.);
#1873 = CARTESIAN_POINT('',(-0.982987795719,-6.693997830827,20.6));
#1874 = CARTESIAN_POINT('',(-0.983207582978,-6.695674889248,20.6));
#1875 = CARTESIAN_POINT('',(-0.984016241382,-6.702390861075,20.6));
#1876 = CARTESIAN_POINT('',(-0.98522936388,-6.717568119514,20.6));
#1877 = CARTESIAN_POINT('',(-0.986397244755,-6.742911844875,20.6));
#1878 = CARTESIAN_POINT('',(-0.986657517938,-6.778433894554,20.6));
#1879 = CARTESIAN_POINT('',(-0.985264150721,-6.82408303758,20.6));
#1880 = CARTESIAN_POINT('',(-0.981417973212,-6.87977080244,20.6));
#1881 = CARTESIAN_POINT('',(-0.974346886584,-6.945359973613,20.6));
#1882 = CARTESIAN_POINT('',(-0.963277973995,-7.020669409825,20.6));
#1883 = CARTESIAN_POINT('',(-0.947450927566,-7.105472776444,20.6));
#1884 = CARTESIAN_POINT('',(-0.926116561546,-7.199499623755,20.6));
#1885 = CARTESIAN_POINT('',(-0.898540375714,-7.302435815338,20.6));
#1886 = CARTESIAN_POINT('',(-0.864004401505,-7.413924319513,20.6));
#1887 = CARTESIAN_POINT('',(-0.821809544173,-7.533566029617,20.6));
#1888 = CARTESIAN_POINT('',(-0.771277746913,-7.66092071202,20.6));
#1889 = CARTESIAN_POINT('',(-0.711754012747,-7.795508072664,20.6));
#1890 = CARTESIAN_POINT('',(-0.642608978204,-7.936808839959,20.6));
#1891 = CARTESIAN_POINT('',(-0.563238881736,-8.084266314604,20.6));
#1892 = CARTESIAN_POINT('',(-0.47307594294,-8.237286512275,20.6));
#1893 = CARTESIAN_POINT('',(-0.407225156822,-8.339745772386,20.6));
#1894 = CARTESIAN_POINT('',(-0.372416882219,-8.391740324023,20.6));
#1895 = ORIENTED_EDGE('',*,*,#1896,.T.);
#1896 = EDGE_CURVE('',#1870,#1897,#1899,.T.);
#1897 = VERTEX_POINT('',#1898);
#1898 = CARTESIAN_POINT('',(0.372416882219,-8.391740324023,20.6));
#1899 = B_SPLINE_CURVE_WITH_KNOTS('',1,(#1900,#1901),.UNSPECIFIED.,.F.,
  .F.,(2,2),(0.,0.744833764438),.PIECEWISE_BEZIER_KNOTS.);
#1900 = CARTESIAN_POINT('',(-0.372416882219,-8.391740324023,20.6));
#1901 = CARTESIAN_POINT('',(0.372416882219,-8.391740324023,20.6));
#1902 = ORIENTED_EDGE('',*,*,#1903,.T.);
#1903 = EDGE_CURVE('',#1897,#1904,#1906,.T.);
#1904 = VERTEX_POINT('',#1905);
#1905 = CARTESIAN_POINT('',(0.982987795719,-6.693997830827,20.6));
#1906 = B_SPLINE_CURVE_WITH_KNOTS('',3,(#1907,#1908,#1909,#1910,#1911,
    #1912,#1913,#1914,#1915,#1916,#1917,#1918,#1919,#1920,#1921,#1922,
    #1923,#1924,#1925,#1926,#1927,#1928),.UNSPECIFIED.,.F.,.F.,(4,1,1,1,
    1,1,1,1,1,1,1,1,1,1,1,1,1,1,1,4),(0.,0.187712297085,0.365277983834,
    0.532697060267,0.689969526408,0.837095382286,0.974074627934,
    1.100907263397,1.217593288729,1.324132703999,1.4205255093,
    1.506771704757,1.582871290544,1.648824266916,1.704630634267,
    1.750290393254,1.785803545098,1.811170092482,1.826390043458,
    1.831463454391),.UNSPECIFIED.);
#1907 = CARTESIAN_POINT('',(0.372416882219,-8.391740324023,20.6));
#1908 = CARTESIAN_POINT('',(0.407225156822,-8.339745772386,20.6));
#1909 = CARTESIAN_POINT('',(0.47307594294,-8.237286512275,20.6));
#1910 = CARTESIAN_POINT('',(0.563238881736,-8.084266314604,20.6));
#1911 = CARTESIAN_POINT('',(0.642608978204,-7.936808839959,20.6));
#1912 = CARTESIAN_POINT('',(0.711754012747,-7.795508072664,20.6));
#1913 = CARTESIAN_POINT('',(0.771277746913,-7.66092071202,20.6));
#1914 = CARTESIAN_POINT('',(0.821809544173,-7.533566029617,20.6));
#1915 = CARTESIAN_POINT('',(0.864004401505,-7.413924319513,20.6));
#1916 = CARTESIAN_POINT('',(0.898540375714,-7.302435815338,20.6));
#1917 = CARTESIAN_POINT('',(0.926116561546,-7.199499623755,20.6));
#1918 = CARTESIAN_POINT('',(0.947450927566,-7.105472776444,20.6));
#1919 = CARTESIAN_POINT('',(0.963277973995,-7.020669409825,20.6));
#1920 = CARTESIAN_POINT('',(0.974346886584,-6.945359973613,20.6));
#1921 = CARTESIAN_POINT('',(0.981417973212,-6.87977080244,20.6));
#1922 = CARTESIAN_POINT('',(0.985264150721,-6.82408303758,20.6));
#1923 = CARTESIAN_POINT('',(0.986657517938,-6.778433894555,20.6));
#1924 = CARTESIAN_POINT('',(0.986397244755,-6.742911844875,20.6));
#1925 = CARTESIAN_POINT('',(0.98522936388,-6.717568119514,20.6));
#1926 = CARTESIAN_POINT('',(0.984016241382,-6.702390861075,20.6));
#1927 = CARTESIAN_POINT('',(0.983207582978,-6.695674889248,20.6));
#1928 = CARTESIAN_POINT('',(0.982987795719,-6.693997830827,20.6));
#1929 = ORIENTED_EDGE('',*,*,#1930,.T.);
#1930 = EDGE_CURVE('',#1904,#1931,#1933,.T.);
#1931 = VERTEX_POINT('',#1932);
#1932 = CARTESIAN_POINT('',(0.828141728899,-5.639519596283,20.6));
#1933 = B_SPLINE_CURVE_WITH_KNOTS('',1,(#1934,#1935),.UNSPECIFIED.,.F.,
  .F.,(2,2),(0.,1.065786869659),.PIECEWISE_BEZIER_KNOTS.);
#1934 = CARTESIAN_POINT('',(0.982987795719,-6.693997830827,20.6));
#1935 = CARTESIAN_POINT('',(0.828141728899,-5.639519596283,20.6));
#1936 = ORIENTED_EDGE('',*,*,#1937,.T.);
#1937 = EDGE_CURVE('',#1931,#1938,#1940,.T.);
#1938 = VERTEX_POINT('',#1939);
#1939 = CARTESIAN_POINT('',(2.102568022981,-5.29803809997,20.6));
#1940 = B_SPLINE_CURVE_WITH_KNOTS('',1,(#1941,#1942),.UNSPECIFIED.,.F.,
  .F.,(2,2),(0.,1.319383185952),.PIECEWISE_BEZIER_KNOTS.);
#1941 = CARTESIAN_POINT('',(0.828141728899,-5.639519596283,20.6));
#1942 = CARTESIAN_POINT('',(2.102568022981,-5.29803809997,20.6));
#1943 = ORIENTED_EDGE('',*,*,#1944,.T.);
#1944 = EDGE_CURVE('',#1938,#1945,#1947,.T.);
#1945 = VERTEX_POINT('',#1946);
#1946 = CARTESIAN_POINT('',(2.495706512711,-6.288666072233,20.6));
#1947 = B_SPLINE_CURVE_WITH_KNOTS('',1,(#1948,#1949),.UNSPECIFIED.,.F.,
  .F.,(2,2),(0.,1.065786869659),.PIECEWISE_BEZIER_KNOTS.);
#1948 = CARTESIAN_POINT('',(2.102568022981,-5.29803809997,20.6));
#1949 = CARTESIAN_POINT('',(2.495706512711,-6.288666072233,20.6));
#1950 = ORIENTED_EDGE('',*,*,#1951,.T.);
#1951 = EDGE_CURVE('',#1945,#1952,#1954,.T.);
#1952 = VERTEX_POINT('',#1953);
#1953 = CARTESIAN_POINT('',(3.873347681212,-7.453668743676,20.6));
#1954 = B_SPLINE_CURVE_WITH_KNOTS('',3,(#1955,#1956,#1957,#1958,#1959,
    #1960,#1961,#1962,#1963,#1964,#1965,#1966,#1967,#1968,#1969,#1970,
    #1971,#1972,#1973,#1974,#1975,#1976),.UNSPECIFIED.,.F.,.F.,(4,1,1,1,
    1,1,1,1,1,1,1,1,1,1,1,1,1,1,1,4),(0.,5.073410932506E-03,
    2.029336190878E-02,4.56599092927E-02,8.117306113635E-02,
    0.126832820124,0.182639187475,0.248592163847,0.324691749634,
    0.410937945091,0.507330750392,0.613870165662,0.730556190994,
    0.857388826457,0.994368072105,1.141493927982,1.298766394124,
    1.466185470557,1.643751157306,1.831463454391),.UNSPECIFIED.);
#1955 = CARTESIAN_POINT('',(2.495706512711,-6.288666072233,20.6));
#1956 = CARTESIAN_POINT('',(2.496354700572,-6.290228341059,20.6));
#1957 = CARTESIAN_POINT('',(2.499012367764,-6.296448872474,20.6));
#1958 = CARTESIAN_POINT('',(2.505550402083,-6.310199325092,20.6));
#1959 = CARTESIAN_POINT('',(2.517210850257,-6.332731575518,20.6));
#1960 = CARTESIAN_POINT('',(2.534746471908,-6.363624709527,20.6));
#1961 = CARTESIAN_POINT('',(2.558777734828,-6.402461343439,20.6));
#1962 = CARTESIAN_POINT('',(2.589952504688,-6.448765273733,20.6));
#1963 = CARTESIAN_POINT('',(2.628870830927,-6.502031618868,20.6));
#1964 = CARTESIAN_POINT('',(2.676111508526,-6.561717047478,20.6));
#1965 = CARTESIAN_POINT('',(2.73221981611,-6.627245394082,20.6));
#1966 = CARTESIAN_POINT('',(2.797709342713,-6.698007849482,20.6));
#1967 = CARTESIAN_POINT('',(2.873059115975,-6.773365113445,20.6));
#1968 = CARTESIAN_POINT('',(2.958712399072,-6.852649003186,20.6));
#1969 = CARTESIAN_POINT('',(3.055075072483,-6.935164334822,20.6));
#1970 = CARTESIAN_POINT('',(3.16251423381,-7.020190826444,20.6));
#1971 = CARTESIAN_POINT('',(3.281356980048,-7.106985032707,20.6));
#1972 = CARTESIAN_POINT('',(3.411888720155,-7.194782569488,20.6));
#1973 = CARTESIAN_POINT('',(3.554353977319,-7.282799440274,20.6));
#1974 = CARTESIAN_POINT('',(3.708947471632,-7.370237349351,20.6));
#1975 = CARTESIAN_POINT('',(3.817205555325,-7.426044278402,20.6));
#1976 = CARTESIAN_POINT('',(3.873347681212,-7.453668743676,20.6));
#1977 = ORIENTED_EDGE('',*,*,#1978,.T.);
#1978 = EDGE_CURVE('',#1952,#1979,#1981,.T.);
#1979 = VERTEX_POINT('',#1980);
#1980 = CARTESIAN_POINT('',(4.518392642811,-7.081251861457,20.6));
#1981 = B_SPLINE_CURVE_WITH_KNOTS('',1,(#1982,#1983),.UNSPECIFIED.,.F.,
  .F.,(2,2),(0.,0.744833764438),.PIECEWISE_BEZIER_KNOTS.);
#1982 = CARTESIAN_POINT('',(3.873347681212,-7.453668743676,20.6));
#1983 = CARTESIAN_POINT('',(4.518392642811,-7.081251861457,20.6));
#1984 = ORIENTED_EDGE('',*,*,#1985,.T.);
#1985 = EDGE_CURVE('',#1979,#1986,#1988,.T.);
#1986 = VERTEX_POINT('',#1987);
#1987 = CARTESIAN_POINT('',(4.198291318116,-5.305678276514,20.6));
#1988 = B_SPLINE_CURVE_WITH_KNOTS('',3,(#1989,#1990,#1991,#1992,#1993,
    #1994,#1995,#1996,#1997,#1998,#1999,#2000,#2001,#2002,#2003,#2004,
    #2005,#2006,#2007,#2008,#2009,#2010),.UNSPECIFIED.,.F.,.F.,(4,1,1,1,
    1,1,1,1,1,1,1,1,1,1,1,1,1,1,1,4),(0.,0.187712297085,0.365277983834,
    0.532697060267,0.689969526408,0.837095382286,0.974074627934,
    1.100907263397,1.217593288729,1.324132703999,1.4205255093,
    1.506771704757,1.582871290544,1.648824266916,1.704630634267,
    1.750290393254,1.785803545098,1.811170092482,1.826390043458,
    1.831463454391),.UNSPECIFIED.);
#1989 = CARTESIAN_POINT('',(4.518392642811,-7.081251861457,20.6));
#1990 = CARTESIAN_POINT('',(4.522540217061,-7.018819121579,20.6));
#1991 = CARTESIAN_POINT('',(4.528339040643,-6.897161406411,20.6));
#1992 = CARTESIAN_POINT('',(4.529912337285,-6.719560558537,20.6));
#1993 = CARTESIAN_POINT('',(4.524920119805,-6.552173591284,20.6));
#1994 = CARTESIAN_POINT('',(4.514151092616,-6.39523101996,20.6));
#1995 = CARTESIAN_POINT('',(4.498406478211,-6.248913079531,20.6));
#1996 = CARTESIAN_POINT('',(4.478490957135,-6.11335479065,20.6));
#1997 = CARTESIAN_POINT('',(4.455211920441,-5.988644601681,20.6));
#1998 = CARTESIAN_POINT('',(4.429376699363,-5.874824737731,20.6));
#1999 = CARTESIAN_POINT('',(4.401790281042,-5.771891287935,20.6));
#2000 = CARTESIAN_POINT('',(4.373252960333,-5.679794466516,20.6));
#2001 = CARTESIAN_POINT('',(4.344557901298,-5.598439073483,20.6));
#2002 = CARTESIAN_POINT('',(4.316489142686,-5.527684732285,20.6));
#2003 = CARTESIAN_POINT('',(4.289818297752,-5.467347300522,20.6));
#2004 = CARTESIAN_POINT('',(4.265305302752,-5.417197192718,20.6));
#2005 = CARTESIAN_POINT('',(4.243687422647,-5.376967191589,20.6));
#2006 = CARTESIAN_POINT('',(4.225700994618,-5.346334330763,20.6));
#2007 = CARTESIAN_POINT('',(4.212017717431,-5.324969961212,20.6));
#2008 = CARTESIAN_POINT('',(4.203378493311,-5.312432631092,20.6));
#2009 = CARTESIAN_POINT('',(4.199320188676,-5.307020758081,20.6));
#2010 = CARTESIAN_POINT('',(4.198291318116,-5.305678276514,20.6));
#2011 = ORIENTED_EDGE('',*,*,#2012,.T.);
#2012 = EDGE_CURVE('',#1986,#2013,#2015,.T.);
#2013 = VERTEX_POINT('',#2014);
#2014 = CARTESIAN_POINT('',(3.536951573302,-4.469896371072,20.6));
#2015 = B_SPLINE_CURVE_WITH_KNOTS('',1,(#2016,#2017),.UNSPECIFIED.,.F.,
  .F.,(2,2),(0.,1.065786869659),.PIECEWISE_BEZIER_KNOTS.);
#2016 = CARTESIAN_POINT('',(4.198291318116,-5.305678276514,20.6));
#2017 = CARTESIAN_POINT('',(3.536951573302,-4.469896371072,20.6));
#2018 = ORIENTED_EDGE('',*,*,#2019,.T.);
#2019 = EDGE_CURVE('',#2013,#2020,#2022,.T.);
#2020 = VERTEX_POINT('',#2021);
#2021 = CARTESIAN_POINT('',(4.469896371072,-3.536951573302,20.6));
#2022 = B_SPLINE_CURVE_WITH_KNOTS('',1,(#2023,#2024),.UNSPECIFIED.,.F.,
  .F.,(2,2),(0.,1.319383185952),.PIECEWISE_BEZIER_KNOTS.);
#2023 = CARTESIAN_POINT('',(3.536951573302,-4.469896371072,20.6));
#2024 = CARTESIAN_POINT('',(4.469896371072,-3.536951573302,20.6));
#2025 = ORIENTED_EDGE('',*,*,#2026,.T.);
#2026 = EDGE_CURVE('',#2020,#2027,#2029,.T.);
#2027 = VERTEX_POINT('',#2028);
#2028 = CARTESIAN_POINT('',(5.305678276514,-4.198291318116,20.6));
#2029 = B_SPLINE_CURVE_WITH_KNOTS('',1,(#2030,#2031),.UNSPECIFIED.,.F.,
  .F.,(2,2),(0.,1.065786869659),.PIECEWISE_BEZIER_KNOTS.);
#2030 = CARTESIAN_POINT('',(4.469896371072,-3.536951573302,20.6));
#2031 = CARTESIAN_POINT('',(5.305678276514,-4.198291318116,20.6));
#2032 = ORIENTED_EDGE('',*,*,#2033,.T.);
#2033 = EDGE_CURVE('',#2027,#2034,#2036,.T.);
#2034 = VERTEX_POINT('',#2035);
#2035 = CARTESIAN_POINT('',(7.081251861457,-4.518392642811,20.6));
#2036 = B_SPLINE_CURVE_WITH_KNOTS('',3,(#2037,#2038,#2039,#2040,#2041,
    #2042,#2043,#2044,#2045,#2046,#2047,#2048,#2049,#2050,#2051,#2052,
    #2053,#2054,#2055,#2056,#2057,#2058),.UNSPECIFIED.,.F.,.F.,(4,1,1,1,
    1,1,1,1,1,1,1,1,1,1,1,1,1,1,1,4),(0.,5.073410932506E-03,
    2.029336190878E-02,4.56599092927E-02,8.117306113635E-02,
    0.126832820124,0.182639187475,0.248592163847,0.324691749634,
    0.410937945091,0.507330750392,0.613870165662,0.730556190994,
    0.857388826457,0.994368072105,1.141493927982,1.298766394124,
    1.466185470557,1.643751157306,1.831463454391),.UNSPECIFIED.);
#2037 = CARTESIAN_POINT('',(5.305678276514,-4.198291318116,20.6));
#2038 = CARTESIAN_POINT('',(5.307020758081,-4.199320188677,20.6));
#2039 = CARTESIAN_POINT('',(5.312432631092,-4.203378493311,20.6));
#2040 = CARTESIAN_POINT('',(5.324969961212,-4.212017717431,20.6));
#2041 = CARTESIAN_POINT('',(5.346334330763,-4.225700994618,20.6));
#2042 = CARTESIAN_POINT('',(5.376967191589,-4.243687422647,20.6));
#2043 = CARTESIAN_POINT('',(5.417197192718,-4.265305302752,20.6));
#2044 = CARTESIAN_POINT('',(5.467347300522,-4.289818297752,20.6));
#2045 = CARTESIAN_POINT('',(5.527684732285,-4.316489142686,20.6));
#2046 = CARTESIAN_POINT('',(5.598439073483,-4.344557901298,20.6));
#2047 = CARTESIAN_POINT('',(5.679794466516,-4.373252960333,20.6));
#2048 = CARTESIAN_POINT('',(5.771891287935,-4.401790281042,20.6));
#2049 = CARTESIAN_POINT('',(5.874824737731,-4.429376699363,20.6));
#2050 = CARTESIAN_POINT('',(5.988644601681,-4.455211920441,20.6));
#2051 = CARTESIAN_POINT('',(6.11335479065,-4.478490957135,20.6));
#2052 = CARTESIAN_POINT('',(6.248913079531,-4.498406478211,20.6));
#2053 = CARTESIAN_POINT('',(6.39523101996,-4.514151092616,20.6));
#2054 = CARTESIAN_POINT('',(6.552173591284,-4.524920119805,20.6));
#2055 = CARTESIAN_POINT('',(6.719560558537,-4.529912337285,20.6));
#2056 = CARTESIAN_POINT('',(6.897161406411,-4.528339040643,20.6));
#2057 = CARTESIAN_POINT('',(7.018819121579,-4.522540217061,20.6));
#2058 = CARTESIAN_POINT('',(7.081251861457,-4.518392642811,20.6));
#2059 = ORIENTED_EDGE('',*,*,#2060,.T.);
#2060 = EDGE_CURVE('',#2034,#2061,#2063,.T.);
#2061 = VERTEX_POINT('',#2062);
#2062 = CARTESIAN_POINT('',(7.453668743676,-3.873347681212,20.6));
#2063 = B_SPLINE_CURVE_WITH_KNOTS('',1,(#2064,#2065),.UNSPECIFIED.,.F.,
  .F.,(2,2),(0.,0.744833764438),.PIECEWISE_BEZIER_KNOTS.);
#2064 = CARTESIAN_POINT('',(7.081251861457,-4.518392642811,20.6));
#2065 = CARTESIAN_POINT('',(7.453668743676,-3.873347681212,20.6));
#2066 = ORIENTED_EDGE('',*,*,#2067,.T.);
#2067 = EDGE_CURVE('',#2061,#2068,#2070,.T.);
#2068 = VERTEX_POINT('',#2069);
#2069 = CARTESIAN_POINT('',(6.288666072233,-2.495706512711,20.6));
#2070 = B_SPLINE_CURVE_WITH_KNOTS('',3,(#2071,#2072,#2073,#2074,#2075,
    #2076,#2077,#2078,#2079,#2080,#2081,#2082,#2083,#2084,#2085,#2086,
    #2087,#2088,#2089,#2090,#2091,#2092),.UNSPECIFIED.,.F.,.F.,(4,1,1,1,
    1,1,1,1,1,1,1,1,1,1,1,1,1,1,1,4),(0.,0.187712297085,0.365277983834,
    0.532697060267,0.689969526408,0.837095382286,0.974074627934,
    1.100907263397,1.217593288729,1.324132703999,1.4205255093,
    1.506771704757,1.582871290544,1.648824266916,1.704630634267,
    1.750290393254,1.785803545098,1.811170092482,1.826390043458,
    1.831463454391),.UNSPECIFIED.);
#2071 = CARTESIAN_POINT('',(7.453668743676,-3.873347681212,20.6));
#2072 = CARTESIAN_POINT('',(7.426044278402,-3.817205555325,20.6));
#2073 = CARTESIAN_POINT('',(7.370237349351,-3.708947471632,20.6));
#2074 = CARTESIAN_POINT('',(7.282799440274,-3.554353977319,20.6));
#2075 = CARTESIAN_POINT('',(7.194782569488,-3.411888720155,20.6));
#2076 = CARTESIAN_POINT('',(7.106985032707,-3.281356980048,20.6));
#2077 = CARTESIAN_POINT('',(7.020190826444,-3.16251423381,20.6));
#2078 = CARTESIAN_POINT('',(6.935164334822,-3.055075072483,20.6));
#2079 = CARTESIAN_POINT('',(6.852649003186,-2.958712399072,20.6));
#2080 = CARTESIAN_POINT('',(6.773365113445,-2.873059115975,20.6));
#2081 = CARTESIAN_POINT('',(6.698007849482,-2.797709342713,20.6));
#2082 = CARTESIAN_POINT('',(6.627245394082,-2.73221981611,20.6));
#2083 = CARTESIAN_POINT('',(6.561717047478,-2.676111508526,20.6));
#2084 = CARTESIAN_POINT('',(6.502031618868,-2.628870830927,20.6));
#2085 = CARTESIAN_POINT('',(6.448765273733,-2.589952504688,20.6));
#2086 = CARTESIAN_POINT('',(6.402461343439,-2.558777734828,20.6));
#2087 = CARTESIAN_POINT('',(6.363624709527,-2.534746471908,20.6));
#2088 = CARTESIAN_POINT('',(6.332731575518,-2.517210850257,20.6));
#2089 = CARTESIAN_POINT('',(6.310199325092,-2.505550402083,20.6));
#2090 = CARTESIAN_POINT('',(6.296448872474,-2.499012367764,20.6));
#2091 = CARTESIAN_POINT('',(6.290228341059,-2.496354700572,20.6));
#2092 = CARTESIAN_POINT('',(6.288666072233,-2.495706512711,20.6));
#2093 = ORIENTED_EDGE('',*,*,#2094,.T.);
#2094 = EDGE_CURVE('',#2068,#2095,#2097,.T.);
#2095 = VERTEX_POINT('',#2096);
#2096 = CARTESIAN_POINT('',(5.29803809997,-2.102568022981,20.6));
#2097 = B_SPLINE_CURVE_WITH_KNOTS('',1,(#2098,#2099),.UNSPECIFIED.,.F.,
  .F.,(2,2),(0.,1.065786869659),.PIECEWISE_BEZIER_KNOTS.);
#2098 = CARTESIAN_POINT('',(6.288666072233,-2.495706512711,20.6));
#2099 = CARTESIAN_POINT('',(5.29803809997,-2.102568022981,20.6));
#2100 = ORIENTED_EDGE('',*,*,#2101,.T.);
#2101 = EDGE_CURVE('',#2095,#2102,#2104,.T.);
#2102 = VERTEX_POINT('',#2103);
#2103 = CARTESIAN_POINT('',(5.639519596283,-0.828141728899,20.6));
#2104 = B_SPLINE_CURVE_WITH_KNOTS('',1,(#2105,#2106),.UNSPECIFIED.,.F.,
  .F.,(2,2),(0.,1.319383185952),.PIECEWISE_BEZIER_KNOTS.);
#2105 = CARTESIAN_POINT('',(5.29803809997,-2.102568022981,20.6));
#2106 = CARTESIAN_POINT('',(5.639519596283,-0.828141728899,20.6));
#2107 = ORIENTED_EDGE('',*,*,#2108,.T.);
#2108 = EDGE_CURVE('',#2102,#64,#2109,.T.);
#2109 = B_SPLINE_CURVE_WITH_KNOTS('',1,(#2110,#2111),.UNSPECIFIED.,.F.,
  .F.,(2,2),(0.,1.065786869659),.PIECEWISE_BEZIER_KNOTS.);
#2110 = CARTESIAN_POINT('',(5.639519596283,-0.828141728899,20.6));
#2111 = CARTESIAN_POINT('',(6.693997830827,-0.982987795719,20.6));
#2112 = ORIENTED_EDGE('',*,*,#71,.T.);
#2113 = FACE_BOUND('',#2114,.T.);
#2114 = EDGE_LOOP('',(#2115,#2126));
#2115 = ORIENTED_EDGE('',*,*,#2116,.F.);
#2116 = EDGE_CURVE('',#2117,#2119,#2121,.T.);
#2117 = VERTEX_POINT('',#2118);
#2118 = CARTESIAN_POINT('',(-2.175,-1.072380529476,20.6));
#2119 = VERTEX_POINT('',#2120);
#2120 = CARTESIAN_POINT('',(-2.175,1.072380529476,20.6));
#2121 = CIRCLE('',#2122,2.425);
#2122 = AXIS2_PLACEMENT_3D('',#2123,#2124,#2125);
#2123 = CARTESIAN_POINT('',(2.486162426066E-24,0.,20.6));
#2124 = DIRECTION('',(0.,0.,1.));
#2125 = DIRECTION('',(1.,0.,0.));
#2126 = ORIENTED_EDGE('',*,*,#2127,.T.);
#2127 = EDGE_CURVE('',#2117,#2119,#2128,.T.);
#2128 = LINE('',#2129,#2130);
#2129 = CARTESIAN_POINT('',(-2.175,0.,20.6));
#2130 = VECTOR('',#2131,1.);
#2131 = DIRECTION('',(0.,1.,0.));
#2132 = PLANE('',#2133);
#2133 = AXIS2_PLACEMENT_3D('',#2134,#2135,#2136);
#2134 = CARTESIAN_POINT('',(1.318512022071E-16,2.814125519428E-15,20.6)
  );
#2135 = DIRECTION('',(0.,0.,1.));
#2136 = DIRECTION('',(1.,0.,0.));
#2137 = ADVANCED_FACE('',(#2138),#2149,.F.);
#2138 = FACE_BOUND('',#2139,.F.);
#2139 = EDGE_LOOP('',(#2140,#2146,#2147,#2148));
#2140 = ORIENTED_EDGE('',*,*,#2141,.T.);
#2141 = EDGE_CURVE('',#1156,#2102,#2142,.T.);
#2142 = LINE('',#2143,#2144);
#2143 = CARTESIAN_POINT('',(5.639519596283,-0.828141728899,0.));
#2144 = VECTOR('',#2145,1.);
#2145 = DIRECTION('',(0.,0.,1.));
#2146 = ORIENTED_EDGE('',*,*,#2108,.T.);
#2147 = ORIENTED_EDGE('',*,*,#61,.F.);
#2148 = ORIENTED_EDGE('',*,*,#1162,.F.);
#2149 = SURFACE_OF_LINEAR_EXTRUSION('',#2150,#2153);
#2150 = B_SPLINE_CURVE_WITH_KNOTS('',1,(#2151,#2152),.UNSPECIFIED.,.F.,
  .F.,(2,2),(0.,1.065786869659),.PIECEWISE_BEZIER_KNOTS.);
#2151 = CARTESIAN_POINT('',(5.639519596283,-0.828141728899,0.));
#2152 = CARTESIAN_POINT('',(6.693997830827,-0.982987795719,0.));
#2153 = VECTOR('',#2154,1.);
#2154 = DIRECTION('',(-0.,-0.,-1.));
#2155 = ADVANCED_FACE('',(#2156),#2167,.F.);
#2156 = FACE_BOUND('',#2157,.F.);
#2157 = EDGE_LOOP('',(#2158,#2159,#2160,#2166));
#2158 = ORIENTED_EDGE('',*,*,#179,.T.);
#2159 = ORIENTED_EDGE('',*,*,#1189,.T.);
#2160 = ORIENTED_EDGE('',*,*,#2161,.F.);
#2161 = EDGE_CURVE('',#244,#1190,#2162,.T.);
#2162 = LINE('',#2163,#2164);
#2163 = CARTESIAN_POINT('',(5.639519596283,0.828141728899,0.));
#2164 = VECTOR('',#2165,1.);
#2165 = DIRECTION('',(0.,0.,1.));
#2166 = ORIENTED_EDGE('',*,*,#243,.F.);
#2167 = PLANE('',#2168);
#2168 = AXIS2_PLACEMENT_3D('',#2169,#2170,#2171);
#2169 = CARTESIAN_POINT('',(6.693997830827,0.982987795719,0.));
#2170 = DIRECTION('',(0.145288022614,-0.989389402857,0.));
#2171 = DIRECTION('',(-0.989389402857,-0.145288022614,0.));
#2172 = ADVANCED_FACE('',(#2173),#2184,.F.);
#2173 = FACE_BOUND('',#2174,.F.);
#2174 = EDGE_LOOP('',(#2175,#2181,#2182,#2183));
#2175 = ORIENTED_EDGE('',*,*,#2176,.T.);
#2176 = EDGE_CURVE('',#1149,#2095,#2177,.T.);
#2177 = LINE('',#2178,#2179);
#2178 = CARTESIAN_POINT('',(5.29803809997,-2.102568022981,0.));
#2179 = VECTOR('',#2180,1.);
#2180 = DIRECTION('',(0.,0.,1.));
#2181 = ORIENTED_EDGE('',*,*,#2101,.T.);
#2182 = ORIENTED_EDGE('',*,*,#2141,.F.);
#2183 = ORIENTED_EDGE('',*,*,#1155,.F.);
#2184 = SURFACE_OF_LINEAR_EXTRUSION('',#2185,#2188);
#2185 = B_SPLINE_CURVE_WITH_KNOTS('',1,(#2186,#2187),.UNSPECIFIED.,.F.,
  .F.,(2,2),(0.,1.319383185952),.PIECEWISE_BEZIER_KNOTS.);
#2186 = CARTESIAN_POINT('',(5.29803809997,-2.102568022981,0.));
#2187 = CARTESIAN_POINT('',(5.639519596283,-0.828141728899,0.));
#2188 = VECTOR('',#2189,1.);
#2189 = DIRECTION('',(-0.,-0.,-1.));
#2190 = ADVANCED_FACE('',(#2191),#2202,.F.);
#2191 = FACE_BOUND('',#2192,.F.);
#2192 = EDGE_LOOP('',(#2193,#2194,#2195,#2201));
#2193 = ORIENTED_EDGE('',*,*,#2161,.T.);
#2194 = ORIENTED_EDGE('',*,*,#1197,.T.);
#2195 = ORIENTED_EDGE('',*,*,#2196,.F.);
#2196 = EDGE_CURVE('',#252,#1198,#2197,.T.);
#2197 = LINE('',#2198,#2199);
#2198 = CARTESIAN_POINT('',(5.29803809997,2.102568022981,0.));
#2199 = VECTOR('',#2200,1.);
#2200 = DIRECTION('',(0.,0.,1.));
#2201 = ORIENTED_EDGE('',*,*,#251,.F.);
#2202 = PLANE('',#2203);
#2203 = AXIS2_PLACEMENT_3D('',#2204,#2205,#2206);
#2204 = CARTESIAN_POINT('',(5.639519596283,0.828141728899,0.));
#2205 = DIRECTION('',(-0.965925826289,-0.258819045103,0.));
#2206 = DIRECTION('',(-0.258819045103,0.965925826289,0.));
#2207 = ADVANCED_FACE('',(#2208),#2219,.F.);
#2208 = FACE_BOUND('',#2209,.F.);
#2209 = EDGE_LOOP('',(#2210,#2216,#2217,#2218));
#2210 = ORIENTED_EDGE('',*,*,#2211,.T.);
#2211 = EDGE_CURVE('',#1122,#2068,#2212,.T.);
#2212 = LINE('',#2213,#2214);
#2213 = CARTESIAN_POINT('',(6.288666072233,-2.495706512711,0.));
#2214 = VECTOR('',#2215,1.);
#2215 = DIRECTION('',(0.,0.,1.));
#2216 = ORIENTED_EDGE('',*,*,#2094,.T.);
#2217 = ORIENTED_EDGE('',*,*,#2176,.F.);
#2218 = ORIENTED_EDGE('',*,*,#1148,.F.);
#2219 = SURFACE_OF_LINEAR_EXTRUSION('',#2220,#2223);
#2220 = B_SPLINE_CURVE_WITH_KNOTS('',1,(#2221,#2222),.UNSPECIFIED.,.F.,
  .F.,(2,2),(0.,1.065786869659),.PIECEWISE_BEZIER_KNOTS.);
#2221 = CARTESIAN_POINT('',(6.288666072233,-2.495706512711,0.));
#2222 = CARTESIAN_POINT('',(5.29803809997,-2.102568022981,0.));
#2223 = VECTOR('',#2224,1.);
#2224 = DIRECTION('',(-0.,-0.,-1.));
#2225 = ADVANCED_FACE('',(#2226),#2237,.F.);
#2226 = FACE_BOUND('',#2227,.F.);
#2227 = EDGE_LOOP('',(#2228,#2229,#2230,#2236));
#2228 = ORIENTED_EDGE('',*,*,#2196,.T.);
#2229 = ORIENTED_EDGE('',*,*,#1205,.T.);
#2230 = ORIENTED_EDGE('',*,*,#2231,.F.);
#2231 = EDGE_CURVE('',#260,#1206,#2232,.T.);
#2232 = LINE('',#2233,#2234);
#2233 = CARTESIAN_POINT('',(6.288666072233,2.495706512711,0.));
#2234 = VECTOR('',#2235,1.);
#2235 = DIRECTION('',(0.,0.,1.));
#2236 = ORIENTED_EDGE('',*,*,#259,.F.);
#2237 = PLANE('',#2238);
#2238 = AXIS2_PLACEMENT_3D('',#2239,#2240,#2241);
#2239 = CARTESIAN_POINT('',(5.29803809997,2.102568022981,0.));
#2240 = DIRECTION('',(-0.368871582979,0.929480368416,0.));
#2241 = DIRECTION('',(0.929480368416,0.368871582979,0.));
#2242 = ADVANCED_FACE('',(#2243),#2254,.F.);
#2243 = FACE_BOUND('',#2244,.F.);
#2244 = EDGE_LOOP('',(#2245,#2251,#2252,#2253));
#2245 = ORIENTED_EDGE('',*,*,#2246,.T.);
#2246 = EDGE_CURVE('',#1115,#2061,#2247,.T.);
#2247 = LINE('',#2248,#2249);
#2248 = CARTESIAN_POINT('',(7.453668743676,-3.873347681212,0.));
#2249 = VECTOR('',#2250,1.);
#2250 = DIRECTION('',(0.,0.,1.));
#2251 = ORIENTED_EDGE('',*,*,#2067,.T.);
#2252 = ORIENTED_EDGE('',*,*,#2211,.F.);
#2253 = ORIENTED_EDGE('',*,*,#1121,.F.);
#2254 = SURFACE_OF_LINEAR_EXTRUSION('',#2255,#2278);
#2255 = B_SPLINE_CURVE_WITH_KNOTS('',3,(#2256,#2257,#2258,#2259,#2260,
    #2261,#2262,#2263,#2264,#2265,#2266,#2267,#2268,#2269,#2270,#2271,
    #2272,#2273,#2274,#2275,#2276,#2277),.UNSPECIFIED.,.F.,.F.,(4,1,1,1,
    1,1,1,1,1,1,1,1,1,1,1,1,1,1,1,4),(0.,0.187712297085,0.365277983834,
    0.532697060267,0.689969526408,0.837095382286,0.974074627934,
    1.100907263397,1.217593288729,1.324132703999,1.4205255093,
    1.506771704757,1.582871290544,1.648824266916,1.704630634267,
    1.750290393254,1.785803545098,1.811170092482,1.826390043458,
    1.831463454391),.UNSPECIFIED.);
#2256 = CARTESIAN_POINT('',(7.453668743676,-3.873347681212,0.));
#2257 = CARTESIAN_POINT('',(7.426044278402,-3.817205555325,0.));
#2258 = CARTESIAN_POINT('',(7.370237349351,-3.708947471632,0.));
#2259 = CARTESIAN_POINT('',(7.282799440274,-3.554353977319,0.));
#2260 = CARTESIAN_POINT('',(7.194782569488,-3.411888720155,0.));
#2261 = CARTESIAN_POINT('',(7.106985032707,-3.281356980048,0.));
#2262 = CARTESIAN_POINT('',(7.020190826444,-3.16251423381,0.));
#2263 = CARTESIAN_POINT('',(6.935164334822,-3.055075072483,0.));
#2264 = CARTESIAN_POINT('',(6.852649003186,-2.958712399072,0.));
#2265 = CARTESIAN_POINT('',(6.773365113445,-2.873059115975,0.));
#2266 = CARTESIAN_POINT('',(6.698007849482,-2.797709342713,0.));
#2267 = CARTESIAN_POINT('',(6.627245394082,-2.73221981611,0.));
#2268 = CARTESIAN_POINT('',(6.561717047478,-2.676111508526,0.));
#2269 = CARTESIAN_POINT('',(6.502031618868,-2.628870830927,0.));
#2270 = CARTESIAN_POINT('',(6.448765273733,-2.589952504688,0.));
#2271 = CARTESIAN_POINT('',(6.402461343439,-2.558777734828,0.));
#2272 = CARTESIAN_POINT('',(6.363624709527,-2.534746471908,0.));
#2273 = CARTESIAN_POINT('',(6.332731575518,-2.517210850257,0.));
#2274 = CARTESIAN_POINT('',(6.310199325092,-2.505550402083,0.));
#2275 = CARTESIAN_POINT('',(6.296448872474,-2.499012367764,0.));
#2276 = CARTESIAN_POINT('',(6.290228341059,-2.496354700572,0.));
#2277 = CARTESIAN_POINT('',(6.288666072233,-2.495706512711,0.));
#2278 = VECTOR('',#2279,1.);
#2279 = DIRECTION('',(-0.,-0.,-1.));
#2280 = ADVANCED_FACE('',(#2281),#2292,.F.);
#2281 = FACE_BOUND('',#2282,.F.);
#2282 = EDGE_LOOP('',(#2283,#2284,#2285,#2291));
#2283 = ORIENTED_EDGE('',*,*,#2231,.T.);
#2284 = ORIENTED_EDGE('',*,*,#1213,.T.);
#2285 = ORIENTED_EDGE('',*,*,#2286,.F.);
#2286 = EDGE_CURVE('',#268,#1214,#2287,.T.);
#2287 = LINE('',#2288,#2289);
#2288 = CARTESIAN_POINT('',(7.453668743676,3.873347681212,0.));
#2289 = VECTOR('',#2290,1.);
#2290 = DIRECTION('',(0.,0.,1.));
#2291 = ORIENTED_EDGE('',*,*,#267,.F.);
#2292 = SURFACE_OF_LINEAR_EXTRUSION('',#2293,#2316);
#2293 = B_SPLINE_CURVE_WITH_KNOTS('',3,(#2294,#2295,#2296,#2297,#2298,
    #2299,#2300,#2301,#2302,#2303,#2304,#2305,#2306,#2307,#2308,#2309,
    #2310,#2311,#2312,#2313,#2314,#2315),.UNSPECIFIED.,.F.,.F.,(4,1,1,1,
    1,1,1,1,1,1,1,1,1,1,1,1,1,1,1,4),(0.,5.073410932506E-03,
    2.029336190878E-02,4.56599092927E-02,8.117306113635E-02,
    0.126832820124,0.182639187475,0.248592163847,0.324691749634,
    0.410937945091,0.507330750392,0.613870165662,0.730556190994,
    0.857388826457,0.994368072105,1.141493927982,1.298766394124,
    1.466185470557,1.643751157306,1.831463454391),.UNSPECIFIED.);
#2294 = CARTESIAN_POINT('',(6.288666072233,2.495706512711,0.));
#2295 = CARTESIAN_POINT('',(6.290228341059,2.496354700572,0.));
#2296 = CARTESIAN_POINT('',(6.296448872474,2.499012367764,0.));
#2297 = CARTESIAN_POINT('',(6.310199325092,2.505550402083,0.));
#2298 = CARTESIAN_POINT('',(6.332731575518,2.517210850257,0.));
#2299 = CARTESIAN_POINT('',(6.363624709527,2.534746471908,0.));
#2300 = CARTESIAN_POINT('',(6.402461343439,2.558777734828,0.));
#2301 = CARTESIAN_POINT('',(6.448765273733,2.589952504688,0.));
#2302 = CARTESIAN_POINT('',(6.502031618868,2.628870830927,0.));
#2303 = CARTESIAN_POINT('',(6.561717047478,2.676111508526,0.));
#2304 = CARTESIAN_POINT('',(6.627245394082,2.73221981611,0.));
#2305 = CARTESIAN_POINT('',(6.698007849482,2.797709342713,0.));
#2306 = CARTESIAN_POINT('',(6.773365113445,2.873059115975,0.));
#2307 = CARTESIAN_POINT('',(6.852649003186,2.958712399072,0.));
#2308 = CARTESIAN_POINT('',(6.935164334822,3.055075072483,0.));
#2309 = CARTESIAN_POINT('',(7.020190826444,3.16251423381,0.));
#2310 = CARTESIAN_POINT('',(7.106985032707,3.281356980048,0.));
#2311 = CARTESIAN_POINT('',(7.194782569488,3.411888720155,0.));
#2312 = CARTESIAN_POINT('',(7.282799440274,3.554353977319,0.));
#2313 = CARTESIAN_POINT('',(7.370237349351,3.708947471632,0.));
#2314 = CARTESIAN_POINT('',(7.426044278402,3.817205555325,0.));
#2315 = CARTESIAN_POINT('',(7.453668743676,3.873347681212,0.));
#2316 = VECTOR('',#2317,1.);
#2317 = DIRECTION('',(-0.,-0.,-1.));
#2318 = ADVANCED_FACE('',(#2319),#2330,.F.);
#2319 = FACE_BOUND('',#2320,.F.);
#2320 = EDGE_LOOP('',(#2321,#2327,#2328,#2329));
#2321 = ORIENTED_EDGE('',*,*,#2322,.T.);
#2322 = EDGE_CURVE('',#1088,#2034,#2323,.T.);
#2323 = LINE('',#2324,#2325);
#2324 = CARTESIAN_POINT('',(7.081251861457,-4.518392642811,0.));
#2325 = VECTOR('',#2326,1.);
#2326 = DIRECTION('',(0.,0.,1.));
#2327 = ORIENTED_EDGE('',*,*,#2060,.T.);
#2328 = ORIENTED_EDGE('',*,*,#2246,.F.);
#2329 = ORIENTED_EDGE('',*,*,#1114,.F.);
#2330 = SURFACE_OF_LINEAR_EXTRUSION('',#2331,#2334);
#2331 = B_SPLINE_CURVE_WITH_KNOTS('',1,(#2332,#2333),.UNSPECIFIED.,.F.,
  .F.,(2,2),(0.,0.744833764438),.PIECEWISE_BEZIER_KNOTS.);
#2332 = CARTESIAN_POINT('',(7.081251861457,-4.518392642811,0.));
#2333 = CARTESIAN_POINT('',(7.453668743676,-3.873347681212,0.));
#2334 = VECTOR('',#2335,1.);
#2335 = DIRECTION('',(-0.,-0.,-1.));
#2336 = ADVANCED_FACE('',(#2337),#2348,.F.);
#2337 = FACE_BOUND('',#2338,.F.);
#2338 = EDGE_LOOP('',(#2339,#2340,#2341,#2347));
#2339 = ORIENTED_EDGE('',*,*,#2286,.T.);
#2340 = ORIENTED_EDGE('',*,*,#1240,.T.);
#2341 = ORIENTED_EDGE('',*,*,#2342,.F.);
#2342 = EDGE_CURVE('',#295,#1241,#2343,.T.);
#2343 = LINE('',#2344,#2345);
#2344 = CARTESIAN_POINT('',(7.081251861457,4.518392642811,0.));
#2345 = VECTOR('',#2346,1.);
#2346 = DIRECTION('',(0.,0.,1.));
#2347 = ORIENTED_EDGE('',*,*,#294,.F.);
#2348 = SURFACE_OF_LINEAR_EXTRUSION('',#2349,#2352);
#2349 = B_SPLINE_CURVE_WITH_KNOTS('',1,(#2350,#2351),.UNSPECIFIED.,.F.,
  .F.,(2,2),(0.,0.744833764438),.PIECEWISE_BEZIER_KNOTS.);
#2350 = CARTESIAN_POINT('',(7.453668743676,3.873347681212,0.));
#2351 = CARTESIAN_POINT('',(7.081251861457,4.518392642811,0.));
#2352 = VECTOR('',#2353,1.);
#2353 = DIRECTION('',(-0.,-0.,-1.));
#2354 = ADVANCED_FACE('',(#2355),#2366,.F.);
#2355 = FACE_BOUND('',#2356,.F.);
#2356 = EDGE_LOOP('',(#2357,#2363,#2364,#2365));
#2357 = ORIENTED_EDGE('',*,*,#2358,.T.);
#2358 = EDGE_CURVE('',#1081,#2027,#2359,.T.);
#2359 = LINE('',#2360,#2361);
#2360 = CARTESIAN_POINT('',(5.305678276514,-4.198291318116,0.));
#2361 = VECTOR('',#2362,1.);
#2362 = DIRECTION('',(0.,0.,1.));
#2363 = ORIENTED_EDGE('',*,*,#2033,.T.);
#2364 = ORIENTED_EDGE('',*,*,#2322,.F.);
#2365 = ORIENTED_EDGE('',*,*,#1087,.F.);
#2366 = SURFACE_OF_LINEAR_EXTRUSION('',#2367,#2390);
#2367 = B_SPLINE_CURVE_WITH_KNOTS('',3,(#2368,#2369,#2370,#2371,#2372,
    #2373,#2374,#2375,#2376,#2377,#2378,#2379,#2380,#2381,#2382,#2383,
    #2384,#2385,#2386,#2387,#2388,#2389),.UNSPECIFIED.,.F.,.F.,(4,1,1,1,
    1,1,1,1,1,1,1,1,1,1,1,1,1,1,1,4),(0.,5.073410932506E-03,
    2.029336190878E-02,4.56599092927E-02,8.117306113635E-02,
    0.126832820124,0.182639187475,0.248592163847,0.324691749634,
    0.410937945091,0.507330750392,0.613870165662,0.730556190994,
    0.857388826457,0.994368072105,1.141493927982,1.298766394124,
    1.466185470557,1.643751157306,1.831463454391),.UNSPECIFIED.);
#2368 = CARTESIAN_POINT('',(5.305678276514,-4.198291318116,0.));
#2369 = CARTESIAN_POINT('',(5.307020758081,-4.199320188677,0.));
#2370 = CARTESIAN_POINT('',(5.312432631092,-4.203378493311,0.));
#2371 = CARTESIAN_POINT('',(5.324969961212,-4.212017717431,0.));
#2372 = CARTESIAN_POINT('',(5.346334330763,-4.225700994618,0.));
#2373 = CARTESIAN_POINT('',(5.376967191589,-4.243687422647,0.));
#2374 = CARTESIAN_POINT('',(5.417197192718,-4.265305302752,0.));
#2375 = CARTESIAN_POINT('',(5.467347300522,-4.289818297752,0.));
#2376 = CARTESIAN_POINT('',(5.527684732285,-4.316489142686,0.));
#2377 = CARTESIAN_POINT('',(5.598439073483,-4.344557901298,0.));
#2378 = CARTESIAN_POINT('',(5.679794466516,-4.373252960333,0.));
#2379 = CARTESIAN_POINT('',(5.771891287935,-4.401790281042,0.));
#2380 = CARTESIAN_POINT('',(5.874824737731,-4.429376699363,0.));
#2381 = CARTESIAN_POINT('',(5.988644601681,-4.455211920441,0.));
#2382 = CARTESIAN_POINT('',(6.11335479065,-4.478490957135,0.));
#2383 = CARTESIAN_POINT('',(6.248913079531,-4.498406478211,0.));
#2384 = CARTESIAN_POINT('',(6.39523101996,-4.514151092616,0.));
#2385 = CARTESIAN_POINT('',(6.552173591284,-4.524920119805,0.));
#2386 = CARTESIAN_POINT('',(6.719560558537,-4.529912337285,0.));
#2387 = CARTESIAN_POINT('',(6.897161406411,-4.528339040643,0.));
#2388 = CARTESIAN_POINT('',(7.018819121579,-4.522540217061,0.));
#2389 = CARTESIAN_POINT('',(7.081251861457,-4.518392642811,0.));
#2390 = VECTOR('',#2391,1.);
#2391 = DIRECTION('',(-0.,-0.,-1.));
#2392 = ADVANCED_FACE('',(#2393),#2404,.F.);
#2393 = FACE_BOUND('',#2394,.F.);
#2394 = EDGE_LOOP('',(#2395,#2396,#2397,#2403));
#2395 = ORIENTED_EDGE('',*,*,#2342,.T.);
#2396 = ORIENTED_EDGE('',*,*,#1247,.T.);
#2397 = ORIENTED_EDGE('',*,*,#2398,.F.);
#2398 = EDGE_CURVE('',#302,#1248,#2399,.T.);
#2399 = LINE('',#2400,#2401);
#2400 = CARTESIAN_POINT('',(5.305678276514,4.198291318116,0.));
#2401 = VECTOR('',#2402,1.);
#2402 = DIRECTION('',(0.,0.,1.));
#2403 = ORIENTED_EDGE('',*,*,#301,.F.);
#2404 = SURFACE_OF_LINEAR_EXTRUSION('',#2405,#2428);
#2405 = B_SPLINE_CURVE_WITH_KNOTS('',3,(#2406,#2407,#2408,#2409,#2410,
    #2411,#2412,#2413,#2414,#2415,#2416,#2417,#2418,#2419,#2420,#2421,
    #2422,#2423,#2424,#2425,#2426,#2427),.UNSPECIFIED.,.F.,.F.,(4,1,1,1,
    1,1,1,1,1,1,1,1,1,1,1,1,1,1,1,4),(0.,0.187712297085,0.365277983834,
    0.532697060267,0.689969526408,0.837095382286,0.974074627934,
    1.100907263397,1.217593288729,1.324132703999,1.4205255093,
    1.506771704757,1.582871290544,1.648824266916,1.704630634267,
    1.750290393254,1.785803545098,1.811170092482,1.826390043458,
    1.831463454391),.UNSPECIFIED.);
#2406 = CARTESIAN_POINT('',(7.081251861457,4.518392642811,0.));
#2407 = CARTESIAN_POINT('',(7.018819121579,4.522540217061,0.));
#2408 = CARTESIAN_POINT('',(6.897161406411,4.528339040643,0.));
#2409 = CARTESIAN_POINT('',(6.719560558537,4.529912337285,0.));
#2410 = CARTESIAN_POINT('',(6.552173591284,4.524920119805,0.));
#2411 = CARTESIAN_POINT('',(6.39523101996,4.514151092616,0.));
#2412 = CARTESIAN_POINT('',(6.248913079531,4.498406478211,0.));
#2413 = CARTESIAN_POINT('',(6.11335479065,4.478490957135,0.));
#2414 = CARTESIAN_POINT('',(5.988644601681,4.455211920441,0.));
#2415 = CARTESIAN_POINT('',(5.874824737731,4.429376699363,0.));
#2416 = CARTESIAN_POINT('',(5.771891287935,4.401790281042,0.));
#2417 = CARTESIAN_POINT('',(5.679794466516,4.373252960333,0.));
#2418 = CARTESIAN_POINT('',(5.598439073483,4.344557901298,0.));
#2419 = CARTESIAN_POINT('',(5.527684732285,4.316489142686,0.));
#2420 = CARTESIAN_POINT('',(5.467347300522,4.289818297752,0.));
#2421 = CARTESIAN_POINT('',(5.417197192718,4.265305302752,0.));
#2422 = CARTESIAN_POINT('',(5.376967191589,4.243687422647,0.));
#2423 = CARTESIAN_POINT('',(5.346334330763,4.225700994618,0.));
#2424 = CARTESIAN_POINT('',(5.324969961212,4.212017717431,0.));
#2425 = CARTESIAN_POINT('',(5.312432631092,4.203378493311,0.));
#2426 = CARTESIAN_POINT('',(5.307020758081,4.199320188676,0.));
#2427 = CARTESIAN_POINT('',(5.305678276514,4.198291318116,0.));
#2428 = VECTOR('',#2429,1.);
#2429 = DIRECTION('',(-0.,-0.,-1.));
#2430 = ADVANCED_FACE('',(#2431),#2442,.F.);
#2431 = FACE_BOUND('',#2432,.F.);
#2432 = EDGE_LOOP('',(#2433,#2439,#2440,#2441));
#2433 = ORIENTED_EDGE('',*,*,#2434,.T.);
#2434 = EDGE_CURVE('',#1074,#2020,#2435,.T.);
#2435 = LINE('',#2436,#2437);
#2436 = CARTESIAN_POINT('',(4.469896371072,-3.536951573302,0.));
#2437 = VECTOR('',#2438,1.);
#2438 = DIRECTION('',(0.,0.,1.));
#2439 = ORIENTED_EDGE('',*,*,#2026,.T.);
#2440 = ORIENTED_EDGE('',*,*,#2358,.F.);
#2441 = ORIENTED_EDGE('',*,*,#1080,.F.);
#2442 = SURFACE_OF_LINEAR_EXTRUSION('',#2443,#2446);
#2443 = B_SPLINE_CURVE_WITH_KNOTS('',1,(#2444,#2445),.UNSPECIFIED.,.F.,
  .F.,(2,2),(0.,1.065786869659),.PIECEWISE_BEZIER_KNOTS.);
#2444 = CARTESIAN_POINT('',(4.469896371072,-3.536951573302,0.));
#2445 = CARTESIAN_POINT('',(5.305678276514,-4.198291318116,0.));
#2446 = VECTOR('',#2447,1.);
#2447 = DIRECTION('',(-0.,-0.,-1.));
#2448 = ADVANCED_FACE('',(#2449),#2460,.F.);
#2449 = FACE_BOUND('',#2450,.F.);
#2450 = EDGE_LOOP('',(#2451,#2452,#2453,#2459));
#2451 = ORIENTED_EDGE('',*,*,#2398,.T.);
#2452 = ORIENTED_EDGE('',*,*,#1274,.T.);
#2453 = ORIENTED_EDGE('',*,*,#2454,.F.);
#2454 = EDGE_CURVE('',#329,#1275,#2455,.T.);
#2455 = LINE('',#2456,#2457);
#2456 = CARTESIAN_POINT('',(4.469896371072,3.536951573302,0.));
#2457 = VECTOR('',#2458,1.);
#2458 = DIRECTION('',(0.,0.,1.));
#2459 = ORIENTED_EDGE('',*,*,#328,.F.);
#2460 = SURFACE_OF_LINEAR_EXTRUSION('',#2461,#2464);
#2461 = B_SPLINE_CURVE_WITH_KNOTS('',1,(#2462,#2463),.UNSPECIFIED.,.F.,
  .F.,(2,2),(0.,1.065786869659),.PIECEWISE_BEZIER_KNOTS.);
#2462 = CARTESIAN_POINT('',(5.305678276514,4.198291318116,0.));
#2463 = CARTESIAN_POINT('',(4.469896371072,3.536951573302,0.));
#2464 = VECTOR('',#2465,1.);
#2465 = DIRECTION('',(-0.,-0.,-1.));
#2466 = ADVANCED_FACE('',(#2467),#2478,.F.);
#2467 = FACE_BOUND('',#2468,.F.);
#2468 = EDGE_LOOP('',(#2469,#2475,#2476,#2477));
#2469 = ORIENTED_EDGE('',*,*,#2470,.T.);
#2470 = EDGE_CURVE('',#1067,#2013,#2471,.T.);
#2471 = LINE('',#2472,#2473);
#2472 = CARTESIAN_POINT('',(3.536951573302,-4.469896371072,0.));
#2473 = VECTOR('',#2474,1.);
#2474 = DIRECTION('',(0.,0.,1.));
#2475 = ORIENTED_EDGE('',*,*,#2019,.T.);
#2476 = ORIENTED_EDGE('',*,*,#2434,.F.);
#2477 = ORIENTED_EDGE('',*,*,#1073,.F.);
#2478 = SURFACE_OF_LINEAR_EXTRUSION('',#2479,#2482);
#2479 = B_SPLINE_CURVE_WITH_KNOTS('',1,(#2480,#2481),.UNSPECIFIED.,.F.,
  .F.,(2,2),(0.,1.319383185952),.PIECEWISE_BEZIER_KNOTS.);
#2480 = CARTESIAN_POINT('',(3.536951573302,-4.469896371072,0.));
#2481 = CARTESIAN_POINT('',(4.469896371072,-3.536951573302,0.));
#2482 = VECTOR('',#2483,1.);
#2483 = DIRECTION('',(-0.,-0.,-1.));
#2484 = ADVANCED_FACE('',(#2485),#2496,.F.);
#2485 = FACE_BOUND('',#2486,.F.);
#2486 = EDGE_LOOP('',(#2487,#2488,#2489,#2495));
#2487 = ORIENTED_EDGE('',*,*,#2454,.T.);
#2488 = ORIENTED_EDGE('',*,*,#1281,.T.);
#2489 = ORIENTED_EDGE('',*,*,#2490,.F.);
#2490 = EDGE_CURVE('',#336,#1282,#2491,.T.);
#2491 = LINE('',#2492,#2493);
#2492 = CARTESIAN_POINT('',(3.536951573302,4.469896371072,0.));
#2493 = VECTOR('',#2494,1.);
#2494 = DIRECTION('',(0.,0.,1.));
#2495 = ORIENTED_EDGE('',*,*,#335,.F.);
#2496 = SURFACE_OF_LINEAR_EXTRUSION('',#2497,#2500);
#2497 = B_SPLINE_CURVE_WITH_KNOTS('',1,(#2498,#2499),.UNSPECIFIED.,.F.,
  .F.,(2,2),(0.,1.319383185952),.PIECEWISE_BEZIER_KNOTS.);
#2498 = CARTESIAN_POINT('',(4.469896371072,3.536951573302,0.));
#2499 = CARTESIAN_POINT('',(3.536951573302,4.469896371072,0.));
#2500 = VECTOR('',#2501,1.);
#2501 = DIRECTION('',(-0.,-0.,-1.));
#2502 = ADVANCED_FACE('',(#2503),#2514,.F.);
#2503 = FACE_BOUND('',#2504,.F.);
#2504 = EDGE_LOOP('',(#2505,#2511,#2512,#2513));
#2505 = ORIENTED_EDGE('',*,*,#2506,.T.);
#2506 = EDGE_CURVE('',#1040,#1986,#2507,.T.);
#2507 = LINE('',#2508,#2509);
#2508 = CARTESIAN_POINT('',(4.198291318116,-5.305678276514,0.));
#2509 = VECTOR('',#2510,1.);
#2510 = DIRECTION('',(0.,0.,1.));
#2511 = ORIENTED_EDGE('',*,*,#2012,.T.);
#2512 = ORIENTED_EDGE('',*,*,#2470,.F.);
#2513 = ORIENTED_EDGE('',*,*,#1066,.F.);
#2514 = SURFACE_OF_LINEAR_EXTRUSION('',#2515,#2518);
#2515 = B_SPLINE_CURVE_WITH_KNOTS('',1,(#2516,#2517),.UNSPECIFIED.,.F.,
  .F.,(2,2),(0.,1.065786869659),.PIECEWISE_BEZIER_KNOTS.);
#2516 = CARTESIAN_POINT('',(4.198291318116,-5.305678276514,0.));
#2517 = CARTESIAN_POINT('',(3.536951573302,-4.469896371072,0.));
#2518 = VECTOR('',#2519,1.);
#2519 = DIRECTION('',(-0.,-0.,-1.));
#2520 = ADVANCED_FACE('',(#2521),#2532,.F.);
#2521 = FACE_BOUND('',#2522,.F.);
#2522 = EDGE_LOOP('',(#2523,#2524,#2525,#2531));
#2523 = ORIENTED_EDGE('',*,*,#2490,.T.);
#2524 = ORIENTED_EDGE('',*,*,#1288,.T.);
#2525 = ORIENTED_EDGE('',*,*,#2526,.F.);
#2526 = EDGE_CURVE('',#343,#1289,#2527,.T.);
#2527 = LINE('',#2528,#2529);
#2528 = CARTESIAN_POINT('',(4.198291318116,5.305678276514,0.));
#2529 = VECTOR('',#2530,1.);
#2530 = DIRECTION('',(0.,0.,1.));
#2531 = ORIENTED_EDGE('',*,*,#342,.F.);
#2532 = SURFACE_OF_LINEAR_EXTRUSION('',#2533,#2536);
#2533 = B_SPLINE_CURVE_WITH_KNOTS('',1,(#2534,#2535),.UNSPECIFIED.,.F.,
  .F.,(2,2),(0.,1.065786869659),.PIECEWISE_BEZIER_KNOTS.);
#2534 = CARTESIAN_POINT('',(3.536951573302,4.469896371072,0.));
#2535 = CARTESIAN_POINT('',(4.198291318116,5.305678276514,0.));
#2536 = VECTOR('',#2537,1.);
#2537 = DIRECTION('',(-0.,-0.,-1.));
#2538 = ADVANCED_FACE('',(#2539),#2550,.F.);
#2539 = FACE_BOUND('',#2540,.F.);
#2540 = EDGE_LOOP('',(#2541,#2547,#2548,#2549));
#2541 = ORIENTED_EDGE('',*,*,#2542,.T.);
#2542 = EDGE_CURVE('',#1033,#1979,#2543,.T.);
#2543 = LINE('',#2544,#2545);
#2544 = CARTESIAN_POINT('',(4.518392642811,-7.081251861457,0.));
#2545 = VECTOR('',#2546,1.);
#2546 = DIRECTION('',(0.,0.,1.));
#2547 = ORIENTED_EDGE('',*,*,#1985,.T.);
#2548 = ORIENTED_EDGE('',*,*,#2506,.F.);
#2549 = ORIENTED_EDGE('',*,*,#1039,.F.);
#2550 = SURFACE_OF_LINEAR_EXTRUSION('',#2551,#2574);
#2551 = B_SPLINE_CURVE_WITH_KNOTS('',3,(#2552,#2553,#2554,#2555,#2556,
    #2557,#2558,#2559,#2560,#2561,#2562,#2563,#2564,#2565,#2566,#2567,
    #2568,#2569,#2570,#2571,#2572,#2573),.UNSPECIFIED.,.F.,.F.,(4,1,1,1,
    1,1,1,1,1,1,1,1,1,1,1,1,1,1,1,4),(0.,0.187712297085,0.365277983834,
    0.532697060267,0.689969526408,0.837095382286,0.974074627934,
    1.100907263397,1.217593288729,1.324132703999,1.4205255093,
    1.506771704757,1.582871290544,1.648824266916,1.704630634267,
    1.750290393254,1.785803545098,1.811170092482,1.826390043458,
    1.831463454391),.UNSPECIFIED.);
#2552 = CARTESIAN_POINT('',(4.518392642811,-7.081251861457,0.));
#2553 = CARTESIAN_POINT('',(4.522540217061,-7.018819121579,0.));
#2554 = CARTESIAN_POINT('',(4.528339040643,-6.897161406411,0.));
#2555 = CARTESIAN_POINT('',(4.529912337285,-6.719560558537,0.));
#2556 = CARTESIAN_POINT('',(4.524920119805,-6.552173591284,0.));
#2557 = CARTESIAN_POINT('',(4.514151092616,-6.39523101996,0.));
#2558 = CARTESIAN_POINT('',(4.498406478211,-6.248913079531,0.));
#2559 = CARTESIAN_POINT('',(4.478490957135,-6.11335479065,0.));
#2560 = CARTESIAN_POINT('',(4.455211920441,-5.988644601681,0.));
#2561 = CARTESIAN_POINT('',(4.429376699363,-5.874824737731,0.));
#2562 = CARTESIAN_POINT('',(4.401790281042,-5.771891287935,0.));
#2563 = CARTESIAN_POINT('',(4.373252960333,-5.679794466516,0.));
#2564 = CARTESIAN_POINT('',(4.344557901298,-5.598439073483,0.));
#2565 = CARTESIAN_POINT('',(4.316489142686,-5.527684732285,0.));
#2566 = CARTESIAN_POINT('',(4.289818297752,-5.467347300522,0.));
#2567 = CARTESIAN_POINT('',(4.265305302752,-5.417197192718,0.));
#2568 = CARTESIAN_POINT('',(4.243687422647,-5.376967191589,0.));
#2569 = CARTESIAN_POINT('',(4.225700994618,-5.346334330763,0.));
#2570 = CARTESIAN_POINT('',(4.212017717431,-5.324969961212,0.));
#2571 = CARTESIAN_POINT('',(4.203378493311,-5.312432631092,0.));
#2572 = CARTESIAN_POINT('',(4.199320188676,-5.307020758081,0.));
#2573 = CARTESIAN_POINT('',(4.198291318116,-5.305678276514,0.));
#2574 = VECTOR('',#2575,1.);
#2575 = DIRECTION('',(-0.,-0.,-1.));
#2576 = ADVANCED_FACE('',(#2577),#2588,.F.);
#2577 = FACE_BOUND('',#2578,.F.);
#2578 = EDGE_LOOP('',(#2579,#2580,#2581,#2587));
#2579 = ORIENTED_EDGE('',*,*,#2526,.T.);
#2580 = ORIENTED_EDGE('',*,*,#1295,.T.);
#2581 = ORIENTED_EDGE('',*,*,#2582,.F.);
#2582 = EDGE_CURVE('',#350,#1296,#2583,.T.);
#2583 = LINE('',#2584,#2585);
#2584 = CARTESIAN_POINT('',(4.518392642811,7.081251861457,0.));
#2585 = VECTOR('',#2586,1.);
#2586 = DIRECTION('',(0.,0.,1.));
#2587 = ORIENTED_EDGE('',*,*,#349,.F.);
#2588 = SURFACE_OF_LINEAR_EXTRUSION('',#2589,#2612);
#2589 = B_SPLINE_CURVE_WITH_KNOTS('',3,(#2590,#2591,#2592,#2593,#2594,
    #2595,#2596,#2597,#2598,#2599,#2600,#2601,#2602,#2603,#2604,#2605,
    #2606,#2607,#2608,#2609,#2610,#2611),.UNSPECIFIED.,.F.,.F.,(4,1,1,1,
    1,1,1,1,1,1,1,1,1,1,1,1,1,1,1,4),(0.,5.073410932506E-03,
    2.029336190878E-02,4.56599092927E-02,8.117306113635E-02,
    0.126832820124,0.182639187475,0.248592163847,0.324691749634,
    0.410937945091,0.507330750392,0.613870165662,0.730556190994,
    0.857388826457,0.994368072105,1.141493927982,1.298766394124,
    1.466185470557,1.643751157306,1.831463454391),.UNSPECIFIED.);
#2590 = CARTESIAN_POINT('',(4.198291318116,5.305678276514,0.));
#2591 = CARTESIAN_POINT('',(4.199320188676,5.307020758081,0.));
#2592 = CARTESIAN_POINT('',(4.203378493311,5.312432631092,0.));
#2593 = CARTESIAN_POINT('',(4.212017717431,5.324969961212,0.));
#2594 = CARTESIAN_POINT('',(4.225700994618,5.346334330763,0.));
#2595 = CARTESIAN_POINT('',(4.243687422647,5.376967191589,0.));
#2596 = CARTESIAN_POINT('',(4.265305302752,5.417197192718,0.));
#2597 = CARTESIAN_POINT('',(4.289818297752,5.467347300522,0.));
#2598 = CARTESIAN_POINT('',(4.316489142686,5.527684732285,0.));
#2599 = CARTESIAN_POINT('',(4.344557901298,5.598439073483,0.));
#2600 = CARTESIAN_POINT('',(4.373252960333,5.679794466516,0.));
#2601 = CARTESIAN_POINT('',(4.401790281042,5.771891287935,0.));
#2602 = CARTESIAN_POINT('',(4.429376699363,5.874824737731,0.));
#2603 = CARTESIAN_POINT('',(4.455211920441,5.988644601681,0.));
#2604 = CARTESIAN_POINT('',(4.478490957135,6.11335479065,0.));
#2605 = CARTESIAN_POINT('',(4.498406478211,6.248913079531,0.));
#2606 = CARTESIAN_POINT('',(4.514151092616,6.39523101996,0.));
#2607 = CARTESIAN_POINT('',(4.524920119805,6.552173591284,0.));
#2608 = CARTESIAN_POINT('',(4.529912337285,6.719560558537,0.));
#2609 = CARTESIAN_POINT('',(4.528339040643,6.897161406411,0.));
#2610 = CARTESIAN_POINT('',(4.522540217061,7.018819121579,0.));
#2611 = CARTESIAN_POINT('',(4.518392642811,7.081251861457,0.));
#2612 = VECTOR('',#2613,1.);
#2613 = DIRECTION('',(-0.,-0.,-1.));
#2614 = ADVANCED_FACE('',(#2615),#2626,.F.);
#2615 = FACE_BOUND('',#2616,.F.);
#2616 = EDGE_LOOP('',(#2617,#2623,#2624,#2625));
#2617 = ORIENTED_EDGE('',*,*,#2618,.T.);
#2618 = EDGE_CURVE('',#1006,#1952,#2619,.T.);
#2619 = LINE('',#2620,#2621);
#2620 = CARTESIAN_POINT('',(3.873347681212,-7.453668743676,0.));
#2621 = VECTOR('',#2622,1.);
#2622 = DIRECTION('',(0.,0.,1.));
#2623 = ORIENTED_EDGE('',*,*,#1978,.T.);
#2624 = ORIENTED_EDGE('',*,*,#2542,.F.);
#2625 = ORIENTED_EDGE('',*,*,#1032,.F.);
#2626 = SURFACE_OF_LINEAR_EXTRUSION('',#2627,#2630);
#2627 = B_SPLINE_CURVE_WITH_KNOTS('',1,(#2628,#2629),.UNSPECIFIED.,.F.,
  .F.,(2,2),(0.,0.744833764438),.PIECEWISE_BEZIER_KNOTS.);
#2628 = CARTESIAN_POINT('',(3.873347681212,-7.453668743676,0.));
#2629 = CARTESIAN_POINT('',(4.518392642811,-7.081251861457,0.));
#2630 = VECTOR('',#2631,1.);
#2631 = DIRECTION('',(-0.,-0.,-1.));
#2632 = ADVANCED_FACE('',(#2633),#2644,.F.);
#2633 = FACE_BOUND('',#2634,.F.);
#2634 = EDGE_LOOP('',(#2635,#2636,#2637,#2643));
#2635 = ORIENTED_EDGE('',*,*,#2582,.T.);
#2636 = ORIENTED_EDGE('',*,*,#1322,.T.);
#2637 = ORIENTED_EDGE('',*,*,#2638,.F.);
#2638 = EDGE_CURVE('',#377,#1323,#2639,.T.);
#2639 = LINE('',#2640,#2641);
#2640 = CARTESIAN_POINT('',(3.873347681212,7.453668743676,0.));
#2641 = VECTOR('',#2642,1.);
#2642 = DIRECTION('',(0.,0.,1.));
#2643 = ORIENTED_EDGE('',*,*,#376,.F.);
#2644 = SURFACE_OF_LINEAR_EXTRUSION('',#2645,#2648);
#2645 = B_SPLINE_CURVE_WITH_KNOTS('',1,(#2646,#2647),.UNSPECIFIED.,.F.,
  .F.,(2,2),(0.,0.744833764438),.PIECEWISE_BEZIER_KNOTS.);
#2646 = CARTESIAN_POINT('',(4.518392642811,7.081251861457,0.));
#2647 = CARTESIAN_POINT('',(3.873347681212,7.453668743676,0.));
#2648 = VECTOR('',#2649,1.);
#2649 = DIRECTION('',(-0.,-0.,-1.));
#2650 = ADVANCED_FACE('',(#2651),#2662,.F.);
#2651 = FACE_BOUND('',#2652,.F.);
#2652 = EDGE_LOOP('',(#2653,#2659,#2660,#2661));
#2653 = ORIENTED_EDGE('',*,*,#2654,.T.);
#2654 = EDGE_CURVE('',#999,#1945,#2655,.T.);
#2655 = LINE('',#2656,#2657);
#2656 = CARTESIAN_POINT('',(2.495706512711,-6.288666072233,0.));
#2657 = VECTOR('',#2658,1.);
#2658 = DIRECTION('',(0.,0.,1.));
#2659 = ORIENTED_EDGE('',*,*,#1951,.T.);
#2660 = ORIENTED_EDGE('',*,*,#2618,.F.);
#2661 = ORIENTED_EDGE('',*,*,#1005,.F.);
#2662 = SURFACE_OF_LINEAR_EXTRUSION('',#2663,#2686);
#2663 = B_SPLINE_CURVE_WITH_KNOTS('',3,(#2664,#2665,#2666,#2667,#2668,
    #2669,#2670,#2671,#2672,#2673,#2674,#2675,#2676,#2677,#2678,#2679,
    #2680,#2681,#2682,#2683,#2684,#2685),.UNSPECIFIED.,.F.,.F.,(4,1,1,1,
    1,1,1,1,1,1,1,1,1,1,1,1,1,1,1,4),(0.,5.073410932506E-03,
    2.029336190878E-02,4.56599092927E-02,8.117306113635E-02,
    0.126832820124,0.182639187475,0.248592163847,0.324691749634,
    0.410937945091,0.507330750392,0.613870165662,0.730556190994,
    0.857388826457,0.994368072105,1.141493927982,1.298766394124,
    1.466185470557,1.643751157306,1.831463454391),.UNSPECIFIED.);
#2664 = CARTESIAN_POINT('',(2.495706512711,-6.288666072233,0.));
#2665 = CARTESIAN_POINT('',(2.496354700572,-6.290228341059,0.));
#2666 = CARTESIAN_POINT('',(2.499012367764,-6.296448872474,0.));
#2667 = CARTESIAN_POINT('',(2.505550402083,-6.310199325092,0.));
#2668 = CARTESIAN_POINT('',(2.517210850257,-6.332731575518,0.));
#2669 = CARTESIAN_POINT('',(2.534746471908,-6.363624709527,0.));
#2670 = CARTESIAN_POINT('',(2.558777734828,-6.402461343439,0.));
#2671 = CARTESIAN_POINT('',(2.589952504688,-6.448765273733,0.));
#2672 = CARTESIAN_POINT('',(2.628870830927,-6.502031618868,0.));
#2673 = CARTESIAN_POINT('',(2.676111508526,-6.561717047478,0.));
#2674 = CARTESIAN_POINT('',(2.73221981611,-6.627245394082,0.));
#2675 = CARTESIAN_POINT('',(2.797709342713,-6.698007849482,0.));
#2676 = CARTESIAN_POINT('',(2.873059115975,-6.773365113445,0.));
#2677 = CARTESIAN_POINT('',(2.958712399072,-6.852649003186,0.));
#2678 = CARTESIAN_POINT('',(3.055075072483,-6.935164334822,0.));
#2679 = CARTESIAN_POINT('',(3.16251423381,-7.020190826444,0.));
#2680 = CARTESIAN_POINT('',(3.281356980048,-7.106985032707,0.));
#2681 = CARTESIAN_POINT('',(3.411888720155,-7.194782569488,0.));
#2682 = CARTESIAN_POINT('',(3.554353977319,-7.282799440274,0.));
#2683 = CARTESIAN_POINT('',(3.708947471632,-7.370237349351,0.));
#2684 = CARTESIAN_POINT('',(3.817205555325,-7.426044278402,0.));
#2685 = CARTESIAN_POINT('',(3.873347681212,-7.453668743676,0.));
#2686 = VECTOR('',#2687,1.);
#2687 = DIRECTION('',(-0.,-0.,-1.));
#2688 = ADVANCED_FACE('',(#2689),#2700,.F.);
#2689 = FACE_BOUND('',#2690,.F.);
#2690 = EDGE_LOOP('',(#2691,#2692,#2693,#2699));
#2691 = ORIENTED_EDGE('',*,*,#2638,.T.);
#2692 = ORIENTED_EDGE('',*,*,#1329,.T.);
#2693 = ORIENTED_EDGE('',*,*,#2694,.F.);
#2694 = EDGE_CURVE('',#384,#1330,#2695,.T.);
#2695 = LINE('',#2696,#2697);
#2696 = CARTESIAN_POINT('',(2.495706512711,6.288666072233,0.));
#2697 = VECTOR('',#2698,1.);
#2698 = DIRECTION('',(0.,0.,1.));
#2699 = ORIENTED_EDGE('',*,*,#383,.F.);
#2700 = SURFACE_OF_LINEAR_EXTRUSION('',#2701,#2724);
#2701 = B_SPLINE_CURVE_WITH_KNOTS('',3,(#2702,#2703,#2704,#2705,#2706,
    #2707,#2708,#2709,#2710,#2711,#2712,#2713,#2714,#2715,#2716,#2717,
    #2718,#2719,#2720,#2721,#2722,#2723),.UNSPECIFIED.,.F.,.F.,(4,1,1,1,
    1,1,1,1,1,1,1,1,1,1,1,1,1,1,1,4),(0.,0.187712297085,0.365277983834,
    0.532697060267,0.689969526408,0.837095382286,0.974074627934,
    1.100907263397,1.217593288729,1.324132703999,1.4205255093,
    1.506771704757,1.582871290544,1.648824266916,1.704630634267,
    1.750290393254,1.785803545098,1.811170092482,1.826390043458,
    1.831463454391),.UNSPECIFIED.);
#2702 = CARTESIAN_POINT('',(3.873347681212,7.453668743676,0.));
#2703 = CARTESIAN_POINT('',(3.817205555325,7.426044278402,0.));
#2704 = CARTESIAN_POINT('',(3.708947471632,7.370237349351,0.));
#2705 = CARTESIAN_POINT('',(3.554353977319,7.282799440274,0.));
#2706 = CARTESIAN_POINT('',(3.411888720155,7.194782569488,0.));
#2707 = CARTESIAN_POINT('',(3.281356980048,7.106985032707,0.));
#2708 = CARTESIAN_POINT('',(3.16251423381,7.020190826444,0.));
#2709 = CARTESIAN_POINT('',(3.055075072483,6.935164334822,0.));
#2710 = CARTESIAN_POINT('',(2.958712399072,6.852649003186,0.));
#2711 = CARTESIAN_POINT('',(2.873059115975,6.773365113445,0.));
#2712 = CARTESIAN_POINT('',(2.797709342713,6.698007849482,0.));
#2713 = CARTESIAN_POINT('',(2.73221981611,6.627245394082,0.));
#2714 = CARTESIAN_POINT('',(2.676111508526,6.561717047478,0.));
#2715 = CARTESIAN_POINT('',(2.628870830927,6.502031618868,0.));
#2716 = CARTESIAN_POINT('',(2.589952504688,6.448765273733,0.));
#2717 = CARTESIAN_POINT('',(2.558777734828,6.402461343439,0.));
#2718 = CARTESIAN_POINT('',(2.534746471908,6.363624709527,0.));
#2719 = CARTESIAN_POINT('',(2.517210850257,6.332731575518,0.));
#2720 = CARTESIAN_POINT('',(2.505550402083,6.310199325092,0.));
#2721 = CARTESIAN_POINT('',(2.499012367764,6.296448872474,0.));
#2722 = CARTESIAN_POINT('',(2.496354700572,6.290228341059,0.));
#2723 = CARTESIAN_POINT('',(2.495706512711,6.288666072233,0.));
#2724 = VECTOR('',#2725,1.);
#2725 = DIRECTION('',(-0.,-0.,-1.));
#2726 = ADVANCED_FACE('',(#2727),#2738,.F.);
#2727 = FACE_BOUND('',#2728,.F.);
#2728 = EDGE_LOOP('',(#2729,#2735,#2736,#2737));
#2729 = ORIENTED_EDGE('',*,*,#2730,.T.);
#2730 = EDGE_CURVE('',#992,#1938,#2731,.T.);
#2731 = LINE('',#2732,#2733);
#2732 = CARTESIAN_POINT('',(2.102568022981,-5.29803809997,0.));
#2733 = VECTOR('',#2734,1.);
#2734 = DIRECTION('',(0.,0.,1.));
#2735 = ORIENTED_EDGE('',*,*,#1944,.T.);
#2736 = ORIENTED_EDGE('',*,*,#2654,.F.);
#2737 = ORIENTED_EDGE('',*,*,#998,.F.);
#2738 = SURFACE_OF_LINEAR_EXTRUSION('',#2739,#2742);
#2739 = B_SPLINE_CURVE_WITH_KNOTS('',1,(#2740,#2741),.UNSPECIFIED.,.F.,
  .F.,(2,2),(0.,1.065786869659),.PIECEWISE_BEZIER_KNOTS.);
#2740 = CARTESIAN_POINT('',(2.102568022981,-5.29803809997,0.));
#2741 = CARTESIAN_POINT('',(2.495706512711,-6.288666072233,0.));
#2742 = VECTOR('',#2743,1.);
#2743 = DIRECTION('',(-0.,-0.,-1.));
#2744 = ADVANCED_FACE('',(#2745),#2756,.F.);
#2745 = FACE_BOUND('',#2746,.F.);
#2746 = EDGE_LOOP('',(#2747,#2748,#2749,#2755));
#2747 = ORIENTED_EDGE('',*,*,#2694,.T.);
#2748 = ORIENTED_EDGE('',*,*,#1356,.T.);
#2749 = ORIENTED_EDGE('',*,*,#2750,.F.);
#2750 = EDGE_CURVE('',#411,#1357,#2751,.T.);
#2751 = LINE('',#2752,#2753);
#2752 = CARTESIAN_POINT('',(2.102568022981,5.29803809997,0.));
#2753 = VECTOR('',#2754,1.);
#2754 = DIRECTION('',(0.,0.,1.));
#2755 = ORIENTED_EDGE('',*,*,#410,.F.);
#2756 = SURFACE_OF_LINEAR_EXTRUSION('',#2757,#2760);
#2757 = B_SPLINE_CURVE_WITH_KNOTS('',1,(#2758,#2759),.UNSPECIFIED.,.F.,
  .F.,(2,2),(0.,1.065786869659),.PIECEWISE_BEZIER_KNOTS.);
#2758 = CARTESIAN_POINT('',(2.495706512711,6.288666072233,0.));
#2759 = CARTESIAN_POINT('',(2.102568022981,5.29803809997,0.));
#2760 = VECTOR('',#2761,1.);
#2761 = DIRECTION('',(-0.,-0.,-1.));
#2762 = ADVANCED_FACE('',(#2763),#2774,.F.);
#2763 = FACE_BOUND('',#2764,.F.);
#2764 = EDGE_LOOP('',(#2765,#2771,#2772,#2773));
#2765 = ORIENTED_EDGE('',*,*,#2766,.T.);
#2766 = EDGE_CURVE('',#985,#1931,#2767,.T.);
#2767 = LINE('',#2768,#2769);
#2768 = CARTESIAN_POINT('',(0.828141728899,-5.639519596283,0.));
#2769 = VECTOR('',#2770,1.);
#2770 = DIRECTION('',(0.,0.,1.));
#2771 = ORIENTED_EDGE('',*,*,#1937,.T.);
#2772 = ORIENTED_EDGE('',*,*,#2730,.F.);
#2773 = ORIENTED_EDGE('',*,*,#991,.F.);
#2774 = SURFACE_OF_LINEAR_EXTRUSION('',#2775,#2778);
#2775 = B_SPLINE_CURVE_WITH_KNOTS('',1,(#2776,#2777),.UNSPECIFIED.,.F.,
  .F.,(2,2),(0.,1.319383185952),.PIECEWISE_BEZIER_KNOTS.);
#2776 = CARTESIAN_POINT('',(0.828141728899,-5.639519596283,0.));
#2777 = CARTESIAN_POINT('',(2.102568022981,-5.29803809997,0.));
#2778 = VECTOR('',#2779,1.);
#2779 = DIRECTION('',(-0.,-0.,-1.));
#2780 = ADVANCED_FACE('',(#2781),#2792,.F.);
#2781 = FACE_BOUND('',#2782,.F.);
#2782 = EDGE_LOOP('',(#2783,#2784,#2785,#2791));
#2783 = ORIENTED_EDGE('',*,*,#2750,.T.);
#2784 = ORIENTED_EDGE('',*,*,#1363,.T.);
#2785 = ORIENTED_EDGE('',*,*,#2786,.F.);
#2786 = EDGE_CURVE('',#418,#1364,#2787,.T.);
#2787 = LINE('',#2788,#2789);
#2788 = CARTESIAN_POINT('',(0.828141728899,5.639519596283,0.));
#2789 = VECTOR('',#2790,1.);
#2790 = DIRECTION('',(0.,0.,1.));
#2791 = ORIENTED_EDGE('',*,*,#417,.F.);
#2792 = SURFACE_OF_LINEAR_EXTRUSION('',#2793,#2796);
#2793 = B_SPLINE_CURVE_WITH_KNOTS('',1,(#2794,#2795),.UNSPECIFIED.,.F.,
  .F.,(2,2),(0.,1.319383185952),.PIECEWISE_BEZIER_KNOTS.);
#2794 = CARTESIAN_POINT('',(2.102568022981,5.29803809997,0.));
#2795 = CARTESIAN_POINT('',(0.828141728899,5.639519596283,0.));
#2796 = VECTOR('',#2797,1.);
#2797 = DIRECTION('',(-0.,-0.,-1.));
#2798 = ADVANCED_FACE('',(#2799),#2810,.F.);
#2799 = FACE_BOUND('',#2800,.F.);
#2800 = EDGE_LOOP('',(#2801,#2807,#2808,#2809));
#2801 = ORIENTED_EDGE('',*,*,#2802,.T.);
#2802 = EDGE_CURVE('',#958,#1904,#2803,.T.);
#2803 = LINE('',#2804,#2805);
#2804 = CARTESIAN_POINT('',(0.982987795719,-6.693997830827,0.));
#2805 = VECTOR('',#2806,1.);
#2806 = DIRECTION('',(0.,0.,1.));
#2807 = ORIENTED_EDGE('',*,*,#1930,.T.);
#2808 = ORIENTED_EDGE('',*,*,#2766,.F.);
#2809 = ORIENTED_EDGE('',*,*,#984,.F.);
#2810 = SURFACE_OF_LINEAR_EXTRUSION('',#2811,#2814);
#2811 = B_SPLINE_CURVE_WITH_KNOTS('',1,(#2812,#2813),.UNSPECIFIED.,.F.,
  .F.,(2,2),(0.,1.065786869659),.PIECEWISE_BEZIER_KNOTS.);
#2812 = CARTESIAN_POINT('',(0.982987795719,-6.693997830827,0.));
#2813 = CARTESIAN_POINT('',(0.828141728899,-5.639519596283,0.));
#2814 = VECTOR('',#2815,1.);
#2815 = DIRECTION('',(-0.,-0.,-1.));
#2816 = ADVANCED_FACE('',(#2817),#2828,.F.);
#2817 = FACE_BOUND('',#2818,.F.);
#2818 = EDGE_LOOP('',(#2819,#2820,#2821,#2827));
#2819 = ORIENTED_EDGE('',*,*,#2786,.T.);
#2820 = ORIENTED_EDGE('',*,*,#1370,.T.);
#2821 = ORIENTED_EDGE('',*,*,#2822,.F.);
#2822 = EDGE_CURVE('',#425,#1371,#2823,.T.);
#2823 = LINE('',#2824,#2825);
#2824 = CARTESIAN_POINT('',(0.982987795719,6.693997830827,0.));
#2825 = VECTOR('',#2826,1.);
#2826 = DIRECTION('',(0.,0.,1.));
#2827 = ORIENTED_EDGE('',*,*,#424,.F.);
#2828 = SURFACE_OF_LINEAR_EXTRUSION('',#2829,#2832);
#2829 = B_SPLINE_CURVE_WITH_KNOTS('',1,(#2830,#2831),.UNSPECIFIED.,.F.,
  .F.,(2,2),(0.,1.065786869659),.PIECEWISE_BEZIER_KNOTS.);
#2830 = CARTESIAN_POINT('',(0.828141728899,5.639519596283,0.));
#2831 = CARTESIAN_POINT('',(0.982987795719,6.693997830827,0.));
#2832 = VECTOR('',#2833,1.);
#2833 = DIRECTION('',(-0.,-0.,-1.));
#2834 = ADVANCED_FACE('',(#2835),#2846,.F.);
#2835 = FACE_BOUND('',#2836,.F.);
#2836 = EDGE_LOOP('',(#2837,#2843,#2844,#2845));
#2837 = ORIENTED_EDGE('',*,*,#2838,.T.);
#2838 = EDGE_CURVE('',#951,#1897,#2839,.T.);
#2839 = LINE('',#2840,#2841);
#2840 = CARTESIAN_POINT('',(0.372416882219,-8.391740324023,0.));
#2841 = VECTOR('',#2842,1.);
#2842 = DIRECTION('',(0.,0.,1.));
#2843 = ORIENTED_EDGE('',*,*,#1903,.T.);
#2844 = ORIENTED_EDGE('',*,*,#2802,.F.);
#2845 = ORIENTED_EDGE('',*,*,#957,.F.);
#2846 = SURFACE_OF_LINEAR_EXTRUSION('',#2847,#2870);
#2847 = B_SPLINE_CURVE_WITH_KNOTS('',3,(#2848,#2849,#2850,#2851,#2852,
    #2853,#2854,#2855,#2856,#2857,#2858,#2859,#2860,#2861,#2862,#2863,
    #2864,#2865,#2866,#2867,#2868,#2869),.UNSPECIFIED.,.F.,.F.,(4,1,1,1,
    1,1,1,1,1,1,1,1,1,1,1,1,1,1,1,4),(0.,0.187712297085,0.365277983834,
    0.532697060267,0.689969526408,0.837095382286,0.974074627934,
    1.100907263397,1.217593288729,1.324132703999,1.4205255093,
    1.506771704757,1.582871290544,1.648824266916,1.704630634267,
    1.750290393254,1.785803545098,1.811170092482,1.826390043458,
    1.831463454391),.UNSPECIFIED.);
#2848 = CARTESIAN_POINT('',(0.372416882219,-8.391740324023,0.));
#2849 = CARTESIAN_POINT('',(0.407225156822,-8.339745772386,0.));
#2850 = CARTESIAN_POINT('',(0.47307594294,-8.237286512275,0.));
#2851 = CARTESIAN_POINT('',(0.563238881736,-8.084266314604,0.));
#2852 = CARTESIAN_POINT('',(0.642608978204,-7.936808839959,0.));
#2853 = CARTESIAN_POINT('',(0.711754012747,-7.795508072664,0.));
#2854 = CARTESIAN_POINT('',(0.771277746913,-7.66092071202,0.));
#2855 = CARTESIAN_POINT('',(0.821809544173,-7.533566029617,0.));
#2856 = CARTESIAN_POINT('',(0.864004401505,-7.413924319513,0.));
#2857 = CARTESIAN_POINT('',(0.898540375714,-7.302435815338,0.));
#2858 = CARTESIAN_POINT('',(0.926116561546,-7.199499623755,0.));
#2859 = CARTESIAN_POINT('',(0.947450927566,-7.105472776444,0.));
#2860 = CARTESIAN_POINT('',(0.963277973995,-7.020669409825,0.));
#2861 = CARTESIAN_POINT('',(0.974346886584,-6.945359973613,0.));
#2862 = CARTESIAN_POINT('',(0.981417973212,-6.87977080244,0.));
#2863 = CARTESIAN_POINT('',(0.985264150721,-6.82408303758,0.));
#2864 = CARTESIAN_POINT('',(0.986657517938,-6.778433894555,0.));
#2865 = CARTESIAN_POINT('',(0.986397244755,-6.742911844875,0.));
#2866 = CARTESIAN_POINT('',(0.98522936388,-6.717568119514,0.));
#2867 = CARTESIAN_POINT('',(0.984016241382,-6.702390861075,0.));
#2868 = CARTESIAN_POINT('',(0.983207582978,-6.695674889248,0.));
#2869 = CARTESIAN_POINT('',(0.982987795719,-6.693997830827,0.));
#2870 = VECTOR('',#2871,1.);
#2871 = DIRECTION('',(-0.,-0.,-1.));
#2872 = ADVANCED_FACE('',(#2873),#2884,.F.);
#2873 = FACE_BOUND('',#2874,.F.);
#2874 = EDGE_LOOP('',(#2875,#2876,#2877,#2883));
#2875 = ORIENTED_EDGE('',*,*,#2822,.T.);
#2876 = ORIENTED_EDGE('',*,*,#1377,.T.);
#2877 = ORIENTED_EDGE('',*,*,#2878,.F.);
#2878 = EDGE_CURVE('',#432,#1378,#2879,.T.);
#2879 = LINE('',#2880,#2881);
#2880 = CARTESIAN_POINT('',(0.372416882219,8.391740324023,0.));
#2881 = VECTOR('',#2882,1.);
#2882 = DIRECTION('',(0.,0.,1.));
#2883 = ORIENTED_EDGE('',*,*,#431,.F.);
#2884 = SURFACE_OF_LINEAR_EXTRUSION('',#2885,#2908);
#2885 = B_SPLINE_CURVE_WITH_KNOTS('',3,(#2886,#2887,#2888,#2889,#2890,
    #2891,#2892,#2893,#2894,#2895,#2896,#2897,#2898,#2899,#2900,#2901,
    #2902,#2903,#2904,#2905,#2906,#2907),.UNSPECIFIED.,.F.,.F.,(4,1,1,1,
    1,1,1,1,1,1,1,1,1,1,1,1,1,1,1,4),(0.,5.073410932506E-03,
    2.029336190878E-02,4.56599092927E-02,8.117306113635E-02,
    0.126832820124,0.182639187475,0.248592163847,0.324691749634,
    0.410937945091,0.507330750392,0.613870165662,0.730556190994,
    0.857388826457,0.994368072105,1.141493927982,1.298766394124,
    1.466185470557,1.643751157306,1.831463454391),.UNSPECIFIED.);
#2886 = CARTESIAN_POINT('',(0.982987795719,6.693997830827,0.));
#2887 = CARTESIAN_POINT('',(0.983207582978,6.695674889248,0.));
#2888 = CARTESIAN_POINT('',(0.984016241382,6.702390861075,0.));
#2889 = CARTESIAN_POINT('',(0.98522936388,6.717568119514,0.));
#2890 = CARTESIAN_POINT('',(0.986397244755,6.742911844875,0.));
#2891 = CARTESIAN_POINT('',(0.986657517938,6.778433894554,0.));
#2892 = CARTESIAN_POINT('',(0.985264150721,6.82408303758,0.));
#2893 = CARTESIAN_POINT('',(0.981417973212,6.87977080244,0.));
#2894 = CARTESIAN_POINT('',(0.974346886584,6.945359973613,0.));
#2895 = CARTESIAN_POINT('',(0.963277973995,7.020669409825,0.));
#2896 = CARTESIAN_POINT('',(0.947450927566,7.105472776444,0.));
#2897 = CARTESIAN_POINT('',(0.926116561546,7.199499623755,0.));
#2898 = CARTESIAN_POINT('',(0.898540375714,7.302435815338,0.));
#2899 = CARTESIAN_POINT('',(0.864004401505,7.413924319513,0.));
#2900 = CARTESIAN_POINT('',(0.821809544173,7.533566029617,0.));
#2901 = CARTESIAN_POINT('',(0.771277746913,7.66092071202,0.));
#2902 = CARTESIAN_POINT('',(0.711754012747,7.795508072664,0.));
#2903 = CARTESIAN_POINT('',(0.642608978204,7.936808839959,0.));
#2904 = CARTESIAN_POINT('',(0.563238881736,8.084266314604,0.));
#2905 = CARTESIAN_POINT('',(0.47307594294,8.237286512275,0.));
#2906 = CARTESIAN_POINT('',(0.407225156822,8.339745772386,0.));
#2907 = CARTESIAN_POINT('',(0.372416882219,8.391740324023,0.));
#2908 = VECTOR('',#2909,1.);
#2909 = DIRECTION('',(-0.,-0.,-1.));
#2910 = ADVANCED_FACE('',(#2911),#2922,.F.);
#2911 = FACE_BOUND('',#2912,.F.);
#2912 = EDGE_LOOP('',(#2913,#2919,#2920,#2921));
#2913 = ORIENTED_EDGE('',*,*,#2914,.T.);
#2914 = EDGE_CURVE('',#924,#1870,#2915,.T.);
#2915 = LINE('',#2916,#2917);
#2916 = CARTESIAN_POINT('',(-0.372416882219,-8.391740324023,0.));
#2917 = VECTOR('',#2918,1.);
#2918 = DIRECTION('',(0.,0.,1.));
#2919 = ORIENTED_EDGE('',*,*,#1896,.T.);
#2920 = ORIENTED_EDGE('',*,*,#2838,.F.);
#2921 = ORIENTED_EDGE('',*,*,#950,.F.);
#2922 = SURFACE_OF_LINEAR_EXTRUSION('',#2923,#2926);
#2923 = B_SPLINE_CURVE_WITH_KNOTS('',1,(#2924,#2925),.UNSPECIFIED.,.F.,
  .F.,(2,2),(0.,0.744833764438),.PIECEWISE_BEZIER_KNOTS.);
#2924 = CARTESIAN_POINT('',(-0.372416882219,-8.391740324023,0.));
#2925 = CARTESIAN_POINT('',(0.372416882219,-8.391740324023,0.));
#2926 = VECTOR('',#2927,1.);
#2927 = DIRECTION('',(-0.,-0.,-1.));
#2928 = ADVANCED_FACE('',(#2929),#2940,.F.);
#2929 = FACE_BOUND('',#2930,.F.);
#2930 = EDGE_LOOP('',(#2931,#2932,#2933,#2939));
#2931 = ORIENTED_EDGE('',*,*,#2878,.T.);
#2932 = ORIENTED_EDGE('',*,*,#1404,.T.);
#2933 = ORIENTED_EDGE('',*,*,#2934,.F.);
#2934 = EDGE_CURVE('',#459,#1405,#2935,.T.);
#2935 = LINE('',#2936,#2937);
#2936 = CARTESIAN_POINT('',(-0.372416882219,8.391740324023,0.));
#2937 = VECTOR('',#2938,1.);
#2938 = DIRECTION('',(0.,0.,1.));
#2939 = ORIENTED_EDGE('',*,*,#458,.F.);
#2940 = SURFACE_OF_LINEAR_EXTRUSION('',#2941,#2944);
#2941 = B_SPLINE_CURVE_WITH_KNOTS('',1,(#2942,#2943),.UNSPECIFIED.,.F.,
  .F.,(2,2),(0.,0.744833764438),.PIECEWISE_BEZIER_KNOTS.);
#2942 = CARTESIAN_POINT('',(0.372416882219,8.391740324023,0.));
#2943 = CARTESIAN_POINT('',(-0.372416882219,8.391740324023,0.));
#2944 = VECTOR('',#2945,1.);
#2945 = DIRECTION('',(-0.,-0.,-1.));
#2946 = ADVANCED_FACE('',(#2947),#2958,.F.);
#2947 = FACE_BOUND('',#2948,.F.);
#2948 = EDGE_LOOP('',(#2949,#2955,#2956,#2957));
#2949 = ORIENTED_EDGE('',*,*,#2950,.T.);
#2950 = EDGE_CURVE('',#917,#1863,#2951,.T.);
#2951 = LINE('',#2952,#2953);
#2952 = CARTESIAN_POINT('',(-0.982987795719,-6.693997830827,0.));
#2953 = VECTOR('',#2954,1.);
#2954 = DIRECTION('',(0.,0.,1.));
#2955 = ORIENTED_EDGE('',*,*,#1869,.T.);
#2956 = ORIENTED_EDGE('',*,*,#2914,.F.);
#2957 = ORIENTED_EDGE('',*,*,#923,.F.);
#2958 = SURFACE_OF_LINEAR_EXTRUSION('',#2959,#2982);
#2959 = B_SPLINE_CURVE_WITH_KNOTS('',3,(#2960,#2961,#2962,#2963,#2964,
    #2965,#2966,#2967,#2968,#2969,#2970,#2971,#2972,#2973,#2974,#2975,
    #2976,#2977,#2978,#2979,#2980,#2981),.UNSPECIFIED.,.F.,.F.,(4,1,1,1,
    1,1,1,1,1,1,1,1,1,1,1,1,1,1,1,4),(0.,5.073410932506E-03,
    2.029336190878E-02,4.56599092927E-02,8.117306113635E-02,
    0.126832820124,0.182639187475,0.248592163847,0.324691749634,
    0.410937945091,0.507330750392,0.613870165662,0.730556190994,
    0.857388826457,0.994368072105,1.141493927982,1.298766394124,
    1.466185470557,1.643751157306,1.831463454391),.UNSPECIFIED.);
#2960 = CARTESIAN_POINT('',(-0.982987795719,-6.693997830827,0.));
#2961 = CARTESIAN_POINT('',(-0.983207582978,-6.695674889248,0.));
#2962 = CARTESIAN_POINT('',(-0.984016241382,-6.702390861075,0.));
#2963 = CARTESIAN_POINT('',(-0.98522936388,-6.717568119514,0.));
#2964 = CARTESIAN_POINT('',(-0.986397244755,-6.742911844875,0.));
#2965 = CARTESIAN_POINT('',(-0.986657517938,-6.778433894554,0.));
#2966 = CARTESIAN_POINT('',(-0.985264150721,-6.82408303758,0.));
#2967 = CARTESIAN_POINT('',(-0.981417973212,-6.87977080244,0.));
#2968 = CARTESIAN_POINT('',(-0.974346886584,-6.945359973613,0.));
#2969 = CARTESIAN_POINT('',(-0.963277973995,-7.020669409825,0.));
#2970 = CARTESIAN_POINT('',(-0.947450927566,-7.105472776444,0.));
#2971 = CARTESIAN_POINT('',(-0.926116561546,-7.199499623755,0.));
#2972 = CARTESIAN_POINT('',(-0.898540375714,-7.302435815338,0.));
#2973 = CARTESIAN_POINT('',(-0.864004401505,-7.413924319513,0.));
#2974 = CARTESIAN_POINT('',(-0.821809544173,-7.533566029617,0.));
#2975 = CARTESIAN_POINT('',(-0.771277746913,-7.66092071202,0.));
#2976 = CARTESIAN_POINT('',(-0.711754012747,-7.795508072664,0.));
#2977 = CARTESIAN_POINT('',(-0.642608978204,-7.936808839959,0.));
#2978 = CARTESIAN_POINT('',(-0.563238881736,-8.084266314604,0.));
#2979 = CARTESIAN_POINT('',(-0.47307594294,-8.237286512275,0.));
#2980 = CARTESIAN_POINT('',(-0.407225156822,-8.339745772386,0.));
#2981 = CARTESIAN_POINT('',(-0.372416882219,-8.391740324023,0.));
#2982 = VECTOR('',#2983,1.);
#2983 = DIRECTION('',(-0.,-0.,-1.));
#2984 = ADVANCED_FACE('',(#2985),#2996,.F.);
#2985 = FACE_BOUND('',#2986,.F.);
#2986 = EDGE_LOOP('',(#2987,#2988,#2989,#2995));
#2987 = ORIENTED_EDGE('',*,*,#2934,.T.);
#2988 = ORIENTED_EDGE('',*,*,#1411,.T.);
#2989 = ORIENTED_EDGE('',*,*,#2990,.F.);
#2990 = EDGE_CURVE('',#466,#1412,#2991,.T.);
#2991 = LINE('',#2992,#2993);
#2992 = CARTESIAN_POINT('',(-0.982987795719,6.693997830827,0.));
#2993 = VECTOR('',#2994,1.);
#2994 = DIRECTION('',(0.,0.,1.));
#2995 = ORIENTED_EDGE('',*,*,#465,.F.);
#2996 = SURFACE_OF_LINEAR_EXTRUSION('',#2997,#3020);
#2997 = B_SPLINE_CURVE_WITH_KNOTS('',3,(#2998,#2999,#3000,#3001,#3002,
    #3003,#3004,#3005,#3006,#3007,#3008,#3009,#3010,#3011,#3012,#3013,
    #3014,#3015,#3016,#3017,#3018,#3019),.UNSPECIFIED.,.F.,.F.,(4,1,1,1,
    1,1,1,1,1,1,1,1,1,1,1,1,1,1,1,4),(0.,0.187712297085,0.365277983834,
    0.532697060267,0.689969526408,0.837095382286,0.974074627934,
    1.100907263397,1.217593288729,1.324132703999,1.4205255093,
    1.506771704757,1.582871290544,1.648824266916,1.704630634267,
    1.750290393254,1.785803545098,1.811170092482,1.826390043458,
    1.831463454391),.UNSPECIFIED.);
#2998 = CARTESIAN_POINT('',(-0.372416882219,8.391740324023,0.));
#2999 = CARTESIAN_POINT('',(-0.407225156822,8.339745772386,0.));
#3000 = CARTESIAN_POINT('',(-0.47307594294,8.237286512275,0.));
#3001 = CARTESIAN_POINT('',(-0.563238881736,8.084266314604,0.));
#3002 = CARTESIAN_POINT('',(-0.642608978204,7.936808839959,0.));
#3003 = CARTESIAN_POINT('',(-0.711754012747,7.795508072664,0.));
#3004 = CARTESIAN_POINT('',(-0.771277746913,7.66092071202,0.));
#3005 = CARTESIAN_POINT('',(-0.821809544173,7.533566029617,0.));
#3006 = CARTESIAN_POINT('',(-0.864004401505,7.413924319513,0.));
#3007 = CARTESIAN_POINT('',(-0.898540375714,7.302435815338,0.));
#3008 = CARTESIAN_POINT('',(-0.926116561546,7.199499623755,0.));
#3009 = CARTESIAN_POINT('',(-0.947450927566,7.105472776444,0.));
#3010 = CARTESIAN_POINT('',(-0.963277973995,7.020669409825,0.));
#3011 = CARTESIAN_POINT('',(-0.974346886584,6.945359973613,0.));
#3012 = CARTESIAN_POINT('',(-0.981417973212,6.87977080244,0.));
#3013 = CARTESIAN_POINT('',(-0.985264150721,6.82408303758,0.));
#3014 = CARTESIAN_POINT('',(-0.986657517938,6.778433894555,0.));
#3015 = CARTESIAN_POINT('',(-0.986397244755,6.742911844875,0.));
#3016 = CARTESIAN_POINT('',(-0.98522936388,6.717568119514,0.));
#3017 = CARTESIAN_POINT('',(-0.984016241382,6.702390861075,0.));
#3018 = CARTESIAN_POINT('',(-0.983207582978,6.695674889248,0.));
#3019 = CARTESIAN_POINT('',(-0.982987795719,6.693997830827,0.));
#3020 = VECTOR('',#3021,1.);
#3021 = DIRECTION('',(-0.,-0.,-1.));
#3022 = ADVANCED_FACE('',(#3023),#3034,.F.);
#3023 = FACE_BOUND('',#3024,.F.);
#3024 = EDGE_LOOP('',(#3025,#3031,#3032,#3033));
#3025 = ORIENTED_EDGE('',*,*,#3026,.T.);
#3026 = EDGE_CURVE('',#910,#1856,#3027,.T.);
#3027 = LINE('',#3028,#3029);
#3028 = CARTESIAN_POINT('',(-0.828141728899,-5.639519596283,0.));
#3029 = VECTOR('',#3030,1.);
#3030 = DIRECTION('',(0.,0.,1.));
#3031 = ORIENTED_EDGE('',*,*,#1862,.T.);
#3032 = ORIENTED_EDGE('',*,*,#2950,.F.);
#3033 = ORIENTED_EDGE('',*,*,#916,.F.);
#3034 = SURFACE_OF_LINEAR_EXTRUSION('',#3035,#3038);
#3035 = B_SPLINE_CURVE_WITH_KNOTS('',1,(#3036,#3037),.UNSPECIFIED.,.F.,
  .F.,(2,2),(0.,1.065786869659),.PIECEWISE_BEZIER_KNOTS.);
#3036 = CARTESIAN_POINT('',(-0.828141728899,-5.639519596283,0.));
#3037 = CARTESIAN_POINT('',(-0.982987795719,-6.693997830827,0.));
#3038 = VECTOR('',#3039,1.);
#3039 = DIRECTION('',(-0.,-0.,-1.));
#3040 = ADVANCED_FACE('',(#3041),#3052,.F.);
#3041 = FACE_BOUND('',#3042,.F.);
#3042 = EDGE_LOOP('',(#3043,#3044,#3045,#3051));
#3043 = ORIENTED_EDGE('',*,*,#2990,.T.);
#3044 = ORIENTED_EDGE('',*,*,#1438,.T.);
#3045 = ORIENTED_EDGE('',*,*,#3046,.F.);
#3046 = EDGE_CURVE('',#493,#1439,#3047,.T.);
#3047 = LINE('',#3048,#3049);
#3048 = CARTESIAN_POINT('',(-0.828141728899,5.639519596283,0.));
#3049 = VECTOR('',#3050,1.);
#3050 = DIRECTION('',(0.,0.,1.));
#3051 = ORIENTED_EDGE('',*,*,#492,.F.);
#3052 = SURFACE_OF_LINEAR_EXTRUSION('',#3053,#3056);
#3053 = B_SPLINE_CURVE_WITH_KNOTS('',1,(#3054,#3055),.UNSPECIFIED.,.F.,
  .F.,(2,2),(0.,1.065786869659),.PIECEWISE_BEZIER_KNOTS.);
#3054 = CARTESIAN_POINT('',(-0.982987795719,6.693997830827,0.));
#3055 = CARTESIAN_POINT('',(-0.828141728899,5.639519596283,0.));
#3056 = VECTOR('',#3057,1.);
#3057 = DIRECTION('',(-0.,-0.,-1.));
#3058 = ADVANCED_FACE('',(#3059),#3070,.F.);
#3059 = FACE_BOUND('',#3060,.F.);
#3060 = EDGE_LOOP('',(#3061,#3067,#3068,#3069));
#3061 = ORIENTED_EDGE('',*,*,#3062,.T.);
#3062 = EDGE_CURVE('',#903,#1849,#3063,.T.);
#3063 = LINE('',#3064,#3065);
#3064 = CARTESIAN_POINT('',(-2.102568022981,-5.29803809997,0.));
#3065 = VECTOR('',#3066,1.);
#3066 = DIRECTION('',(0.,0.,1.));
#3067 = ORIENTED_EDGE('',*,*,#1855,.T.);
#3068 = ORIENTED_EDGE('',*,*,#3026,.F.);
#3069 = ORIENTED_EDGE('',*,*,#909,.F.);
#3070 = SURFACE_OF_LINEAR_EXTRUSION('',#3071,#3074);
#3071 = B_SPLINE_CURVE_WITH_KNOTS('',1,(#3072,#3073),.UNSPECIFIED.,.F.,
  .F.,(2,2),(0.,1.319383185952),.PIECEWISE_BEZIER_KNOTS.);
#3072 = CARTESIAN_POINT('',(-2.102568022981,-5.29803809997,0.));
#3073 = CARTESIAN_POINT('',(-0.828141728899,-5.639519596283,0.));
#3074 = VECTOR('',#3075,1.);
#3075 = DIRECTION('',(-0.,-0.,-1.));
#3076 = ADVANCED_FACE('',(#3077),#3088,.F.);
#3077 = FACE_BOUND('',#3078,.F.);
#3078 = EDGE_LOOP('',(#3079,#3080,#3081,#3087));
#3079 = ORIENTED_EDGE('',*,*,#3046,.T.);
#3080 = ORIENTED_EDGE('',*,*,#1445,.T.);
#3081 = ORIENTED_EDGE('',*,*,#3082,.F.);
#3082 = EDGE_CURVE('',#500,#1446,#3083,.T.);
#3083 = LINE('',#3084,#3085);
#3084 = CARTESIAN_POINT('',(-2.102568022981,5.29803809997,0.));
#3085 = VECTOR('',#3086,1.);
#3086 = DIRECTION('',(0.,0.,1.));
#3087 = ORIENTED_EDGE('',*,*,#499,.F.);
#3088 = SURFACE_OF_LINEAR_EXTRUSION('',#3089,#3092);
#3089 = B_SPLINE_CURVE_WITH_KNOTS('',1,(#3090,#3091),.UNSPECIFIED.,.F.,
  .F.,(2,2),(0.,1.319383185952),.PIECEWISE_BEZIER_KNOTS.);
#3090 = CARTESIAN_POINT('',(-0.828141728899,5.639519596283,0.));
#3091 = CARTESIAN_POINT('',(-2.102568022981,5.29803809997,0.));
#3092 = VECTOR('',#3093,1.);
#3093 = DIRECTION('',(-0.,-0.,-1.));
#3094 = ADVANCED_FACE('',(#3095),#3106,.F.);
#3095 = FACE_BOUND('',#3096,.F.);
#3096 = EDGE_LOOP('',(#3097,#3103,#3104,#3105));
#3097 = ORIENTED_EDGE('',*,*,#3098,.T.);
#3098 = EDGE_CURVE('',#876,#1822,#3099,.T.);
#3099 = LINE('',#3100,#3101);
#3100 = CARTESIAN_POINT('',(-2.495706512711,-6.288666072233,0.));
#3101 = VECTOR('',#3102,1.);
#3102 = DIRECTION('',(0.,0.,1.));
#3103 = ORIENTED_EDGE('',*,*,#1848,.T.);
#3104 = ORIENTED_EDGE('',*,*,#3062,.F.);
#3105 = ORIENTED_EDGE('',*,*,#902,.F.);
#3106 = SURFACE_OF_LINEAR_EXTRUSION('',#3107,#3110);
#3107 = B_SPLINE_CURVE_WITH_KNOTS('',1,(#3108,#3109),.UNSPECIFIED.,.F.,
  .F.,(2,2),(0.,1.065786869659),.PIECEWISE_BEZIER_KNOTS.);
#3108 = CARTESIAN_POINT('',(-2.495706512711,-6.288666072233,0.));
#3109 = CARTESIAN_POINT('',(-2.102568022981,-5.29803809997,0.));
#3110 = VECTOR('',#3111,1.);
#3111 = DIRECTION('',(-0.,-0.,-1.));
#3112 = ADVANCED_FACE('',(#3113),#3124,.F.);
#3113 = FACE_BOUND('',#3114,.F.);
#3114 = EDGE_LOOP('',(#3115,#3116,#3117,#3123));
#3115 = ORIENTED_EDGE('',*,*,#3082,.T.);
#3116 = ORIENTED_EDGE('',*,*,#1452,.T.);
#3117 = ORIENTED_EDGE('',*,*,#3118,.F.);
#3118 = EDGE_CURVE('',#507,#1453,#3119,.T.);
#3119 = LINE('',#3120,#3121);
#3120 = CARTESIAN_POINT('',(-2.495706512711,6.288666072233,0.));
#3121 = VECTOR('',#3122,1.);
#3122 = DIRECTION('',(0.,0.,1.));
#3123 = ORIENTED_EDGE('',*,*,#506,.F.);
#3124 = SURFACE_OF_LINEAR_EXTRUSION('',#3125,#3128);
#3125 = B_SPLINE_CURVE_WITH_KNOTS('',1,(#3126,#3127),.UNSPECIFIED.,.F.,
  .F.,(2,2),(0.,1.065786869659),.PIECEWISE_BEZIER_KNOTS.);
#3126 = CARTESIAN_POINT('',(-2.102568022981,5.29803809997,0.));
#3127 = CARTESIAN_POINT('',(-2.495706512711,6.288666072233,0.));
#3128 = VECTOR('',#3129,1.);
#3129 = DIRECTION('',(-0.,-0.,-1.));
#3130 = ADVANCED_FACE('',(#3131),#3142,.F.);
#3131 = FACE_BOUND('',#3132,.F.);
#3132 = EDGE_LOOP('',(#3133,#3139,#3140,#3141));
#3133 = ORIENTED_EDGE('',*,*,#3134,.T.);
#3134 = EDGE_CURVE('',#869,#1815,#3135,.T.);
#3135 = LINE('',#3136,#3137);
#3136 = CARTESIAN_POINT('',(-3.873347681212,-7.453668743676,0.));
#3137 = VECTOR('',#3138,1.);
#3138 = DIRECTION('',(0.,0.,1.));
#3139 = ORIENTED_EDGE('',*,*,#1821,.T.);
#3140 = ORIENTED_EDGE('',*,*,#3098,.F.);
#3141 = ORIENTED_EDGE('',*,*,#875,.F.);
#3142 = SURFACE_OF_LINEAR_EXTRUSION('',#3143,#3166);
#3143 = B_SPLINE_CURVE_WITH_KNOTS('',3,(#3144,#3145,#3146,#3147,#3148,
    #3149,#3150,#3151,#3152,#3153,#3154,#3155,#3156,#3157,#3158,#3159,
    #3160,#3161,#3162,#3163,#3164,#3165),.UNSPECIFIED.,.F.,.F.,(4,1,1,1,
    1,1,1,1,1,1,1,1,1,1,1,1,1,1,1,4),(0.,0.187712297085,0.365277983834,
    0.532697060267,0.689969526408,0.837095382286,0.974074627934,
    1.100907263397,1.217593288729,1.324132703999,1.4205255093,
    1.506771704757,1.582871290544,1.648824266916,1.704630634267,
    1.750290393254,1.785803545098,1.811170092482,1.826390043458,
    1.831463454391),.UNSPECIFIED.);
#3144 = CARTESIAN_POINT('',(-3.873347681212,-7.453668743676,0.));
#3145 = CARTESIAN_POINT('',(-3.817205555325,-7.426044278402,0.));
#3146 = CARTESIAN_POINT('',(-3.708947471632,-7.370237349351,0.));
#3147 = CARTESIAN_POINT('',(-3.554353977319,-7.282799440274,0.));
#3148 = CARTESIAN_POINT('',(-3.411888720155,-7.194782569488,0.));
#3149 = CARTESIAN_POINT('',(-3.281356980048,-7.106985032707,0.));
#3150 = CARTESIAN_POINT('',(-3.16251423381,-7.020190826444,0.));
#3151 = CARTESIAN_POINT('',(-3.055075072483,-6.935164334822,0.));
#3152 = CARTESIAN_POINT('',(-2.958712399072,-6.852649003186,0.));
#3153 = CARTESIAN_POINT('',(-2.873059115975,-6.773365113445,0.));
#3154 = CARTESIAN_POINT('',(-2.797709342713,-6.698007849482,0.));
#3155 = CARTESIAN_POINT('',(-2.73221981611,-6.627245394082,0.));
#3156 = CARTESIAN_POINT('',(-2.676111508526,-6.561717047478,0.));
#3157 = CARTESIAN_POINT('',(-2.628870830927,-6.502031618868,0.));
#3158 = CARTESIAN_POINT('',(-2.589952504688,-6.448765273733,0.));
#3159 = CARTESIAN_POINT('',(-2.558777734828,-6.402461343439,0.));
#3160 = CARTESIAN_POINT('',(-2.534746471908,-6.363624709527,0.));
#3161 = CARTESIAN_POINT('',(-2.517210850257,-6.332731575518,0.));
#3162 = CARTESIAN_POINT('',(-2.505550402083,-6.310199325092,0.));
#3163 = CARTESIAN_POINT('',(-2.499012367764,-6.296448872474,0.));
#3164 = CARTESIAN_POINT('',(-2.496354700572,-6.290228341059,0.));
#3165 = CARTESIAN_POINT('',(-2.495706512711,-6.288666072233,0.));
#3166 = VECTOR('',#3167,1.);
#3167 = DIRECTION('',(-0.,-0.,-1.));
#3168 = ADVANCED_FACE('',(#3169),#3180,.F.);
#3169 = FACE_BOUND('',#3170,.F.);
#3170 = EDGE_LOOP('',(#3171,#3172,#3173,#3179));
#3171 = ORIENTED_EDGE('',*,*,#3118,.T.);
#3172 = ORIENTED_EDGE('',*,*,#1459,.T.);
#3173 = ORIENTED_EDGE('',*,*,#3174,.F.);
#3174 = EDGE_CURVE('',#514,#1460,#3175,.T.);
#3175 = LINE('',#3176,#3177);
#3176 = CARTESIAN_POINT('',(-3.873347681212,7.453668743676,0.));
#3177 = VECTOR('',#3178,1.);
#3178 = DIRECTION('',(0.,0.,1.));
#3179 = ORIENTED_EDGE('',*,*,#513,.F.);
#3180 = SURFACE_OF_LINEAR_EXTRUSION('',#3181,#3204);
#3181 = B_SPLINE_CURVE_WITH_KNOTS('',3,(#3182,#3183,#3184,#3185,#3186,
    #3187,#3188,#3189,#3190,#3191,#3192,#3193,#3194,#3195,#3196,#3197,
    #3198,#3199,#3200,#3201,#3202,#3203),.UNSPECIFIED.,.F.,.F.,(4,1,1,1,
    1,1,1,1,1,1,1,1,1,1,1,1,1,1,1,4),(0.,5.073410932506E-03,
    2.029336190878E-02,4.56599092927E-02,8.117306113635E-02,
    0.126832820124,0.182639187475,0.248592163847,0.324691749634,
    0.410937945091,0.507330750392,0.613870165662,0.730556190994,
    0.857388826457,0.994368072105,1.141493927982,1.298766394124,
    1.466185470557,1.643751157306,1.831463454391),.UNSPECIFIED.);
#3182 = CARTESIAN_POINT('',(-2.495706512711,6.288666072233,0.));
#3183 = CARTESIAN_POINT('',(-2.496354700572,6.290228341059,0.));
#3184 = CARTESIAN_POINT('',(-2.499012367764,6.296448872474,0.));
#3185 = CARTESIAN_POINT('',(-2.505550402083,6.310199325092,0.));
#3186 = CARTESIAN_POINT('',(-2.517210850257,6.332731575518,0.));
#3187 = CARTESIAN_POINT('',(-2.534746471908,6.363624709527,0.));
#3188 = CARTESIAN_POINT('',(-2.558777734828,6.402461343439,0.));
#3189 = CARTESIAN_POINT('',(-2.589952504688,6.448765273733,0.));
#3190 = CARTESIAN_POINT('',(-2.628870830927,6.502031618868,0.));
#3191 = CARTESIAN_POINT('',(-2.676111508526,6.561717047478,0.));
#3192 = CARTESIAN_POINT('',(-2.73221981611,6.627245394082,0.));
#3193 = CARTESIAN_POINT('',(-2.797709342713,6.698007849482,0.));
#3194 = CARTESIAN_POINT('',(-2.873059115975,6.773365113445,0.));
#3195 = CARTESIAN_POINT('',(-2.958712399072,6.852649003186,0.));
#3196 = CARTESIAN_POINT('',(-3.055075072483,6.935164334822,0.));
#3197 = CARTESIAN_POINT('',(-3.16251423381,7.020190826444,0.));
#3198 = CARTESIAN_POINT('',(-3.281356980048,7.106985032707,0.));
#3199 = CARTESIAN_POINT('',(-3.411888720155,7.194782569488,0.));
#3200 = CARTESIAN_POINT('',(-3.554353977319,7.282799440274,0.));
#3201 = CARTESIAN_POINT('',(-3.708947471632,7.370237349351,0.));
#3202 = CARTESIAN_POINT('',(-3.817205555325,7.426044278402,0.));
#3203 = CARTESIAN_POINT('',(-3.873347681212,7.453668743676,0.));
#3204 = VECTOR('',#3205,1.);
#3205 = DIRECTION('',(-0.,-0.,-1.));
#3206 = ADVANCED_FACE('',(#3207),#3218,.F.);
#3207 = FACE_BOUND('',#3208,.F.);
#3208 = EDGE_LOOP('',(#3209,#3215,#3216,#3217));
#3209 = ORIENTED_EDGE('',*,*,#3210,.T.);
#3210 = EDGE_CURVE('',#842,#1788,#3211,.T.);
#3211 = LINE('',#3212,#3213);
#3212 = CARTESIAN_POINT('',(-4.518392642811,-7.081251861457,0.));
#3213 = VECTOR('',#3214,1.);
#3214 = DIRECTION('',(0.,0.,1.));
#3215 = ORIENTED_EDGE('',*,*,#1814,.T.);
#3216 = ORIENTED_EDGE('',*,*,#3134,.F.);
#3217 = ORIENTED_EDGE('',*,*,#868,.F.);
#3218 = SURFACE_OF_LINEAR_EXTRUSION('',#3219,#3222);
#3219 = B_SPLINE_CURVE_WITH_KNOTS('',1,(#3220,#3221),.UNSPECIFIED.,.F.,
  .F.,(2,2),(0.,0.744833764438),.PIECEWISE_BEZIER_KNOTS.);
#3220 = CARTESIAN_POINT('',(-4.518392642811,-7.081251861457,0.));
#3221 = CARTESIAN_POINT('',(-3.873347681212,-7.453668743676,0.));
#3222 = VECTOR('',#3223,1.);
#3223 = DIRECTION('',(-0.,-0.,-1.));
#3224 = ADVANCED_FACE('',(#3225),#3236,.F.);
#3225 = FACE_BOUND('',#3226,.F.);
#3226 = EDGE_LOOP('',(#3227,#3228,#3229,#3235));
#3227 = ORIENTED_EDGE('',*,*,#3174,.T.);
#3228 = ORIENTED_EDGE('',*,*,#1486,.T.);
#3229 = ORIENTED_EDGE('',*,*,#3230,.F.);
#3230 = EDGE_CURVE('',#541,#1487,#3231,.T.);
#3231 = LINE('',#3232,#3233);
#3232 = CARTESIAN_POINT('',(-4.518392642811,7.081251861457,0.));
#3233 = VECTOR('',#3234,1.);
#3234 = DIRECTION('',(0.,0.,1.));
#3235 = ORIENTED_EDGE('',*,*,#540,.F.);
#3236 = SURFACE_OF_LINEAR_EXTRUSION('',#3237,#3240);
#3237 = B_SPLINE_CURVE_WITH_KNOTS('',1,(#3238,#3239),.UNSPECIFIED.,.F.,
  .F.,(2,2),(0.,0.744833764438),.PIECEWISE_BEZIER_KNOTS.);
#3238 = CARTESIAN_POINT('',(-3.873347681212,7.453668743676,0.));
#3239 = CARTESIAN_POINT('',(-4.518392642811,7.081251861457,0.));
#3240 = VECTOR('',#3241,1.);
#3241 = DIRECTION('',(-0.,-0.,-1.));
#3242 = ADVANCED_FACE('',(#3243),#3254,.F.);
#3243 = FACE_BOUND('',#3244,.F.);
#3244 = EDGE_LOOP('',(#3245,#3251,#3252,#3253));
#3245 = ORIENTED_EDGE('',*,*,#3246,.T.);
#3246 = EDGE_CURVE('',#835,#1781,#3247,.T.);
#3247 = LINE('',#3248,#3249);
#3248 = CARTESIAN_POINT('',(-4.198291318116,-5.305678276514,0.));
#3249 = VECTOR('',#3250,1.);
#3250 = DIRECTION('',(0.,0.,1.));
#3251 = ORIENTED_EDGE('',*,*,#1787,.T.);
#3252 = ORIENTED_EDGE('',*,*,#3210,.F.);
#3253 = ORIENTED_EDGE('',*,*,#841,.F.);
#3254 = SURFACE_OF_LINEAR_EXTRUSION('',#3255,#3278);
#3255 = B_SPLINE_CURVE_WITH_KNOTS('',3,(#3256,#3257,#3258,#3259,#3260,
    #3261,#3262,#3263,#3264,#3265,#3266,#3267,#3268,#3269,#3270,#3271,
    #3272,#3273,#3274,#3275,#3276,#3277),.UNSPECIFIED.,.F.,.F.,(4,1,1,1,
    1,1,1,1,1,1,1,1,1,1,1,1,1,1,1,4),(0.,5.073410932506E-03,
    2.029336190878E-02,4.56599092927E-02,8.117306113635E-02,
    0.126832820124,0.182639187475,0.248592163847,0.324691749634,
    0.410937945091,0.507330750392,0.613870165662,0.730556190994,
    0.857388826457,0.994368072105,1.141493927982,1.298766394124,
    1.466185470557,1.643751157306,1.831463454391),.UNSPECIFIED.);
#3256 = CARTESIAN_POINT('',(-4.198291318116,-5.305678276514,0.));
#3257 = CARTESIAN_POINT('',(-4.199320188676,-5.307020758081,0.));
#3258 = CARTESIAN_POINT('',(-4.203378493311,-5.312432631092,0.));
#3259 = CARTESIAN_POINT('',(-4.212017717431,-5.324969961212,0.));
#3260 = CARTESIAN_POINT('',(-4.225700994618,-5.346334330763,0.));
#3261 = CARTESIAN_POINT('',(-4.243687422647,-5.376967191589,0.));
#3262 = CARTESIAN_POINT('',(-4.265305302752,-5.417197192718,0.));
#3263 = CARTESIAN_POINT('',(-4.289818297752,-5.467347300522,0.));
#3264 = CARTESIAN_POINT('',(-4.316489142686,-5.527684732285,0.));
#3265 = CARTESIAN_POINT('',(-4.344557901298,-5.598439073483,0.));
#3266 = CARTESIAN_POINT('',(-4.373252960333,-5.679794466516,0.));
#3267 = CARTESIAN_POINT('',(-4.401790281042,-5.771891287935,0.));
#3268 = CARTESIAN_POINT('',(-4.429376699363,-5.874824737731,0.));
#3269 = CARTESIAN_POINT('',(-4.455211920441,-5.988644601681,0.));
#3270 = CARTESIAN_POINT('',(-4.478490957135,-6.11335479065,0.));
#3271 = CARTESIAN_POINT('',(-4.498406478211,-6.248913079531,0.));
#3272 = CARTESIAN_POINT('',(-4.514151092616,-6.39523101996,0.));
#3273 = CARTESIAN_POINT('',(-4.524920119805,-6.552173591284,0.));
#3274 = CARTESIAN_POINT('',(-4.529912337285,-6.719560558537,0.));
#3275 = CARTESIAN_POINT('',(-4.528339040643,-6.897161406411,0.));
#3276 = CARTESIAN_POINT('',(-4.522540217061,-7.018819121579,0.));
#3277 = CARTESIAN_POINT('',(-4.518392642811,-7.081251861457,0.));
#3278 = VECTOR('',#3279,1.);
#3279 = DIRECTION('',(-0.,-0.,-1.));
#3280 = ADVANCED_FACE('',(#3281),#3292,.F.);
#3281 = FACE_BOUND('',#3282,.F.);
#3282 = EDGE_LOOP('',(#3283,#3284,#3285,#3291));
#3283 = ORIENTED_EDGE('',*,*,#3230,.T.);
#3284 = ORIENTED_EDGE('',*,*,#1493,.T.);
#3285 = ORIENTED_EDGE('',*,*,#3286,.F.);
#3286 = EDGE_CURVE('',#548,#1494,#3287,.T.);
#3287 = LINE('',#3288,#3289);
#3288 = CARTESIAN_POINT('',(-4.198291318116,5.305678276514,0.));
#3289 = VECTOR('',#3290,1.);
#3290 = DIRECTION('',(0.,0.,1.));
#3291 = ORIENTED_EDGE('',*,*,#547,.F.);
#3292 = SURFACE_OF_LINEAR_EXTRUSION('',#3293,#3316);
#3293 = B_SPLINE_CURVE_WITH_KNOTS('',3,(#3294,#3295,#3296,#3297,#3298,
    #3299,#3300,#3301,#3302,#3303,#3304,#3305,#3306,#3307,#3308,#3309,
    #3310,#3311,#3312,#3313,#3314,#3315),.UNSPECIFIED.,.F.,.F.,(4,1,1,1,
    1,1,1,1,1,1,1,1,1,1,1,1,1,1,1,4),(0.,0.187712297085,0.365277983834,
    0.532697060267,0.689969526408,0.837095382286,0.974074627934,
    1.100907263397,1.217593288729,1.324132703999,1.4205255093,
    1.506771704757,1.582871290544,1.648824266916,1.704630634267,
    1.750290393254,1.785803545098,1.811170092482,1.826390043458,
    1.831463454391),.UNSPECIFIED.);
#3294 = CARTESIAN_POINT('',(-4.518392642811,7.081251861457,0.));
#3295 = CARTESIAN_POINT('',(-4.522540217061,7.018819121579,0.));
#3296 = CARTESIAN_POINT('',(-4.528339040643,6.897161406411,0.));
#3297 = CARTESIAN_POINT('',(-4.529912337285,6.719560558537,0.));
#3298 = CARTESIAN_POINT('',(-4.524920119805,6.552173591284,0.));
#3299 = CARTESIAN_POINT('',(-4.514151092616,6.39523101996,0.));
#3300 = CARTESIAN_POINT('',(-4.498406478211,6.248913079531,0.));
#3301 = CARTESIAN_POINT('',(-4.478490957135,6.11335479065,0.));
#3302 = CARTESIAN_POINT('',(-4.455211920441,5.988644601681,0.));
#3303 = CARTESIAN_POINT('',(-4.429376699363,5.874824737731,0.));
#3304 = CARTESIAN_POINT('',(-4.401790281042,5.771891287935,0.));
#3305 = CARTESIAN_POINT('',(-4.373252960333,5.679794466516,0.));
#3306 = CARTESIAN_POINT('',(-4.344557901298,5.598439073483,0.));
#3307 = CARTESIAN_POINT('',(-4.316489142686,5.527684732285,0.));
#3308 = CARTESIAN_POINT('',(-4.289818297752,5.467347300522,0.));
#3309 = CARTESIAN_POINT('',(-4.265305302752,5.417197192718,0.));
#3310 = CARTESIAN_POINT('',(-4.243687422647,5.376967191589,0.));
#3311 = CARTESIAN_POINT('',(-4.225700994618,5.346334330763,0.));
#3312 = CARTESIAN_POINT('',(-4.212017717431,5.324969961212,0.));
#3313 = CARTESIAN_POINT('',(-4.203378493311,5.312432631092,0.));
#3314 = CARTESIAN_POINT('',(-4.199320188676,5.307020758081,0.));
#3315 = CARTESIAN_POINT('',(-4.198291318116,5.305678276514,0.));
#3316 = VECTOR('',#3317,1.);
#3317 = DIRECTION('',(-0.,-0.,-1.));
#3318 = ADVANCED_FACE('',(#3319),#3330,.F.);
#3319 = FACE_BOUND('',#3320,.F.);
#3320 = EDGE_LOOP('',(#3321,#3327,#3328,#3329));
#3321 = ORIENTED_EDGE('',*,*,#3322,.T.);
#3322 = EDGE_CURVE('',#828,#1774,#3323,.T.);
#3323 = LINE('',#3324,#3325);
#3324 = CARTESIAN_POINT('',(-3.536951573302,-4.469896371072,0.));
#3325 = VECTOR('',#3326,1.);
#3326 = DIRECTION('',(0.,0.,1.));
#3327 = ORIENTED_EDGE('',*,*,#1780,.T.);
#3328 = ORIENTED_EDGE('',*,*,#3246,.F.);
#3329 = ORIENTED_EDGE('',*,*,#834,.F.);
#3330 = SURFACE_OF_LINEAR_EXTRUSION('',#3331,#3334);
#3331 = B_SPLINE_CURVE_WITH_KNOTS('',1,(#3332,#3333),.UNSPECIFIED.,.F.,
  .F.,(2,2),(0.,1.065786869659),.PIECEWISE_BEZIER_KNOTS.);
#3332 = CARTESIAN_POINT('',(-3.536951573302,-4.469896371072,0.));
#3333 = CARTESIAN_POINT('',(-4.198291318116,-5.305678276514,0.));
#3334 = VECTOR('',#3335,1.);
#3335 = DIRECTION('',(-0.,-0.,-1.));
#3336 = ADVANCED_FACE('',(#3337),#3348,.F.);
#3337 = FACE_BOUND('',#3338,.F.);
#3338 = EDGE_LOOP('',(#3339,#3340,#3341,#3347));
#3339 = ORIENTED_EDGE('',*,*,#3286,.T.);
#3340 = ORIENTED_EDGE('',*,*,#1520,.T.);
#3341 = ORIENTED_EDGE('',*,*,#3342,.F.);
#3342 = EDGE_CURVE('',#575,#1521,#3343,.T.);
#3343 = LINE('',#3344,#3345);
#3344 = CARTESIAN_POINT('',(-3.536951573302,4.469896371072,0.));
#3345 = VECTOR('',#3346,1.);
#3346 = DIRECTION('',(0.,0.,1.));
#3347 = ORIENTED_EDGE('',*,*,#574,.F.);
#3348 = SURFACE_OF_LINEAR_EXTRUSION('',#3349,#3352);
#3349 = B_SPLINE_CURVE_WITH_KNOTS('',1,(#3350,#3351),.UNSPECIFIED.,.F.,
  .F.,(2,2),(0.,1.065786869659),.PIECEWISE_BEZIER_KNOTS.);
#3350 = CARTESIAN_POINT('',(-4.198291318116,5.305678276514,0.));
#3351 = CARTESIAN_POINT('',(-3.536951573302,4.469896371072,0.));
#3352 = VECTOR('',#3353,1.);
#3353 = DIRECTION('',(-0.,-0.,-1.));
#3354 = ADVANCED_FACE('',(#3355),#3366,.F.);
#3355 = FACE_BOUND('',#3356,.F.);
#3356 = EDGE_LOOP('',(#3357,#3363,#3364,#3365));
#3357 = ORIENTED_EDGE('',*,*,#3358,.T.);
#3358 = EDGE_CURVE('',#821,#1767,#3359,.T.);
#3359 = LINE('',#3360,#3361);
#3360 = CARTESIAN_POINT('',(-4.469896371072,-3.536951573302,0.));
#3361 = VECTOR('',#3362,1.);
#3362 = DIRECTION('',(0.,0.,1.));
#3363 = ORIENTED_EDGE('',*,*,#1773,.T.);
#3364 = ORIENTED_EDGE('',*,*,#3322,.F.);
#3365 = ORIENTED_EDGE('',*,*,#827,.F.);
#3366 = SURFACE_OF_LINEAR_EXTRUSION('',#3367,#3370);
#3367 = B_SPLINE_CURVE_WITH_KNOTS('',1,(#3368,#3369),.UNSPECIFIED.,.F.,
  .F.,(2,2),(0.,1.319383185952),.PIECEWISE_BEZIER_KNOTS.);
#3368 = CARTESIAN_POINT('',(-4.469896371072,-3.536951573302,0.));
#3369 = CARTESIAN_POINT('',(-3.536951573302,-4.469896371072,0.));
#3370 = VECTOR('',#3371,1.);
#3371 = DIRECTION('',(-0.,-0.,-1.));
#3372 = ADVANCED_FACE('',(#3373),#3384,.F.);
#3373 = FACE_BOUND('',#3374,.F.);
#3374 = EDGE_LOOP('',(#3375,#3376,#3377,#3383));
#3375 = ORIENTED_EDGE('',*,*,#3342,.T.);
#3376 = ORIENTED_EDGE('',*,*,#1527,.T.);
#3377 = ORIENTED_EDGE('',*,*,#3378,.F.);
#3378 = EDGE_CURVE('',#582,#1528,#3379,.T.);
#3379 = LINE('',#3380,#3381);
#3380 = CARTESIAN_POINT('',(-4.469896371072,3.536951573302,0.));
#3381 = VECTOR('',#3382,1.);
#3382 = DIRECTION('',(0.,0.,1.));
#3383 = ORIENTED_EDGE('',*,*,#581,.F.);
#3384 = SURFACE_OF_LINEAR_EXTRUSION('',#3385,#3388);
#3385 = B_SPLINE_CURVE_WITH_KNOTS('',1,(#3386,#3387),.UNSPECIFIED.,.F.,
  .F.,(2,2),(0.,1.319383185952),.PIECEWISE_BEZIER_KNOTS.);
#3386 = CARTESIAN_POINT('',(-3.536951573302,4.469896371072,0.));
#3387 = CARTESIAN_POINT('',(-4.469896371072,3.536951573302,0.));
#3388 = VECTOR('',#3389,1.);
#3389 = DIRECTION('',(-0.,-0.,-1.));
#3390 = ADVANCED_FACE('',(#3391),#3402,.F.);
#3391 = FACE_BOUND('',#3392,.F.);
#3392 = EDGE_LOOP('',(#3393,#3399,#3400,#3401));
#3393 = ORIENTED_EDGE('',*,*,#3394,.T.);
#3394 = EDGE_CURVE('',#794,#1740,#3395,.T.);
#3395 = LINE('',#3396,#3397);
#3396 = CARTESIAN_POINT('',(-5.305678276514,-4.198291318116,0.));
#3397 = VECTOR('',#3398,1.);
#3398 = DIRECTION('',(0.,0.,1.));
#3399 = ORIENTED_EDGE('',*,*,#1766,.T.);
#3400 = ORIENTED_EDGE('',*,*,#3358,.F.);
#3401 = ORIENTED_EDGE('',*,*,#820,.F.);
#3402 = SURFACE_OF_LINEAR_EXTRUSION('',#3403,#3406);
#3403 = B_SPLINE_CURVE_WITH_KNOTS('',1,(#3404,#3405),.UNSPECIFIED.,.F.,
  .F.,(2,2),(0.,1.065786869659),.PIECEWISE_BEZIER_KNOTS.);
#3404 = CARTESIAN_POINT('',(-5.305678276514,-4.198291318116,0.));
#3405 = CARTESIAN_POINT('',(-4.469896371072,-3.536951573302,0.));
#3406 = VECTOR('',#3407,1.);
#3407 = DIRECTION('',(-0.,-0.,-1.));
#3408 = ADVANCED_FACE('',(#3409),#3420,.F.);
#3409 = FACE_BOUND('',#3410,.F.);
#3410 = EDGE_LOOP('',(#3411,#3412,#3413,#3419));
#3411 = ORIENTED_EDGE('',*,*,#3378,.T.);
#3412 = ORIENTED_EDGE('',*,*,#1534,.T.);
#3413 = ORIENTED_EDGE('',*,*,#3414,.F.);
#3414 = EDGE_CURVE('',#589,#1535,#3415,.T.);
#3415 = LINE('',#3416,#3417);
#3416 = CARTESIAN_POINT('',(-5.305678276514,4.198291318116,0.));
#3417 = VECTOR('',#3418,1.);
#3418 = DIRECTION('',(0.,0.,1.));
#3419 = ORIENTED_EDGE('',*,*,#588,.F.);
#3420 = SURFACE_OF_LINEAR_EXTRUSION('',#3421,#3424);
#3421 = B_SPLINE_CURVE_WITH_KNOTS('',1,(#3422,#3423),.UNSPECIFIED.,.F.,
  .F.,(2,2),(0.,1.065786869659),.PIECEWISE_BEZIER_KNOTS.);
#3422 = CARTESIAN_POINT('',(-4.469896371072,3.536951573302,0.));
#3423 = CARTESIAN_POINT('',(-5.305678276514,4.198291318116,0.));
#3424 = VECTOR('',#3425,1.);
#3425 = DIRECTION('',(-0.,-0.,-1.));
#3426 = ADVANCED_FACE('',(#3427),#3438,.F.);
#3427 = FACE_BOUND('',#3428,.F.);
#3428 = EDGE_LOOP('',(#3429,#3435,#3436,#3437));
#3429 = ORIENTED_EDGE('',*,*,#3430,.T.);
#3430 = EDGE_CURVE('',#787,#1733,#3431,.T.);
#3431 = LINE('',#3432,#3433);
#3432 = CARTESIAN_POINT('',(-7.081251861457,-4.518392642811,0.));
#3433 = VECTOR('',#3434,1.);
#3434 = DIRECTION('',(0.,0.,1.));
#3435 = ORIENTED_EDGE('',*,*,#1739,.T.);
#3436 = ORIENTED_EDGE('',*,*,#3394,.F.);
#3437 = ORIENTED_EDGE('',*,*,#793,.F.);
#3438 = SURFACE_OF_LINEAR_EXTRUSION('',#3439,#3462);
#3439 = B_SPLINE_CURVE_WITH_KNOTS('',3,(#3440,#3441,#3442,#3443,#3444,
    #3445,#3446,#3447,#3448,#3449,#3450,#3451,#3452,#3453,#3454,#3455,
    #3456,#3457,#3458,#3459,#3460,#3461),.UNSPECIFIED.,.F.,.F.,(4,1,1,1,
    1,1,1,1,1,1,1,1,1,1,1,1,1,1,1,4),(0.,0.187712297085,0.365277983834,
    0.532697060267,0.689969526408,0.837095382286,0.974074627934,
    1.100907263397,1.217593288729,1.324132703999,1.4205255093,
    1.506771704757,1.582871290544,1.648824266916,1.704630634267,
    1.750290393254,1.785803545098,1.811170092482,1.826390043458,
    1.831463454391),.UNSPECIFIED.);
#3440 = CARTESIAN_POINT('',(-7.081251861457,-4.518392642811,0.));
#3441 = CARTESIAN_POINT('',(-7.018819121579,-4.522540217061,0.));
#3442 = CARTESIAN_POINT('',(-6.897161406411,-4.528339040643,0.));
#3443 = CARTESIAN_POINT('',(-6.719560558537,-4.529912337285,0.));
#3444 = CARTESIAN_POINT('',(-6.552173591284,-4.524920119805,0.));
#3445 = CARTESIAN_POINT('',(-6.39523101996,-4.514151092616,0.));
#3446 = CARTESIAN_POINT('',(-6.248913079531,-4.498406478211,0.));
#3447 = CARTESIAN_POINT('',(-6.11335479065,-4.478490957135,0.));
#3448 = CARTESIAN_POINT('',(-5.988644601681,-4.455211920441,0.));
#3449 = CARTESIAN_POINT('',(-5.874824737731,-4.429376699363,0.));
#3450 = CARTESIAN_POINT('',(-5.771891287935,-4.401790281042,0.));
#3451 = CARTESIAN_POINT('',(-5.679794466516,-4.373252960333,0.));
#3452 = CARTESIAN_POINT('',(-5.598439073483,-4.344557901298,0.));
#3453 = CARTESIAN_POINT('',(-5.527684732285,-4.316489142686,0.));
#3454 = CARTESIAN_POINT('',(-5.467347300522,-4.289818297752,0.));
#3455 = CARTESIAN_POINT('',(-5.417197192718,-4.265305302752,0.));
#3456 = CARTESIAN_POINT('',(-5.376967191589,-4.243687422647,0.));
#3457 = CARTESIAN_POINT('',(-5.346334330763,-4.225700994618,0.));
#3458 = CARTESIAN_POINT('',(-5.324969961212,-4.212017717431,0.));
#3459 = CARTESIAN_POINT('',(-5.312432631092,-4.203378493311,0.));
#3460 = CARTESIAN_POINT('',(-5.307020758081,-4.199320188676,0.));
#3461 = CARTESIAN_POINT('',(-5.305678276514,-4.198291318116,0.));
#3462 = VECTOR('',#3463,1.);
#3463 = DIRECTION('',(-0.,-0.,-1.));
#3464 = ADVANCED_FACE('',(#3465),#3476,.F.);
#3465 = FACE_BOUND('',#3466,.F.);
#3466 = EDGE_LOOP('',(#3467,#3468,#3469,#3475));
#3467 = ORIENTED_EDGE('',*,*,#3414,.T.);
#3468 = ORIENTED_EDGE('',*,*,#1541,.T.);
#3469 = ORIENTED_EDGE('',*,*,#3470,.F.);
#3470 = EDGE_CURVE('',#596,#1542,#3471,.T.);
#3471 = LINE('',#3472,#3473);
#3472 = CARTESIAN_POINT('',(-7.081251861457,4.518392642811,0.));
#3473 = VECTOR('',#3474,1.);
#3474 = DIRECTION('',(0.,0.,1.));
#3475 = ORIENTED_EDGE('',*,*,#595,.F.);
#3476 = SURFACE_OF_LINEAR_EXTRUSION('',#3477,#3500);
#3477 = B_SPLINE_CURVE_WITH_KNOTS('',3,(#3478,#3479,#3480,#3481,#3482,
    #3483,#3484,#3485,#3486,#3487,#3488,#3489,#3490,#3491,#3492,#3493,
    #3494,#3495,#3496,#3497,#3498,#3499),.UNSPECIFIED.,.F.,.F.,(4,1,1,1,
    1,1,1,1,1,1,1,1,1,1,1,1,1,1,1,4),(0.,5.073410932506E-03,
    2.029336190878E-02,4.56599092927E-02,8.117306113635E-02,
    0.126832820124,0.182639187475,0.248592163847,0.324691749634,
    0.410937945091,0.507330750392,0.613870165662,0.730556190994,
    0.857388826457,0.994368072105,1.141493927982,1.298766394124,
    1.466185470557,1.643751157306,1.831463454391),.UNSPECIFIED.);
#3478 = CARTESIAN_POINT('',(-5.305678276514,4.198291318116,0.));
#3479 = CARTESIAN_POINT('',(-5.307020758081,4.199320188676,0.));
#3480 = CARTESIAN_POINT('',(-5.312432631092,4.203378493311,0.));
#3481 = CARTESIAN_POINT('',(-5.324969961212,4.212017717431,0.));
#3482 = CARTESIAN_POINT('',(-5.346334330763,4.225700994618,0.));
#3483 = CARTESIAN_POINT('',(-5.376967191589,4.243687422647,0.));
#3484 = CARTESIAN_POINT('',(-5.417197192718,4.265305302752,0.));
#3485 = CARTESIAN_POINT('',(-5.467347300522,4.289818297752,0.));
#3486 = CARTESIAN_POINT('',(-5.527684732285,4.316489142686,0.));
#3487 = CARTESIAN_POINT('',(-5.598439073483,4.344557901298,0.));
#3488 = CARTESIAN_POINT('',(-5.679794466516,4.373252960333,0.));
#3489 = CARTESIAN_POINT('',(-5.771891287935,4.401790281042,0.));
#3490 = CARTESIAN_POINT('',(-5.874824737731,4.429376699363,0.));
#3491 = CARTESIAN_POINT('',(-5.988644601681,4.455211920441,0.));
#3492 = CARTESIAN_POINT('',(-6.11335479065,4.478490957135,0.));
#3493 = CARTESIAN_POINT('',(-6.248913079531,4.498406478211,0.));
#3494 = CARTESIAN_POINT('',(-6.39523101996,4.514151092616,0.));
#3495 = CARTESIAN_POINT('',(-6.552173591284,4.524920119805,0.));
#3496 = CARTESIAN_POINT('',(-6.719560558537,4.529912337285,0.));
#3497 = CARTESIAN_POINT('',(-6.897161406411,4.528339040643,0.));
#3498 = CARTESIAN_POINT('',(-7.018819121579,4.522540217061,0.));
#3499 = CARTESIAN_POINT('',(-7.081251861457,4.518392642811,0.));
#3500 = VECTOR('',#3501,1.);
#3501 = DIRECTION('',(-0.,-0.,-1.));
#3502 = ADVANCED_FACE('',(#3503),#3514,.F.);
#3503 = FACE_BOUND('',#3504,.F.);
#3504 = EDGE_LOOP('',(#3505,#3511,#3512,#3513));
#3505 = ORIENTED_EDGE('',*,*,#3506,.T.);
#3506 = EDGE_CURVE('',#760,#1706,#3507,.T.);
#3507 = LINE('',#3508,#3509);
#3508 = CARTESIAN_POINT('',(-7.453668743676,-3.873347681212,0.));
#3509 = VECTOR('',#3510,1.);
#3510 = DIRECTION('',(0.,0.,1.));
#3511 = ORIENTED_EDGE('',*,*,#1732,.T.);
#3512 = ORIENTED_EDGE('',*,*,#3430,.F.);
#3513 = ORIENTED_EDGE('',*,*,#786,.F.);
#3514 = SURFACE_OF_LINEAR_EXTRUSION('',#3515,#3518);
#3515 = B_SPLINE_CURVE_WITH_KNOTS('',1,(#3516,#3517),.UNSPECIFIED.,.F.,
  .F.,(2,2),(0.,0.744833764438),.PIECEWISE_BEZIER_KNOTS.);
#3516 = CARTESIAN_POINT('',(-7.453668743676,-3.873347681212,0.));
#3517 = CARTESIAN_POINT('',(-7.081251861457,-4.518392642811,0.));
#3518 = VECTOR('',#3519,1.);
#3519 = DIRECTION('',(-0.,-0.,-1.));
#3520 = ADVANCED_FACE('',(#3521),#3532,.F.);
#3521 = FACE_BOUND('',#3522,.F.);
#3522 = EDGE_LOOP('',(#3523,#3524,#3525,#3531));
#3523 = ORIENTED_EDGE('',*,*,#3470,.T.);
#3524 = ORIENTED_EDGE('',*,*,#1568,.T.);
#3525 = ORIENTED_EDGE('',*,*,#3526,.F.);
#3526 = EDGE_CURVE('',#623,#1569,#3527,.T.);
#3527 = LINE('',#3528,#3529);
#3528 = CARTESIAN_POINT('',(-7.453668743676,3.873347681212,0.));
#3529 = VECTOR('',#3530,1.);
#3530 = DIRECTION('',(0.,0.,1.));
#3531 = ORIENTED_EDGE('',*,*,#622,.F.);
#3532 = SURFACE_OF_LINEAR_EXTRUSION('',#3533,#3536);
#3533 = B_SPLINE_CURVE_WITH_KNOTS('',1,(#3534,#3535),.UNSPECIFIED.,.F.,
  .F.,(2,2),(0.,0.744833764438),.PIECEWISE_BEZIER_KNOTS.);
#3534 = CARTESIAN_POINT('',(-7.081251861457,4.518392642811,0.));
#3535 = CARTESIAN_POINT('',(-7.453668743676,3.873347681212,0.));
#3536 = VECTOR('',#3537,1.);
#3537 = DIRECTION('',(-0.,-0.,-1.));
#3538 = ADVANCED_FACE('',(#3539),#3550,.F.);
#3539 = FACE_BOUND('',#3540,.F.);
#3540 = EDGE_LOOP('',(#3541,#3547,#3548,#3549));
#3541 = ORIENTED_EDGE('',*,*,#3542,.T.);
#3542 = EDGE_CURVE('',#753,#1699,#3543,.T.);
#3543 = LINE('',#3544,#3545);
#3544 = CARTESIAN_POINT('',(-6.288666072233,-2.495706512711,0.));
#3545 = VECTOR('',#3546,1.);
#3546 = DIRECTION('',(0.,0.,1.));
#3547 = ORIENTED_EDGE('',*,*,#1705,.T.);
#3548 = ORIENTED_EDGE('',*,*,#3506,.F.);
#3549 = ORIENTED_EDGE('',*,*,#759,.F.);
#3550 = SURFACE_OF_LINEAR_EXTRUSION('',#3551,#3574);
#3551 = B_SPLINE_CURVE_WITH_KNOTS('',3,(#3552,#3553,#3554,#3555,#3556,
    #3557,#3558,#3559,#3560,#3561,#3562,#3563,#3564,#3565,#3566,#3567,
    #3568,#3569,#3570,#3571,#3572,#3573),.UNSPECIFIED.,.F.,.F.,(4,1,1,1,
    1,1,1,1,1,1,1,1,1,1,1,1,1,1,1,4),(0.,5.073410932506E-03,
    2.029336190878E-02,4.56599092927E-02,8.117306113635E-02,
    0.126832820124,0.182639187475,0.248592163847,0.324691749634,
    0.410937945091,0.507330750392,0.613870165662,0.730556190994,
    0.857388826457,0.994368072105,1.141493927982,1.298766394124,
    1.466185470557,1.643751157306,1.831463454391),.UNSPECIFIED.);
#3552 = CARTESIAN_POINT('',(-6.288666072233,-2.495706512711,0.));
#3553 = CARTESIAN_POINT('',(-6.290228341059,-2.496354700572,0.));
#3554 = CARTESIAN_POINT('',(-6.296448872474,-2.499012367764,0.));
#3555 = CARTESIAN_POINT('',(-6.310199325092,-2.505550402083,0.));
#3556 = CARTESIAN_POINT('',(-6.332731575518,-2.517210850257,0.));
#3557 = CARTESIAN_POINT('',(-6.363624709527,-2.534746471908,0.));
#3558 = CARTESIAN_POINT('',(-6.402461343439,-2.558777734828,0.));
#3559 = CARTESIAN_POINT('',(-6.448765273733,-2.589952504688,0.));
#3560 = CARTESIAN_POINT('',(-6.502031618868,-2.628870830927,0.));
#3561 = CARTESIAN_POINT('',(-6.561717047478,-2.676111508526,0.));
#3562 = CARTESIAN_POINT('',(-6.627245394082,-2.73221981611,0.));
#3563 = CARTESIAN_POINT('',(-6.698007849482,-2.797709342713,0.));
#3564 = CARTESIAN_POINT('',(-6.773365113445,-2.873059115975,0.));
#3565 = CARTESIAN_POINT('',(-6.852649003186,-2.958712399072,0.));
#3566 = CARTESIAN_POINT('',(-6.935164334822,-3.055075072483,0.));
#3567 = CARTESIAN_POINT('',(-7.020190826444,-3.16251423381,0.));
#3568 = CARTESIAN_POINT('',(-7.106985032707,-3.281356980048,0.));
#3569 = CARTESIAN_POINT('',(-7.194782569488,-3.411888720155,0.));
#3570 = CARTESIAN_POINT('',(-7.282799440274,-3.554353977319,0.));
#3571 = CARTESIAN_POINT('',(-7.370237349351,-3.708947471632,0.));
#3572 = CARTESIAN_POINT('',(-7.426044278402,-3.817205555325,0.));
#3573 = CARTESIAN_POINT('',(-7.453668743676,-3.873347681212,0.));
#3574 = VECTOR('',#3575,1.);
#3575 = DIRECTION('',(-0.,-0.,-1.));
#3576 = ADVANCED_FACE('',(#3577),#3588,.F.);
#3577 = FACE_BOUND('',#3578,.F.);
#3578 = EDGE_LOOP('',(#3579,#3580,#3581,#3587));
#3579 = ORIENTED_EDGE('',*,*,#3526,.T.);
#3580 = ORIENTED_EDGE('',*,*,#1575,.T.);
#3581 = ORIENTED_EDGE('',*,*,#3582,.F.);
#3582 = EDGE_CURVE('',#630,#1576,#3583,.T.);
#3583 = LINE('',#3584,#3585);
#3584 = CARTESIAN_POINT('',(-6.288666072233,2.495706512711,0.));
#3585 = VECTOR('',#3586,1.);
#3586 = DIRECTION('',(0.,0.,1.));
#3587 = ORIENTED_EDGE('',*,*,#629,.F.);
#3588 = SURFACE_OF_LINEAR_EXTRUSION('',#3589,#3612);
#3589 = B_SPLINE_CURVE_WITH_KNOTS('',3,(#3590,#3591,#3592,#3593,#3594,
    #3595,#3596,#3597,#3598,#3599,#3600,#3601,#3602,#3603,#3604,#3605,
    #3606,#3607,#3608,#3609,#3610,#3611),.UNSPECIFIED.,.F.,.F.,(4,1,1,1,
    1,1,1,1,1,1,1,1,1,1,1,1,1,1,1,4),(0.,0.187712297085,0.365277983834,
    0.532697060267,0.689969526408,0.837095382286,0.974074627934,
    1.100907263397,1.217593288729,1.324132703999,1.4205255093,
    1.506771704757,1.582871290544,1.648824266916,1.704630634267,
    1.750290393254,1.785803545098,1.811170092482,1.826390043458,
    1.831463454391),.UNSPECIFIED.);
#3590 = CARTESIAN_POINT('',(-7.453668743676,3.873347681212,0.));
#3591 = CARTESIAN_POINT('',(-7.426044278402,3.817205555325,0.));
#3592 = CARTESIAN_POINT('',(-7.370237349351,3.708947471632,0.));
#3593 = CARTESIAN_POINT('',(-7.282799440274,3.554353977319,0.));
#3594 = CARTESIAN_POINT('',(-7.194782569488,3.411888720155,0.));
#3595 = CARTESIAN_POINT('',(-7.106985032707,3.281356980048,0.));
#3596 = CARTESIAN_POINT('',(-7.020190826444,3.16251423381,0.));
#3597 = CARTESIAN_POINT('',(-6.935164334822,3.055075072483,0.));
#3598 = CARTESIAN_POINT('',(-6.852649003186,2.958712399072,0.));
#3599 = CARTESIAN_POINT('',(-6.773365113445,2.873059115975,0.));
#3600 = CARTESIAN_POINT('',(-6.698007849482,2.797709342713,0.));
#3601 = CARTESIAN_POINT('',(-6.627245394082,2.73221981611,0.));
#3602 = CARTESIAN_POINT('',(-6.561717047478,2.676111508526,0.));
#3603 = CARTESIAN_POINT('',(-6.502031618868,2.628870830927,0.));
#3604 = CARTESIAN_POINT('',(-6.448765273733,2.589952504688,0.));
#3605 = CARTESIAN_POINT('',(-6.402461343439,2.558777734828,0.));
#3606 = CARTESIAN_POINT('',(-6.363624709527,2.534746471908,0.));
#3607 = CARTESIAN_POINT('',(-6.332731575518,2.517210850257,0.));
#3608 = CARTESIAN_POINT('',(-6.310199325092,2.505550402083,0.));
#3609 = CARTESIAN_POINT('',(-6.296448872474,2.499012367764,0.));
#3610 = CARTESIAN_POINT('',(-6.290228341059,2.496354700572,0.));
#3611 = CARTESIAN_POINT('',(-6.288666072233,2.495706512711,0.));
#3612 = VECTOR('',#3613,1.);
#3613 = DIRECTION('',(-0.,-0.,-1.));
#3614 = ADVANCED_FACE('',(#3615),#3626,.F.);
#3615 = FACE_BOUND('',#3616,.F.);
#3616 = EDGE_LOOP('',(#3617,#3623,#3624,#3625));
#3617 = ORIENTED_EDGE('',*,*,#3618,.T.);
#3618 = EDGE_CURVE('',#746,#1692,#3619,.T.);
#3619 = LINE('',#3620,#3621);
#3620 = CARTESIAN_POINT('',(-5.29803809997,-2.102568022981,0.));
#3621 = VECTOR('',#3622,1.);
#3622 = DIRECTION('',(0.,0.,1.));
#3623 = ORIENTED_EDGE('',*,*,#1698,.T.);
#3624 = ORIENTED_EDGE('',*,*,#3542,.F.);
#3625 = ORIENTED_EDGE('',*,*,#752,.F.);
#3626 = SURFACE_OF_LINEAR_EXTRUSION('',#3627,#3630);
#3627 = B_SPLINE_CURVE_WITH_KNOTS('',1,(#3628,#3629),.UNSPECIFIED.,.F.,
  .F.,(2,2),(0.,1.065786869659),.PIECEWISE_BEZIER_KNOTS.);
#3628 = CARTESIAN_POINT('',(-5.29803809997,-2.102568022981,0.));
#3629 = CARTESIAN_POINT('',(-6.288666072233,-2.495706512711,0.));
#3630 = VECTOR('',#3631,1.);
#3631 = DIRECTION('',(-0.,-0.,-1.));
#3632 = ADVANCED_FACE('',(#3633),#3644,.F.);
#3633 = FACE_BOUND('',#3634,.F.);
#3634 = EDGE_LOOP('',(#3635,#3636,#3637,#3643));
#3635 = ORIENTED_EDGE('',*,*,#3582,.T.);
#3636 = ORIENTED_EDGE('',*,*,#1602,.T.);
#3637 = ORIENTED_EDGE('',*,*,#3638,.F.);
#3638 = EDGE_CURVE('',#657,#1603,#3639,.T.);
#3639 = LINE('',#3640,#3641);
#3640 = CARTESIAN_POINT('',(-5.29803809997,2.102568022981,0.));
#3641 = VECTOR('',#3642,1.);
#3642 = DIRECTION('',(0.,0.,1.));
#3643 = ORIENTED_EDGE('',*,*,#656,.F.);
#3644 = SURFACE_OF_LINEAR_EXTRUSION('',#3645,#3648);
#3645 = B_SPLINE_CURVE_WITH_KNOTS('',1,(#3646,#3647),.UNSPECIFIED.,.F.,
  .F.,(2,2),(0.,1.065786869659),.PIECEWISE_BEZIER_KNOTS.);
#3646 = CARTESIAN_POINT('',(-6.288666072233,2.495706512711,0.));
#3647 = CARTESIAN_POINT('',(-5.29803809997,2.102568022981,0.));
#3648 = VECTOR('',#3649,1.);
#3649 = DIRECTION('',(-0.,-0.,-1.));
#3650 = ADVANCED_FACE('',(#3651),#3662,.F.);
#3651 = FACE_BOUND('',#3652,.F.);
#3652 = EDGE_LOOP('',(#3653,#3659,#3660,#3661));
#3653 = ORIENTED_EDGE('',*,*,#3654,.T.);
#3654 = EDGE_CURVE('',#739,#1685,#3655,.T.);
#3655 = LINE('',#3656,#3657);
#3656 = CARTESIAN_POINT('',(-5.639519596283,-0.828141728899,0.));
#3657 = VECTOR('',#3658,1.);
#3658 = DIRECTION('',(0.,0.,1.));
#3659 = ORIENTED_EDGE('',*,*,#1691,.T.);
#3660 = ORIENTED_EDGE('',*,*,#3618,.F.);
#3661 = ORIENTED_EDGE('',*,*,#745,.F.);
#3662 = SURFACE_OF_LINEAR_EXTRUSION('',#3663,#3666);
#3663 = B_SPLINE_CURVE_WITH_KNOTS('',1,(#3664,#3665),.UNSPECIFIED.,.F.,
  .F.,(2,2),(0.,1.319383185952),.PIECEWISE_BEZIER_KNOTS.);
#3664 = CARTESIAN_POINT('',(-5.639519596283,-0.828141728899,0.));
#3665 = CARTESIAN_POINT('',(-5.29803809997,-2.102568022981,0.));
#3666 = VECTOR('',#3667,1.);
#3667 = DIRECTION('',(-0.,-0.,-1.));
#3668 = ADVANCED_FACE('',(#3669),#3680,.F.);
#3669 = FACE_BOUND('',#3670,.F.);
#3670 = EDGE_LOOP('',(#3671,#3672,#3673,#3679));
#3671 = ORIENTED_EDGE('',*,*,#3638,.T.);
#3672 = ORIENTED_EDGE('',*,*,#1609,.T.);
#3673 = ORIENTED_EDGE('',*,*,#3674,.F.);
#3674 = EDGE_CURVE('',#664,#1610,#3675,.T.);
#3675 = LINE('',#3676,#3677);
#3676 = CARTESIAN_POINT('',(-5.639519596283,0.828141728899,0.));
#3677 = VECTOR('',#3678,1.);
#3678 = DIRECTION('',(0.,0.,1.));
#3679 = ORIENTED_EDGE('',*,*,#663,.F.);
#3680 = SURFACE_OF_LINEAR_EXTRUSION('',#3681,#3684);
#3681 = B_SPLINE_CURVE_WITH_KNOTS('',1,(#3682,#3683),.UNSPECIFIED.,.F.,
  .F.,(2,2),(0.,1.319383185952),.PIECEWISE_BEZIER_KNOTS.);
#3682 = CARTESIAN_POINT('',(-5.29803809997,2.102568022981,0.));
#3683 = CARTESIAN_POINT('',(-5.639519596283,0.828141728899,0.));
#3684 = VECTOR('',#3685,1.);
#3685 = DIRECTION('',(-0.,-0.,-1.));
#3686 = ADVANCED_FACE('',(#3687),#3698,.F.);
#3687 = FACE_BOUND('',#3688,.F.);
#3688 = EDGE_LOOP('',(#3689,#3695,#3696,#3697));
#3689 = ORIENTED_EDGE('',*,*,#3690,.T.);
#3690 = EDGE_CURVE('',#712,#1658,#3691,.T.);
#3691 = LINE('',#3692,#3693);
#3692 = CARTESIAN_POINT('',(-6.693997830827,-0.982987795719,0.));
#3693 = VECTOR('',#3694,1.);
#3694 = DIRECTION('',(0.,0.,1.));
#3695 = ORIENTED_EDGE('',*,*,#1684,.T.);
#3696 = ORIENTED_EDGE('',*,*,#3654,.F.);
#3697 = ORIENTED_EDGE('',*,*,#738,.F.);
#3698 = SURFACE_OF_LINEAR_EXTRUSION('',#3699,#3702);
#3699 = B_SPLINE_CURVE_WITH_KNOTS('',1,(#3700,#3701),.UNSPECIFIED.,.F.,
  .F.,(2,2),(0.,1.065786869659),.PIECEWISE_BEZIER_KNOTS.);
#3700 = CARTESIAN_POINT('',(-6.693997830827,-0.982987795719,0.));
#3701 = CARTESIAN_POINT('',(-5.639519596283,-0.828141728899,0.));
#3702 = VECTOR('',#3703,1.);
#3703 = DIRECTION('',(-0.,-0.,-1.));
#3704 = ADVANCED_FACE('',(#3705),#3716,.F.);
#3705 = FACE_BOUND('',#3706,.F.);
#3706 = EDGE_LOOP('',(#3707,#3708,#3709,#3715));
#3707 = ORIENTED_EDGE('',*,*,#3674,.T.);
#3708 = ORIENTED_EDGE('',*,*,#1616,.T.);
#3709 = ORIENTED_EDGE('',*,*,#3710,.F.);
#3710 = EDGE_CURVE('',#671,#1617,#3711,.T.);
#3711 = LINE('',#3712,#3713);
#3712 = CARTESIAN_POINT('',(-6.693997830827,0.982987795719,0.));
#3713 = VECTOR('',#3714,1.);
#3714 = DIRECTION('',(0.,0.,1.));
#3715 = ORIENTED_EDGE('',*,*,#670,.F.);
#3716 = SURFACE_OF_LINEAR_EXTRUSION('',#3717,#3720);
#3717 = B_SPLINE_CURVE_WITH_KNOTS('',1,(#3718,#3719),.UNSPECIFIED.,.F.,
  .F.,(2,2),(0.,1.065786869659),.PIECEWISE_BEZIER_KNOTS.);
#3718 = CARTESIAN_POINT('',(-5.639519596283,0.828141728899,0.));
#3719 = CARTESIAN_POINT('',(-6.693997830827,0.982987795719,0.));
#3720 = VECTOR('',#3721,1.);
#3721 = DIRECTION('',(-0.,-0.,-1.));
#3722 = ADVANCED_FACE('',(#3723),#3734,.F.);
#3723 = FACE_BOUND('',#3724,.F.);
#3724 = EDGE_LOOP('',(#3725,#3731,#3732,#3733));
#3725 = ORIENTED_EDGE('',*,*,#3726,.T.);
#3726 = EDGE_CURVE('',#705,#1651,#3727,.T.);
#3727 = LINE('',#3728,#3729);
#3728 = CARTESIAN_POINT('',(-8.391740324023,-0.372416882219,0.));
#3729 = VECTOR('',#3730,1.);
#3730 = DIRECTION('',(0.,0.,1.));
#3731 = ORIENTED_EDGE('',*,*,#1657,.T.);
#3732 = ORIENTED_EDGE('',*,*,#3690,.F.);
#3733 = ORIENTED_EDGE('',*,*,#711,.F.);
#3734 = SURFACE_OF_LINEAR_EXTRUSION('',#3735,#3758);
#3735 = B_SPLINE_CURVE_WITH_KNOTS('',3,(#3736,#3737,#3738,#3739,#3740,
    #3741,#3742,#3743,#3744,#3745,#3746,#3747,#3748,#3749,#3750,#3751,
    #3752,#3753,#3754,#3755,#3756,#3757),.UNSPECIFIED.,.F.,.F.,(4,1,1,1,
    1,1,1,1,1,1,1,1,1,1,1,1,1,1,1,4),(0.,0.187712297085,0.365277983834,
    0.532697060267,0.689969526408,0.837095382286,0.974074627934,
    1.100907263397,1.217593288729,1.324132703999,1.4205255093,
    1.506771704757,1.582871290544,1.648824266916,1.704630634267,
    1.750290393254,1.785803545098,1.811170092482,1.826390043458,
    1.831463454391),.UNSPECIFIED.);
#3736 = CARTESIAN_POINT('',(-8.391740324023,-0.372416882219,0.));
#3737 = CARTESIAN_POINT('',(-8.339745772386,-0.407225156822,0.));
#3738 = CARTESIAN_POINT('',(-8.237286512275,-0.47307594294,0.));
#3739 = CARTESIAN_POINT('',(-8.084266314604,-0.563238881736,0.));
#3740 = CARTESIAN_POINT('',(-7.936808839959,-0.642608978204,0.));
#3741 = CARTESIAN_POINT('',(-7.795508072664,-0.711754012747,0.));
#3742 = CARTESIAN_POINT('',(-7.66092071202,-0.771277746913,0.));
#3743 = CARTESIAN_POINT('',(-7.533566029617,-0.821809544173,0.));
#3744 = CARTESIAN_POINT('',(-7.413924319513,-0.864004401505,0.));
#3745 = CARTESIAN_POINT('',(-7.302435815338,-0.898540375714,0.));
#3746 = CARTESIAN_POINT('',(-7.199499623755,-0.926116561546,0.));
#3747 = CARTESIAN_POINT('',(-7.105472776444,-0.947450927566,0.));
#3748 = CARTESIAN_POINT('',(-7.020669409825,-0.963277973995,0.));
#3749 = CARTESIAN_POINT('',(-6.945359973613,-0.974346886584,0.));
#3750 = CARTESIAN_POINT('',(-6.87977080244,-0.981417973212,0.));
#3751 = CARTESIAN_POINT('',(-6.82408303758,-0.985264150721,0.));
#3752 = CARTESIAN_POINT('',(-6.778433894555,-0.986657517938,0.));
#3753 = CARTESIAN_POINT('',(-6.742911844875,-0.986397244755,0.));
#3754 = CARTESIAN_POINT('',(-6.717568119514,-0.98522936388,0.));
#3755 = CARTESIAN_POINT('',(-6.702390861075,-0.984016241382,0.));
#3756 = CARTESIAN_POINT('',(-6.695674889248,-0.983207582978,0.));
#3757 = CARTESIAN_POINT('',(-6.693997830827,-0.982987795719,0.));
#3758 = VECTOR('',#3759,1.);
#3759 = DIRECTION('',(-0.,-0.,-1.));
#3760 = ADVANCED_FACE('',(#3761),#3772,.F.);
#3761 = FACE_BOUND('',#3762,.F.);
#3762 = EDGE_LOOP('',(#3763,#3764,#3765,#3771));
#3763 = ORIENTED_EDGE('',*,*,#3710,.T.);
#3764 = ORIENTED_EDGE('',*,*,#1623,.T.);
#3765 = ORIENTED_EDGE('',*,*,#3766,.F.);
#3766 = EDGE_CURVE('',#678,#1624,#3767,.T.);
#3767 = LINE('',#3768,#3769);
#3768 = CARTESIAN_POINT('',(-8.391740324023,0.372416882219,0.));
#3769 = VECTOR('',#3770,1.);
#3770 = DIRECTION('',(0.,0.,1.));
#3771 = ORIENTED_EDGE('',*,*,#677,.F.);
#3772 = SURFACE_OF_LINEAR_EXTRUSION('',#3773,#3796);
#3773 = B_SPLINE_CURVE_WITH_KNOTS('',3,(#3774,#3775,#3776,#3777,#3778,
    #3779,#3780,#3781,#3782,#3783,#3784,#3785,#3786,#3787,#3788,#3789,
    #3790,#3791,#3792,#3793,#3794,#3795),.UNSPECIFIED.,.F.,.F.,(4,1,1,1,
    1,1,1,1,1,1,1,1,1,1,1,1,1,1,1,4),(0.,5.073410932506E-03,
    2.029336190878E-02,4.56599092927E-02,8.117306113635E-02,
    0.126832820124,0.182639187475,0.248592163847,0.324691749634,
    0.410937945091,0.507330750392,0.613870165662,0.730556190994,
    0.857388826457,0.994368072105,1.141493927982,1.298766394124,
    1.466185470557,1.643751157306,1.831463454391),.UNSPECIFIED.);
#3774 = CARTESIAN_POINT('',(-6.693997830827,0.982987795719,0.));
#3775 = CARTESIAN_POINT('',(-6.695674889248,0.983207582978,0.));
#3776 = CARTESIAN_POINT('',(-6.702390861075,0.984016241382,0.));
#3777 = CARTESIAN_POINT('',(-6.717568119514,0.98522936388,0.));
#3778 = CARTESIAN_POINT('',(-6.742911844875,0.986397244755,0.));
#3779 = CARTESIAN_POINT('',(-6.778433894554,0.986657517938,0.));
#3780 = CARTESIAN_POINT('',(-6.82408303758,0.985264150721,0.));
#3781 = CARTESIAN_POINT('',(-6.87977080244,0.981417973212,0.));
#3782 = CARTESIAN_POINT('',(-6.945359973613,0.974346886584,0.));
#3783 = CARTESIAN_POINT('',(-7.020669409825,0.963277973995,0.));
#3784 = CARTESIAN_POINT('',(-7.105472776444,0.947450927566,0.));
#3785 = CARTESIAN_POINT('',(-7.199499623755,0.926116561546,0.));
#3786 = CARTESIAN_POINT('',(-7.302435815338,0.898540375714,0.));
#3787 = CARTESIAN_POINT('',(-7.413924319513,0.864004401505,0.));
#3788 = CARTESIAN_POINT('',(-7.533566029617,0.821809544173,0.));
#3789 = CARTESIAN_POINT('',(-7.66092071202,0.771277746913,0.));
#3790 = CARTESIAN_POINT('',(-7.795508072664,0.711754012747,0.));
#3791 = CARTESIAN_POINT('',(-7.936808839959,0.642608978204,0.));
#3792 = CARTESIAN_POINT('',(-8.084266314604,0.563238881736,0.));
#3793 = CARTESIAN_POINT('',(-8.237286512275,0.47307594294,0.));
#3794 = CARTESIAN_POINT('',(-8.339745772386,0.407225156822,0.));
#3795 = CARTESIAN_POINT('',(-8.391740324023,0.372416882219,0.));
#3796 = VECTOR('',#3797,1.);
#3797 = DIRECTION('',(-0.,-0.,-1.));
#3798 = ADVANCED_FACE('',(#3799),#3805,.F.);
#3799 = FACE_BOUND('',#3800,.F.);
#3800 = EDGE_LOOP('',(#3801,#3802,#3803,#3804));
#3801 = ORIENTED_EDGE('',*,*,#3766,.T.);
#3802 = ORIENTED_EDGE('',*,*,#1650,.T.);
#3803 = ORIENTED_EDGE('',*,*,#3726,.F.);
#3804 = ORIENTED_EDGE('',*,*,#704,.F.);
#3805 = SURFACE_OF_LINEAR_EXTRUSION('',#3806,#3809);
#3806 = B_SPLINE_CURVE_WITH_KNOTS('',1,(#3807,#3808),.UNSPECIFIED.,.F.,
  .F.,(2,2),(0.,0.744833764438),.PIECEWISE_BEZIER_KNOTS.);
#3807 = CARTESIAN_POINT('',(-8.391740324023,0.372416882219,0.));
#3808 = CARTESIAN_POINT('',(-8.391740324023,-0.372416882219,0.));
#3809 = VECTOR('',#3810,1.);
#3810 = DIRECTION('',(-0.,-0.,-1.));
#3811 = ADVANCED_FACE('',(#3812),#3831,.F.);
#3812 = FACE_BOUND('',#3813,.F.);
#3813 = EDGE_LOOP('',(#3814,#3815,#3823,#3830));
#3814 = ORIENTED_EDGE('',*,*,#1170,.F.);
#3815 = ORIENTED_EDGE('',*,*,#3816,.T.);
#3816 = EDGE_CURVE('',#1171,#3817,#3819,.T.);
#3817 = VERTEX_POINT('',#3818);
#3818 = CARTESIAN_POINT('',(1.5,0.,1.));
#3819 = LINE('',#3820,#3821);
#3820 = CARTESIAN_POINT('',(1.5,0.,0.));
#3821 = VECTOR('',#3822,1.);
#3822 = DIRECTION('',(0.,0.,1.));
#3823 = ORIENTED_EDGE('',*,*,#3824,.T.);
#3824 = EDGE_CURVE('',#3817,#3817,#3825,.T.);
#3825 = CIRCLE('',#3826,1.5);
#3826 = AXIS2_PLACEMENT_3D('',#3827,#3828,#3829);
#3827 = CARTESIAN_POINT('',(0.,0.,1.));
#3828 = DIRECTION('',(0.,0.,-1.));
#3829 = DIRECTION('',(1.,0.,0.));
#3830 = ORIENTED_EDGE('',*,*,#3816,.F.);
#3831 = CYLINDRICAL_SURFACE('',#3832,1.5);
#3832 = AXIS2_PLACEMENT_3D('',#3833,#3834,#3835);
#3833 = CARTESIAN_POINT('',(0.,0.,0.));
#3834 = DIRECTION('',(0.,0.,-1.));
#3835 = DIRECTION('',(1.,0.,0.));
#3836 = ADVANCED_FACE('',(#3837),#3863,.F.);
#3837 = FACE_BOUND('',#3838,.F.);
#3838 = EDGE_LOOP('',(#3839,#3847,#3856,#3862));
#3839 = ORIENTED_EDGE('',*,*,#3840,.T.);
#3840 = EDGE_CURVE('',#2117,#3841,#3843,.T.);
#3841 = VERTEX_POINT('',#3842);
#3842 = CARTESIAN_POINT('',(-2.175,-1.072380529476,1.));
#3843 = LINE('',#3844,#3845);
#3844 = CARTESIAN_POINT('',(-2.175,-1.072380529476,20.6));
#3845 = VECTOR('',#3846,1.);
#3846 = DIRECTION('',(-0.,-0.,-1.));
#3847 = ORIENTED_EDGE('',*,*,#3848,.T.);
#3848 = EDGE_CURVE('',#3841,#3849,#3851,.T.);
#3849 = VERTEX_POINT('',#3850);
#3850 = CARTESIAN_POINT('',(-2.175,1.072380529476,1.));
#3851 = CIRCLE('',#3852,2.425);
#3852 = AXIS2_PLACEMENT_3D('',#3853,#3854,#3855);
#3853 = CARTESIAN_POINT('',(2.486162426066E-24,0.,1.));
#3854 = DIRECTION('',(0.,0.,1.));
#3855 = DIRECTION('',(1.,0.,0.));
#3856 = ORIENTED_EDGE('',*,*,#3857,.F.);
#3857 = EDGE_CURVE('',#2119,#3849,#3858,.T.);
#3858 = LINE('',#3859,#3860);
#3859 = CARTESIAN_POINT('',(-2.175,1.072380529476,20.6));
#3860 = VECTOR('',#3861,1.);
#3861 = DIRECTION('',(-0.,-0.,-1.));
#3862 = ORIENTED_EDGE('',*,*,#2116,.F.);
#3863 = CYLINDRICAL_SURFACE('',#3864,2.425);
#3864 = AXIS2_PLACEMENT_3D('',#3865,#3866,#3867);
#3865 = CARTESIAN_POINT('',(2.486162426066E-24,0.,20.6));
#3866 = DIRECTION('',(0.,0.,1.));
#3867 = DIRECTION('',(1.,0.,0.));
#3868 = ADVANCED_FACE('',(#3869),#3880,.F.);
#3869 = FACE_BOUND('',#3870,.F.);
#3870 = EDGE_LOOP('',(#3871,#3872,#3878,#3879));
#3871 = ORIENTED_EDGE('',*,*,#3857,.T.);
#3872 = ORIENTED_EDGE('',*,*,#3873,.T.);
#3873 = EDGE_CURVE('',#3849,#3841,#3874,.T.);
#3874 = LINE('',#3875,#3876);
#3875 = CARTESIAN_POINT('',(-2.175,0.,1.));
#3876 = VECTOR('',#3877,1.);
#3877 = DIRECTION('',(0.,-1.,0.));
#3878 = ORIENTED_EDGE('',*,*,#3840,.F.);
#3879 = ORIENTED_EDGE('',*,*,#2127,.T.);
#3880 = PLANE('',#3881);
#3881 = AXIS2_PLACEMENT_3D('',#3882,#3883,#3884);
#3882 = CARTESIAN_POINT('',(-2.175,4.288790932937E-16,10.8));
#3883 = DIRECTION('',(-1.,-0.,-0.));
#3884 = DIRECTION('',(0.,0.,-1.));
#3885 = ADVANCED_FACE('',(#3886,#3890),#3893,.T.);
#3886 = FACE_BOUND('',#3887,.T.);
#3887 = EDGE_LOOP('',(#3888,#3889));
#3888 = ORIENTED_EDGE('',*,*,#3848,.T.);
#3889 = ORIENTED_EDGE('',*,*,#3873,.T.);
#3890 = FACE_BOUND('',#3891,.T.);
#3891 = EDGE_LOOP('',(#3892));
#3892 = ORIENTED_EDGE('',*,*,#3824,.T.);
#3893 = PLANE('',#3894);
#3894 = AXIS2_PLACEMENT_3D('',#3895,#3896,#3897);
#3895 = CARTESIAN_POINT('',(-0.104467172604,2.633138324396E-16,1.));
#3896 = DIRECTION('',(0.,0.,1.));
#3897 = DIRECTION('',(1.,0.,0.));
#3898 = ( GEOMETRIC_REPRESENTATION_CONTEXT(3) 
GLOBAL_UNCERTAINTY_ASSIGNED_CONTEXT((#3902)) 
GLOBAL_UNIT_ASSIGNED_CONTEXT((#3899,#3900,#3901)) REPRESENTATION_CONTEXT
('Context #1','3D Context with UNIT and UNCERTAINTY') );
#3899 = ( LENGTH_UNIT() NAMED_UNIT(*) SI_UNIT(.MILLI.,.METRE.) );
#3900 = ( NAMED_UNIT(*) PLANE_ANGLE_UNIT() SI_UNIT($,.RADIAN.) );
#3901 = ( NAMED_UNIT(*) SI_UNIT($,.STERADIAN.) SOLID_ANGLE_UNIT() );
#3902 = UNCERTAINTY_MEASURE_WITH_UNIT(LENGTH_MEASURE(1.E-07),#3899,
  'distance_accuracy_value','confusion accuracy');
#3903 = PRODUCT_RELATED_PRODUCT_CATEGORY('part',$,(#7));
#3904 = MECHANICAL_DESIGN_GEOMETRIC_PRESENTATION_REPRESENTATION('',(
    #3905),#3898);
#3905 = STYLED_ITEM('color',(#3906),#15);
#3906 = PRESENTATION_STYLE_ASSIGNMENT((#3907,#3913));
#3907 = SURFACE_STYLE_USAGE(.BOTH.,#3908);
#3908 = SURFACE_SIDE_STYLE('',(#3909));
#3909 = SURFACE_STYLE_FILL_AREA(#3910);
#3910 = FILL_AREA_STYLE('',(#3911));
#3911 = FILL_AREA_STYLE_COLOUR('',#3912);
#3912 = COLOUR_RGB('',0.447058818107,0.474509808674,0.501960817233);
#3913 = CURVE_STYLE('',#3914,POSITIVE_LENGTH_MEASURE(0.1),#3915);
#3914 = DRAUGHTING_PRE_DEFINED_CURVE_FONT('continuous');
#3915 = COLOUR_RGB('',0.678431390124,0.709803936702,0.741176476869);
ENDSEC;
END-ISO-10303-21;
